id,id_client,id_product,qtd,total,sale_date,usd_price_vigente,taxa_brl,custo_brl,lucro,margem_pct,ano,mes,ano_mes
12,27,48,13,191573.0,2024-07-29,2940.57,5.6479,215904.59,-24331.59,-12.7,2024,7,2024-07
18,25,27,3,47057.3,2024-11-28,3051.23,5.9871,54804.06,-7746.76,-16.46,2024,11,2024-11
38,38,87,9,601739.0,2024-04-30,13597.7,5.1718,632921.26,-31182.26,-5.18,2024,4,2024-04
67,18,85,3,109949.2,2024-02-04,7885.27,4.9471,117027.66,-7078.46,-6.44,2024,2,2024-02
70,4,98,13,980110.25,2023-08-13,15262.93,4.8918,970621.61,9488.64,0.97,2023,8,2023-08
93,37,113,11,45927.75,2023-01-11,815.5,5.202,46664.54,-736.79,-1.6,2023,1,2023-01
161,19,126,8,21416.0,2024-09-09,467.05,5.6097,20960.08,455.92,2.13,2024,9,2024-09
186,14,7,10,185428.6,2023-06-23,3678.62,4.7799,175834.36,9594.24,5.17,2023,6,2023-06
190,24,138,8,31790.8,2023-12-18,836.88,4.9399,33072.83,-1282.03,-4.03,2023,12,2023-12
218,38,84,8,330021.45,2024-01-16,8951.16,4.9038,351157.59,-21136.14,-6.4,2024,1,2024-01
225,41,106,14,58318.6,2023-09-03,918.37,4.9318,63409.04,-5090.44,-8.73,2023,9,2023-09
257,15,124,1,3581.5,2023-04-30,725.63,5.0007,3628.66,-47.16,-1.32,2023,4,2023-04
261,11,130,4,16576.0,2024-07-24,752.23,5.6346,16954.06,-378.06,-2.28,2024,7,2024-07
263,3,107,2,2875.65,2024-11-29,311.59,6.0535,3772.42,-896.77,-31.18,2024,11,2024-11
273,2,143,15,66546.0,2024-01-21,896.83,4.9223,66216.99,329.01,0.49,2024,1,2024-01
275,40,67,6,514734.0,2024-02-25,16720.73,4.9851,500127.07,14606.93,2.84,2024,2,2024-02
280,23,62,9,873998.1,2024-03-22,20000.78,4.9897,898181.03,-24182.93,-2.77,2024,3,2024-03
295,47,102,12,9984.0,2023-09-07,199.93,4.9762,11938.7,-1954.7,-19.58,2023,9,2023-09
300,19,62,1,102222.0,2024-08-05,20000.78,5.7646,115296.5,-13074.5,-12.79,2024,8,2024-08
317,15,73,12,1717919.0,2024-10-06,26171.36,5.4686,1717448.39,470.61,0.03,2024,10,2024-10
340,24,130,4,16576.0,2023-03-18,749.89,5.2679,15801.38,774.62,4.67,2023,3,2023-03
343,47,64,14,1483024.1,2023-11-07,21352.22,4.867,1454897.57,28126.53,1.9,2023,11,2023-11
412,31,115,4,3155.9,2023-09-06,160.69,4.9762,3198.5,-42.6,-1.35,2023,9,2023-09
434,46,98,13,980110.25,2024-09-29,15850.04,5.4431,1121553.59,-141443.34,-14.43,2024,9,2024-09
439,13,1,2,66245.0,2024-01-02,6574.8,4.8916,64322.58,1922.42,2.9,2024,1,2024-01
443,15,91,5,674430.0,2023-02-18,26303.31,5.2012,684043.88,-9613.88,-1.43,2023,2,2023-02
452,28,134,2,8963.25,2024-09-26,948.15,5.4412,10318.15,-1354.9,-15.12,2024,9,2024-09
471,33,36,12,271217.0,2023-03-25,4221.25,5.2921,268071.33,3145.67,1.16,2023,3,2023-03
475,2,107,15,22701.0,2023-10-06,295.48,5.1918,23011.1,-310.1,-1.37,2023,10,2023-10
496,31,98,10,793611.0,2023-09-29,15850.04,5.0076,793706.6,-95.6,-0.01,2023,9,2023-09
536,19,86,8,748185.0,2023-01-17,17824.79,5.1203,730146.18,18038.82,2.41,2023,1,2023-01
581,12,7,10,195188.0,2023-06-14,3678.62,4.8462,178273.28,16914.72,8.67,2023,6,2023-06
585,30,6,14,157208.85,2024-02-14,2104.66,4.9723,146510.01,10698.84,6.81,2024,2,2024-02
600,36,73,13,1768025.05,2024-06-01,28694.54,5.2416,1955268.91,-187243.86,-10.59,2024,6,2024-06
603,19,97,10,1353351.0,2024-12-23,25607.88,6.1612,1577752.7,-224401.7,-16.58,2024,12,2024-12
611,45,13,9,66237.8,2023-04-18,1356.5,4.9678,60649.39,5588.41,8.44,2023,4,2023-04
612,32,11,10,344203.05,2024-01-14,7246.24,4.8543,351754.23,-7551.18,-2.19,2024,1,2024-01
613,14,21,14,122284.0,2024-07-22,1689.08,5.5598,131473.26,-9189.26,-7.51,2024,7,2024-07
615,29,37,5,28822.05,2024-06-30,1211.89,5.5589,33683.88,-4861.83,-16.87,2024,6,2024-06
619,26,30,3,96744.0,2023-09-13,6558.44,4.9171,96745.52,-1.52,0.0,2023,9,2023-09
633,21,117,5,19489.25,2023-03-23,823.4,5.2632,21668.59,-2179.34,-11.18,2023,3,2023-03
640,14,61,6,159706.4,2023-10-01,5396.92,5.0076,162153.7,-2447.3,-1.53,2023,10,2023-10
641,37,134,6,26890.7,2024-08-08,948.15,5.6172,31955.69,-5064.99,-18.84,2024,8,2024-08
644,5,40,8,107798.4,2023-11-19,2970.73,4.8849,116093.75,-8295.35,-7.7,2023,11,2023-11
660,2,91,12,1618632.0,2023-10-29,27671.77,4.948,1643039.02,-24407.02,-1.51,2023,10,2023-10
662,6,38,12,301657.3,2024-05-06,5439.42,5.0727,331110.55,-29453.25,-9.76,2024,5,2024-05
668,22,64,2,223011.0,2024-01-25,21352.22,4.9232,210242.5,12768.5,5.73,2024,1,2024-01
673,4,95,13,862129.75,2023-11-26,12945.63,4.8927,823408.09,38721.66,4.49,2023,11,2023-11
692,33,18,3,79717.0,2023-06-21,4834.43,4.7795,69318.47,10398.53,13.04,2023,6,2023-06
734,22,86,7,654662.0,2023-04-21,17824.79,5.0497,630068.89,24593.11,3.76,2023,4,2023-04
739,38,65,4,97119.45,2024-08-22,4996.52,5.5524,110970.71,-13851.26,-14.26,2024,8,2024-08
773,36,76,10,1407882.9,2024-04-04,27945.06,5.0237,1403875.98,4006.92,0.28,2024,4,2024-04
774,45,33,3,19139.65,2023-03-31,1268.8,5.0804,19338.03,-198.38,-1.04,2023,3,2023-03
782,6,113,13,57134.0,2023-02-03,815.5,5.103,54099.45,3034.55,5.31,2023,2,2023-02
783,22,80,4,491050.25,2023-10-11,24177.04,5.0496,488337.52,2712.73,0.55,2023,10,2023-10
802,34,112,4,8724.0,2024-02-25,435.58,4.9851,8685.64,38.36,0.44,2024,2,2024-02
820,32,20,3,87875.0,2023-01-10,5689.04,5.2395,89423.18,-1548.18,-1.76,2023,1,2023-01
826,3,128,15,69761.0,2023-05-15,853.09,4.9103,62833.92,6927.08,9.93,2023,5,2023-05
835,45,26,2,34566.0,2024-05-06,3412.88,5.0727,34625.03,-59.03,-0.17,2024,5,2024-05
840,12,143,2,8873.0,2023-02-26,845.69,5.1791,8759.83,113.17,1.28,2023,2,2023-02
849,21,93,15,1507155.0,2023-11-23,19409.47,4.8931,1424587.16,82567.84,5.48,2023,11,2023-11
857,8,47,3,17450.55,2024-09-18,1116.66,5.4767,18346.84,-896.29,-5.14,2024,9,2024-09
881,36,106,10,41656.55,2023-11-03,918.37,4.891,44917.48,-3260.93,-7.83,2023,11,2023-11
912,18,72,9,852132.9,2024-10-08,30675.48,5.5197,1523875.02,-671742.12,-78.83,2024,10,2024-10
946,19,102,9,7113.6,2023-04-26,199.93,5.0585,9102.11,-1988.51,-27.95,2023,4,2023-04
947,48,24,15,331058.85,2023-03-16,4129.65,5.2892,327638.17,3420.68,1.03,2023,3,2023-03
961,12,79,13,816913.55,2023-08-18,11724.63,4.9724,757894.15,59019.4,7.22,2023,8,2023-08
973,25,19,13,213621.0,2024-10-15,3358.13,5.6378,246122.05,-32501.05,-15.21,2024,10,2024-10
980,3,37,13,74936.0,2024-01-18,1211.89,4.9403,77832.3,-2896.3,-3.87,2024,1,2024-01
999,1,56,7,300921.0,2024-10-06,8087.59,5.4686,309594.56,-8673.56,-2.88,2024,10,2024-10
1021,35,29,6,219062.0,2023-04-10,7689.63,5.0834,234536.79,-15474.79,-7.06,2023,4,2023-04
1030,18,13,10,73597.45,2024-04-26,1356.5,5.1184,69431.1,4166.35,5.66,2024,4,2024-04
1044,49,46,1,4984.0,2024-10-30,1000.64,5.7801,5783.8,-799.8,-16.05,2024,10,2024-10
1088,30,34,3,14753.0,2024-02-12,1022.84,4.9717,15255.76,-502.76,-3.41,2024,2,2024-02
1092,44,17,4,53347.25,2023-08-25,2833.14,4.8772,55271.16,-1923.91,-3.61,2023,8,2023-08
1108,1,147,5,15150.0,2023-01-09,592.19,5.2967,15683.26,-533.26,-3.52,2023,1,2023-01
1160,37,146,15,7068.0,2023-06-06,99.02,4.9292,7321.34,-253.34,-3.58,2023,6,2023-06
1195,26,8,12,56819.5,2024-02-18,1006.07,4.9761,60075.66,-3256.16,-5.73,2024,2,2024-02
1229,20,74,11,904536.8,2023-10-26,17160.36,5.0055,944858.0,-40321.2,-4.46,2023,10,2023-10
1238,42,149,4,4654.0,2023-01-02,217.62,5.3436,4651.5,2.5,0.05,2023,1,2023-01
1250,24,96,9,603808.6,2023-08-11,14776.4,4.8918,650548.74,-46740.14,-7.74,2023,8,2023-08
1256,21,136,2,3749.65,2023-11-24,390.62,4.8927,3822.37,-72.72,-1.94,2023,11,2023-11
1279,28,135,5,8223.0,2024-12-22,328.1,6.078,9970.96,-1747.96,-21.26,2024,12,2024-12
1283,8,6,4,47281.0,2024-01-18,2104.66,4.9403,41590.61,5690.39,12.04,2024,1,2024-01
1314,7,7,14,273263.0,2024-02-14,3678.62,4.9723,256076.83,17186.17,6.29,2024,2,2024-02
1325,48,45,10,99037.0,2023-02-04,1900.9,5.103,97002.93,2034.07,2.05,2023,2,2023-02
1327,48,91,13,1753518.0,2023-10-28,27671.77,4.948,1779958.93,-26440.93,-1.51,2023,10,2023-10
1342,6,136,12,23682.0,2023-09-11,533.84,4.9366,31624.25,-7942.25,-33.54,2023,9,2023-09
1345,15,98,6,476167.0,2024-11-21,15850.04,5.8173,553226.63,-77059.63,-16.18,2024,11,2024-11
1379,8,28,12,162547.85,2024-11-09,2776.74,5.7648,192088.21,-29540.36,-18.17,2024,11,2024-11
1384,21,57,11,1306696.0,2023-01-04,22497.79,5.4459,1347727.86,-41031.86,-3.14,2023,1,2023-01
1385,5,26,11,180609.25,2024-08-06,3378.85,5.6528,210099.6,-29490.35,-16.33,2024,8,2024-08
1397,24,89,4,298976.4,2024-04-20,14832.32,5.2269,310108.21,-11131.81,-3.72,2024,4,2024-04
1405,24,53,5,254956.25,2024-12-20,9496.3,6.078,288592.56,-33636.31,-13.19,2024,12,2024-12
1447,10,84,11,453779.85,2024-03-09,8951.16,4.9751,489862.08,-36082.23,-7.95,2024,3,2024-03
1454,20,56,7,285874.95,2023-04-10,8087.59,5.0834,287787.19,-1912.24,-0.67,2023,4,2023-04
1479,21,104,2,7054.7,2024-03-20,742.54,5.012,7443.22,-388.52,-5.51,2024,3,2024-03
1489,30,26,6,103699.0,2024-08-28,3378.85,5.5315,112140.65,-8441.65,-8.14,2024,8,2024-08
1518,16,144,6,13285.0,2024-04-12,444.87,5.1364,13710.18,-425.18,-3.2,2024,4,2024-04
1521,49,7,7,136631.0,2023-06-22,3678.62,4.775,122957.87,13673.13,10.01,2023,6,2023-06
1557,41,57,8,950325.0,2023-08-19,22497.79,4.9724,894944.09,55380.91,5.83,2023,8,2023-08
1580,33,134,2,8963.25,2023-10-16,948.15,5.0618,9598.69,-635.44,-7.09,2023,10,2023-10
1591,36,106,7,29159.3,2023-01-09,837.06,5.2967,31035.59,-1876.29,-6.43,2023,1,2023-01
1609,7,108,8,25425.8,2024-10-11,688.83,5.6263,31004.51,-5578.71,-21.94,2024,10,2024-10
1620,35,135,3,4687.3,2024-11-15,328.1,5.7885,5697.62,-1010.32,-21.55,2024,11,2024-11
1633,12,92,4,337645.2,2024-10-14,16239.74,5.6045,364062.49,-26417.29,-7.82,2024,10,2024-10
1655,34,63,9,1196638.05,2024-08-04,27618.14,5.7366,1425908.0,-229269.95,-19.16,2024,8,2024-08
1663,10,48,12,176836.0,2023-10-26,3020.3,5.0055,181417.34,-4581.34,-2.59,2023,10,2023-10
1672,41,8,3,14204.4,2024-06-04,947.05,5.2687,14969.17,-764.77,-5.38,2024,6,2024-06
1736,26,7,6,111257.35,2023-01-22,3678.62,5.1986,114742.04,-3484.69,-3.13,2023,1,2023-01
1752,27,97,5,676675.0,2023-05-21,25607.88,4.9858,638378.84,38296.16,5.66,2023,5,2023-05
1768,37,28,11,149001.8,2024-03-09,2921.84,4.9751,159900.91,-10899.11,-7.31,2024,3,2024-03
1772,2,47,13,79598.0,2023-11-03,1496.29,4.891,95138.61,-15540.61,-19.52,2023,11,2023-11
1809,3,78,1,115673.9,2023-10-21,25349.04,5.0528,128083.63,-12409.73,-10.73,2023,10,2023-10
1813,5,124,12,45239.0,2023-06-04,725.63,4.9558,43152.93,2086.07,4.61,2023,6,2023-06
1829,15,21,1,8298.25,2023-09-29,1674.22,5.0076,8383.82,-85.57,-1.03,2023,9,2023-09
1830,46,51,4,256636.0,2023-03-14,12243.38,5.2362,256435.15,200.85,0.08,2023,3,2023-03
1839,10,114,13,9871.45,2023-01-08,144.69,5.2855,9941.87,-70.42,-0.71,2023,1,2023-01
1841,31,118,1,4315.0,2024-12-13,787.87,6.04,4758.73,-443.73,-10.28,2024,12,2024-12
1864,32,129,11,34131.6,2024-02-09,661.98,4.9717,36202.83,-2071.23,-6.07,2024,2,2024-02
1894,19,30,7,214448.25,2024-01-16,6558.44,4.9038,225128.95,-10680.7,-4.98,2024,1,2024-01
1911,34,77,11,467163.45,2024-04-15,8959.75,5.1746,509994.35,-42830.9,-9.17,2024,4,2024-04
1918,25,22,12,473434.0,2024-09-25,7630.67,5.4736,501206.82,-27772.82,-5.87,2024,9,2024-09
1926,44,11,11,378623.45,2024-12-30,7246.24,6.1923,493579.81,-114956.36,-30.36,2024,12,2024-12
1943,6,101,14,6488.0,2024-05-05,96.64,5.0668,6855.18,-367.18,-5.66,2024,5,2024-05
1996,40,115,8,6645.0,2023-03-13,160.69,5.24,6736.12,-91.12,-1.37,2023,3,2023-03
2004,49,79,13,859909.0,2024-05-18,13344.4,5.1157,887457.31,-27548.31,-3.2,2024,5,2024-05
2030,13,82,2,98104.6,2023-05-27,9770.29,5.0114,97925.66,178.94,0.18,2023,5,2023-05
2066,38,26,3,49257.5,2023-12-07,3412.88,4.8949,50117.12,-859.62,-1.75,2023,12,2023-12
2101,43,7,1,18543.05,2023-08-13,3678.62,4.8918,17995.07,547.98,2.96,2023,8,2023-08
2106,31,96,5,335448.8,2024-03-20,14776.4,5.012,370296.58,-34847.78,-10.39,2024,3,2024-03
2115,34,28,5,71293.0,2023-06-11,2723.39,4.8922,66616.84,4676.16,6.56,2023,6,2023-06
2116,48,4,12,38553.85,2024-11-26,679.13,5.799,47259.3,-8705.45,-22.58,2024,11,2024-11
2122,34,126,1,2543.15,2023-05-16,467.05,4.9122,2294.24,248.91,9.79,2023,5,2023-05
2142,44,31,15,118034.65,2024-03-11,1686.13,4.9777,125895.74,-7861.09,-6.66,2024,3,2024-03
2146,31,31,15,118034.65,2023-04-24,2418.07,5.0595,183513.38,-65478.73,-55.47,2023,4,2023-04
2153,22,136,4,7499.3,2023-10-06,533.84,5.1918,11086.36,-3587.06,-47.83,2023,10,2023-10
2163,44,101,2,880.65,2023-07-29,96.64,4.7253,913.31,-32.66,-3.71,2023,7,2023-07
2185,36,62,4,388443.6,2023-10-23,20000.78,5.0164,401327.65,-12884.05,-3.32,2023,10,2023-10
2191,37,126,1,2543.15,2023-12-26,467.05,4.8368,2259.03,284.12,11.17,2023,12,2023-12
2224,44,30,9,290231.0,2023-05-24,5636.75,4.9474,250985.31,39245.69,13.52,2023,5,2023-05
2228,10,127,3,4415.6,2023-01-13,293.17,5.1146,4498.34,-82.74,-1.87,2023,1,2023-01
2234,28,94,4,163003.0,2024-03-16,8022.13,4.9937,160240.44,2762.56,1.69,2024,3,2024-03
2246,7,109,15,8873.0,2024-01-28,169.23,4.9125,12470.14,-3597.14,-40.54,2024,1,2024-01
2260,46,46,2,9469.6,2024-04-06,1000.64,5.052,10110.47,-640.87,-6.77,2024,4,2024-04
2337,20,81,1,122148.0,2023-10-24,23345.09,5.0065,116877.19,5270.81,4.32,2023,10,2023-10
2349,13,42,1,5993.0,2023-06-14,1263.57,4.8462,6123.51,-130.51,-2.18,2023,6,2023-06
2356,47,34,3,14015.35,2023-06-25,960.12,4.7799,13767.83,247.52,1.77,2023,6,2023-06
2366,27,108,6,20073.0,2024-07-19,688.83,5.5543,22955.81,-2882.81,-14.36,2024,7,2024-07
2383,26,102,9,7488.0,2023-07-23,199.93,4.7732,8588.75,-1100.75,-14.7,2023,7,2023-07
2418,18,102,9,7113.6,2024-03-18,199.93,5.0124,9019.16,-1905.56,-26.79,2024,3,2024-03
2429,39,33,6,40295.0,2023-11-23,1268.8,4.8931,37250.19,3044.81,7.56,2023,11,2023-11
2447,15,129,3,9309.05,2024-11-24,661.98,5.8124,11543.08,-2234.03,-24.0,2024,11,2024-11
2455,35,111,13,52922.6,2024-08-12,860.37,5.4911,61416.91,-8494.31,-16.05,2024,8,2024-08
2477,35,18,4,106290.0,2023-07-10,4834.43,4.8735,94242.38,12047.62,11.33,2023,7,2023-07
2494,24,74,13,1068997.95,2024-10-09,17160.36,5.5737,1243407.08,-174409.13,-16.32,2024,10,2024-10
2498,17,47,4,23267.4,2023-03-19,1496.29,5.2679,31529.22,-8261.82,-35.51,2023,3,2023-03
2501,45,131,5,4577.1,2024-04-06,196.2,5.052,4956.01,-378.91,-8.28,2024,4,2024-04
2507,21,142,7,5495.75,2023-08-21,160.09,4.9847,5586.0,-90.25,-1.64,2023,8,2023-08
2508,18,73,6,816012.0,2024-11-22,25649.93,5.8124,894525.92,-78513.92,-9.62,2024,11,2024-11
2536,49,24,13,302018.0,2023-07-06,4129.65,4.8977,262935.23,39082.77,12.94,2023,7,2023-07
2544,40,67,13,1059495.1,2024-02-29,16720.73,4.9833,1083217.38,-23722.28,-2.24,2024,2,2024-02
2564,29,42,5,28465.8,2024-09-23,1263.57,5.5446,35029.95,-6564.15,-23.06,2024,9,2024-09
2589,7,88,4,183678.7,2023-04-07,9351.41,5.0683,189583.01,-5904.31,-3.21,2023,4,2023-04
2625,34,35,4,44022.0,2024-06-11,2106.85,5.3524,45106.82,-1084.82,-2.46,2024,6,2024-06
2626,45,50,10,112760.0,2023-03-05,2179.61,5.2037,113420.37,-660.37,-0.59,2023,3,2023-03
2695,35,107,11,16647.0,2024-12-26,311.59,6.1656,21132.53,-4485.53,-26.94,2024,12,2024-12
2716,32,8,13,64794.0,2023-11-17,1006.07,4.8849,63889.17,904.83,1.4,2023,11,2023-11
2719,24,128,8,35345.7,2023-11-22,853.09,4.8968,33419.29,1926.41,5.45,2023,11,2023-11
2723,5,108,15,50183.0,2024-10-28,688.83,5.6988,58882.57,-8699.57,-17.34,2024,10,2024-10
2728,10,89,13,1022815.0,2024-10-17,14122.53,5.6758,1042036.53,-19221.53,-1.88,2024,10,2024-10
2737,22,82,10,516340.0,2024-10-01,9770.29,5.4521,532685.98,-16345.98,-3.17,2024,10,2024-10
2774,30,49,7,88207.5,2024-05-18,2627.0,5.1157,94072.61,-5865.11,-6.65,2024,5,2024-05
2778,42,114,10,7993.0,2024-10-30,152.46,5.7801,8812.34,-819.34,-10.25,2024,10,2024-10
2793,11,32,13,154405.4,2023-11-04,2560.62,4.891,162811.9,-8406.5,-5.44,2023,11,2023-11
2796,6,11,13,471015.0,2024-08-31,7246.24,5.6562,532820.37,-61805.37,-13.12,2024,8,2024-08
2837,10,148,4,19142.0,2024-02-26,979.78,4.9819,19524.66,-382.66,-2.0,2024,2,2024-02
2840,45,3,8,72194.0,2023-05-01,1753.77,5.0007,70160.62,2033.38,2.82,2023,5,2023-05
2846,16,26,4,65676.35,2024-10-03,3378.85,5.485,74131.97,-8455.62,-12.87,2024,10,2024-10
2849,29,17,11,154427.0,2023-02-04,2706.74,5.103,151937.44,2489.56,1.61,2023,2,2023-02
2859,24,8,9,42614.15,2023-08-16,1006.07,4.9772,45066.7,-2452.55,-5.76,2023,8,2023-08
2868,42,64,6,669033.0,2024-11-06,21352.22,5.7648,738547.67,-69514.67,-10.39,2024,11,2024-11
2873,28,49,10,132642.0,2024-11-08,2352.61,5.7648,135623.26,-2981.26,-2.25,2024,11,2024-11
2886,21,147,6,18180.0,2024-08-01,592.19,5.6681,20139.55,-1959.55,-10.78,2024,8,2024-08
2908,41,148,12,54555.65,2023-01-17,901.95,5.1203,55419.06,-863.41,-1.58,2023,1,2023-01
2922,41,94,13,503272.95,2023-03-04,7181.14,5.2037,485790.48,17482.47,3.47,2023,3,2023-03
2936,32,130,10,41441.0,2024-11-11,752.23,5.798,43614.3,-2173.3,-5.24,2024,11,2024-11
2938,38,60,14,1522515.0,2024-03-01,22370.78,4.9596,1553301.69,-30786.69,-2.02,2024,3,2024-03
2939,29,83,1,128063.8,2024-11-01,35839.7,5.8073,208131.89,-80068.09,-62.52,2024,11,2024-11
2945,4,56,13,558854.0,2024-10-12,8087.59,5.6263,591541.7,-32687.7,-5.85,2024,10,2024-10
2946,23,3,9,77157.1,2024-12-03,1753.77,6.0707,95819.5,-18662.4,-24.19,2024,12,2024-12
2952,26,75,14,458757.0,2023-02-08,6193.58,5.2036,451204.78,7552.22,1.65,2023,2,2023-02
2955,20,130,2,8288.0,2024-11-13,752.23,5.7713,8682.69,-394.69,-4.76,2024,11,2024-11
2956,42,133,8,14384.9,2023-09-18,348.47,4.8535,13530.39,854.51,5.94,2023,9,2023-09
2968,13,81,1,116040.6,2023-03-28,23345.09,5.1733,120771.15,-4730.55,-4.08,2023,3,2023-03
2990,12,4,3,10146.0,2023-08-23,654.31,4.8977,9613.84,532.16,5.25,2023,8,2023-08
2995,44,16,3,90018.0,2024-05-11,6212.42,5.1464,95914.79,-5896.79,-6.55,2024,5,2024-05
3001,15,149,15,17454.0,2024-11-28,225.94,5.9871,20290.88,-2836.88,-16.25,2024,11,2024-11
3021,46,39,12,355594.0,2024-02-18,5270.87,4.9761,314740.51,40853.49,11.49,2024,2,2024-02
3027,5,53,6,305947.5,2024-09-24,9496.3,5.4702,311679.96,-5732.46,-1.87,2024,9,2024-09
3054,45,65,13,332250.0,2024-07-02,4996.52,5.6677,368144.09,-35894.09,-10.8,2024,7,2024-07
3073,44,116,13,31807.9,2023-05-08,502.24,4.9696,32447.11,-639.21,-2.01,2023,5,2023-05
3075,13,148,11,52641.0,2023-03-28,919.03,5.1733,52298.6,342.4,0.65,2023,3,2023-03
3082,37,37,8,48542.0,2024-11-18,1211.89,5.7603,55846.8,-7304.8,-15.05,2024,11,2024-11
3096,29,62,3,291332.7,2023-05-13,20000.78,4.9234,295415.52,-4082.82,-1.4,2023,5,2023-05
3097,39,82,11,539575.3,2023-11-11,9770.29,4.9219,528972.29,10603.01,1.97,2023,11,2023-11
3119,8,6,2,23640.0,2023-07-26,2104.66,4.7368,19938.71,3701.29,15.66,2023,7,2023-07
3121,26,132,3,4689.0,2024-03-01,314.46,4.9596,4678.79,10.21,0.22,2024,3,2024-03
3122,45,123,4,11108.0,2023-11-13,535.37,4.9247,10546.15,561.85,5.06,2023,11,2023-11
3139,41,18,5,126218.9,2023-04-09,4834.43,5.0683,122511.71,3707.19,2.94,2023,4,2023-04
3149,49,68,5,334486.0,2024-06-07,13317.89,5.2802,351605.61,-17119.61,-5.12,2024,6,2024-06
3151,9,58,10,1033833.7,2023-10-28,20157.55,4.948,997395.57,36438.13,3.52,2023,10,2023-10
3165,6,47,6,34901.1,2023-12-29,1496.29,4.8413,43463.93,-8562.83,-24.53,2023,12,2023-12
3175,6,22,15,591793.0,2023-05-05,7630.67,4.9696,568820.66,22972.34,3.88,2023,5,2023-05
3196,35,20,3,92500.0,2023-03-20,5689.04,5.2467,89546.06,2953.94,3.19,2023,3,2023-03
3233,35,134,11,51894.0,2024-03-11,948.15,4.9777,51915.67,-21.67,-0.04,2024,3,2024-03
3246,30,120,14,41555.85,2024-02-22,635.45,4.9419,43964.62,-2408.77,-5.8,2024,2,2024-02
3259,32,68,14,889731.05,2023-02-05,11988.94,5.103,856513.85,33217.2,3.73,2023,2,2023-02
3261,4,124,15,56549.0,2024-01-20,725.63,4.9223,53576.53,2972.47,5.26,2024,1,2024-01
3303,47,22,2,78906.0,2024-03-22,7630.67,4.9897,76149.51,2756.49,3.49,2024,3,2024-03
3328,43,69,2,90530.0,2023-06-26,9219.51,4.7698,87950.44,2579.56,2.85,2023,6,2023-06
3331,5,133,14,26498.0,2024-09-12,381.67,5.6554,30218.95,-3720.95,-14.04,2024,9,2024-09
3332,2,47,15,87251.8,2023-10-08,1496.29,5.1918,116526.58,-29274.78,-33.55,2023,10,2023-10
3397,27,8,2,9469.6,2024-06-03,947.05,5.2373,9919.97,-450.37,-4.76,2024,6,2024-06
3404,28,127,10,14719.3,2024-10-07,296.24,5.4626,16182.41,-1463.11,-9.94,2024,10,2024-10
3414,40,138,8,33464.0,2023-07-22,836.88,4.7732,31956.76,1507.24,4.5,2023,7,2023-07
3437,33,137,3,10156.0,2023-11-28,619.79,4.8867,9086.18,1069.82,10.53,2023,11,2023-11
3439,16,150,11,17196.9,2023-10-15,326.88,5.0625,18203.13,-1006.23,-5.85,2023,10,2023-10
3454,31,40,15,212761.0,2024-12-14,2867.26,6.04,259773.76,-47012.76,-22.1,2024,12,2024-12
3482,14,63,4,559831.0,2024-08-01,27618.14,5.6681,626169.52,-66338.52,-11.85,2024,8,2024-08
3484,27,101,13,6024.0,2023-01-29,87.95,5.0767,5804.44,219.56,3.64,2023,1,2023-01
3501,25,59,7,579654.85,2023-05-20,16694.98,4.9858,582664.82,-3009.97,-0.52,2023,5,2023-05
3516,11,5,9,202369.95,2024-02-08,4752.24,4.9804,213012.5,-10642.55,-5.26,2024,2,2024-02
3517,10,18,8,212580.0,2024-10-10,5265.1,5.5819,235114.09,-22534.09,-10.6,2024,10,2024-10
3533,38,42,12,68318.3,2024-08-03,1263.57,5.7366,86983.15,-18664.85,-27.32,2024,8,2024-08
3540,9,111,11,47138.0,2024-04-09,860.37,5.008,47396.06,-258.06,-0.55,2024,4,2024-04
3572,2,112,11,23990.0,2024-08-21,406.44,5.4707,24458.62,-468.62,-1.95,2024,8,2024-08
3582,32,61,6,159706.4,2023-04-25,5396.92,5.0613,163892.59,-4186.19,-2.62,2023,4,2023-04
3625,18,141,6,28691.0,2024-10-05,972.86,5.4686,31921.09,-3230.09,-11.26,2024,10,2024-10
3632,36,98,3,238083.0,2023-07-31,15262.93,4.7415,217107.55,20975.45,8.81,2023,7,2023-07
3671,7,20,1,29291.35,2024-06-27,5689.04,5.5229,31420.0,-2128.65,-7.27,2024,6,2024-06
3683,12,48,11,162100.0,2023-07-28,2836.04,4.7253,147412.54,14687.46,9.06,2023,7,2023-07
3695,38,6,1,11820.0,2024-09-17,2172.43,5.501,11950.54,-130.54,-1.1,2024,9,2024-09
3707,25,119,6,19535.0,2024-10-07,669.88,5.4626,21955.72,-2420.72,-12.39,2024,10,2024-10
3716,16,84,4,173696.0,2024-07-22,8456.45,5.5598,188064.68,-14368.68,-8.27,2024,7,2024-07
3737,23,91,1,128141.7,2024-03-14,27671.77,4.9768,137716.86,-9575.16,-7.47,2024,3,2024-03
3741,43,88,15,725047.0,2024-12-01,9896.1,6.0535,898590.62,-173543.62,-23.94,2024,12,2024-12
3773,8,48,15,209992.75,2023-04-21,2836.04,5.0497,214817.27,-4824.52,-2.3,2023,4,2023-04
3808,4,34,7,32701.85,2024-03-12,1022.84,4.9813,35665.51,-2963.66,-9.06,2024,3,2024-03
3829,2,142,12,9917.0,2023-11-02,169.88,5.0194,10232.35,-315.35,-3.18,2023,11,2023-11
3842,31,17,5,70194.0,2023-03-16,2706.74,5.2892,71582.45,-1388.45,-1.98,2023,3,2023-03
3884,19,7,1,19519.0,2024-03-12,3678.62,4.9813,18324.31,1194.69,6.12,2024,3,2024-03
3892,17,29,15,547655.0,2024-04-07,7689.63,5.052,582720.16,-35065.16,-6.4,2024,4,2024-04
3918,8,20,3,87875.0,2024-12-17,5689.04,6.1685,105278.53,-17403.53,-19.8,2024,12,2024-12
3962,23,107,6,8626.0,2024-10-27,311.59,5.6969,10650.58,-2024.58,-23.47,2024,10,2024-10
3997,19,3,1,8572.8,2024-03-24,1753.77,4.9897,8750.79,-177.99,-2.08,2024,3,2024-03
4011,6,89,1,74744.1,2024-11-06,14122.53,5.7648,81413.56,-6669.46,-8.92,2024,11,2024-11
4016,47,40,7,99288.0,2023-08-30,2970.73,4.8653,101174.45,-1886.45,-1.9,2023,8,2023-08
4027,24,28,9,121910.65,2024-12-31,2776.74,6.1923,154749.66,-32839.01,-26.94,2024,12,2024-12
4034,5,86,8,710775.75,2023-01-02,17824.79,5.3436,761988.38,-51212.63,-7.21,2023,1,2023-01
4059,49,30,1,32248.0,2023-06-21,5636.75,4.7795,26940.85,5307.15,16.46,2023,6,2023-06
4061,19,48,5,69997.9,2023-01-26,2836.04,5.0951,72249.54,-2251.64,-3.22,2023,1,2023-01
4073,28,33,2,13432.0,2024-10-02,1325.97,5.4305,14401.36,-969.36,-7.22,2024,10,2024-10
4089,16,88,10,459196.75,2024-12-02,9896.1,6.0634,600040.13,-140843.38,-30.67,2024,12,2024-12
4099,9,98,5,396806.0,2023-02-18,15262.93,5.2012,396927.76,-121.76,-0.03,2023,2,2023-02
4119,3,103,10,17892.0,2023-08-22,341.7,4.9431,16890.57,1001.43,5.6,2023,8,2023-08
4126,36,85,1,36650.05,2023-10-24,7499.89,5.0065,37548.2,-898.15,-2.45,2023,10,2023-10
4138,19,108,15,50183.0,2023-06-12,653.47,4.8832,47865.37,2317.63,4.62,2023,6,2023-06
4140,23,75,3,98305.0,2024-11-29,5924.6,6.0535,107593.7,-9288.7,-9.45,2024,11,2024-11
4162,11,92,6,533125.0,2024-10-18,16239.74,5.6672,552203.13,-19078.13,-3.58,2024,10,2024-10
4163,22,110,14,33190.15,2023-05-09,476.03,5.0007,33326.77,-136.62,-0.41,2023,5,2023-05
4184,44,125,5,16159.5,2023-04-08,646.27,5.0683,16377.45,-217.95,-1.35,2023,4,2023-04
4194,38,72,11,1041495.45,2023-02-13,30675.48,5.1834,1749036.11,-707540.66,-67.94,2023,2,2023-02
4198,4,90,5,395487.0,2023-06-12,14083.78,4.8832,343869.57,51617.43,13.05,2023,6,2023-06
4259,2,150,9,14811.0,2024-02-07,332.26,4.9608,14834.48,-23.48,-0.16,2024,2,2024-02
4262,18,31,15,118034.65,2023-03-11,2418.07,5.1822,187963.84,-69929.19,-59.24,2023,3,2023-03
4279,41,129,15,46543.35,2024-06-20,661.98,5.4254,53872.59,-7329.24,-15.75,2024,6,2024-06
4310,28,9,12,476466.0,2023-06-19,7933.96,4.7803,455120.51,21345.49,4.48,2023,6,2023-06
4314,25,119,11,35814.0,2023-04-20,625.1,5.0497,34722.24,1091.76,3.05,2023,4,2023-04
4317,34,96,8,564967.0,2024-11-29,14776.4,6.0535,715591.5,-150624.5,-26.66,2024,11,2024-11
4318,18,52,5,65094.0,2024-12-24,2426.66,6.1541,74669.54,-9575.54,-14.71,2024,12,2024-12
4344,45,109,2,1245.0,2023-11-21,169.23,4.8806,1651.89,-406.89,-32.68,2023,11,2023-11
4348,8,1,2,62932.75,2023-09-14,6360.91,4.8751,62020.14,912.61,1.45,2023,9,2023-09
4366,5,14,13,465544.0,2023-11-25,6767.66,4.8927,430457.69,35086.31,7.54,2023,11,2023-11
4376,38,72,3,284044.3,2024-07-15,30675.48,5.4563,502123.86,-218079.56,-76.78,2024,7,2024-07
4382,26,127,8,12395.0,2024-12-22,296.24,6.078,14404.37,-2009.37,-16.21,2024,12,2024-12
4386,32,88,6,275518.05,2024-12-17,9896.1,6.1685,366264.56,-90746.51,-32.94,2024,12,2024-12
4400,10,103,10,16997.4,2024-11-14,326.91,5.7885,18923.19,-1925.79,-11.33,2024,11,2024-11
4451,45,41,14,148400.0,2024-07-14,2005.71,5.4529,153117.1,-4717.1,-3.18,2024,7,2024-07
4487,13,16,9,270054.0,2024-12-10,5491.48,6.0529,299154.41,-29100.41,-10.78,2024,12,2024-12
4510,6,142,8,6611.0,2023-09-09,169.88,4.9835,6772.78,-161.78,-2.45,2023,9,2023-09
4512,24,60,5,516567.25,2024-02-02,22370.78,4.9471,553352.43,-36785.18,-7.12,2024,2,2024-02
4519,15,67,11,943680.0,2024-12-19,16720.73,6.1841,1137429.33,-193749.33,-20.53,2024,12,2024-12
4520,17,102,15,11856.0,2023-12-08,199.93,4.9158,14742.24,-2886.24,-24.34,2023,12,2023-12
4524,7,1,2,62932.75,2024-06-07,6633.66,5.2802,70054.1,-7121.35,-11.32,2024,6,2024-06
4564,41,81,11,1343633.0,2023-03-08,23345.09,5.1387,1319597.55,24035.45,1.79,2023,3,2023-03
4599,24,147,9,25907.45,2023-06-17,592.19,4.8286,25735.04,172.41,0.67,2023,6,2023-06
4623,13,52,13,178153.0,2023-09-04,2634.69,4.9176,168432.57,9720.43,5.46,2023,9,2023-09
4639,6,33,2,13432.0,2024-08-20,1325.97,5.4547,14465.54,-1033.54,-7.69,2024,8,2024-08
4662,25,20,12,351500.95,2023-07-27,5689.04,4.7202,322240.88,29260.07,8.32,2023,7,2023-07
4685,29,149,9,9949.35,2023-10-22,225.94,5.0528,10274.67,-325.32,-3.27,2023,10,2023-10
4719,9,100,4,418401.0,2024-08-11,19807.28,5.5115,436671.29,-18270.29,-4.37,2024,8,2024-08
4725,42,61,2,56037.0,2023-03-04,5396.92,5.2037,56167.91,-130.91,-0.23,2023,3,2023-03
4727,25,3,7,60010.55,2023-11-10,1753.77,4.9219,60423.16,-412.61,-0.69,2023,11,2023-11
4752,24,52,5,68520.0,2023-12-09,2634.69,4.9158,64758.05,3761.95,5.49,2023,12,2023-12
4763,10,144,9,19927.0,2024-01-22,422.52,4.949,18819.46,1107.54,5.56,2024,1,2024-01
4776,26,119,2,6186.4,2024-02-22,669.88,4.9419,6620.96,-434.56,-7.02,2024,2,2024-02
4785,2,49,11,145907.0,2024-01-11,2627.0,4.8794,141000.02,4906.98,3.36,2024,1,2024-01
4795,26,116,3,7727.0,2024-03-06,502.24,4.9398,7442.9,284.1,3.68,2024,3,2024-03
4801,28,64,9,1003550.0,2024-02-21,21352.22,4.9303,947455.65,56094.35,5.59,2024,2,2024-02
4807,3,108,9,30110.0,2024-08-08,688.83,5.6172,34823.66,-4713.66,-15.65,2024,8,2024-08
4861,38,105,2,588.05,2023-12-05,62.64,4.9522,620.41,-32.36,-5.5,2023,12,2023-12
4885,3,87,13,869179.0,2024-06-24,13597.7,5.4,954558.54,-85379.54,-9.82,2024,6,2024-06
4895,23,98,13,1031695.0,2023-03-08,15262.93,5.1387,1019611.04,12083.96,1.17,2023,3,2023-03
4995,47,108,15,47673.85,2023-10-07,653.47,5.1918,50890.28,-3216.43,-6.75,2023,10,2023-10
5032,48,88,9,435028.0,2024-09-04,9896.1,5.6359,501960.87,-66932.87,-15.39,2024,9,2024-09
5036,36,119,2,6186.4,2023-04-12,625.1,4.9496,6187.99,-1.59,-0.03,2023,4,2023-04
5087,20,21,12,104815.0,2024-08-21,1584.96,5.4707,104050.09,764.91,0.73,2024,8,2024-08
5089,30,82,2,98104.6,2023-02-28,9770.29,5.2078,101763.43,-3658.83,-3.73,2023,2,2023-02
5099,15,129,8,24823.5,2023-09-01,598.62,4.9318,23618.19,1205.31,4.86,2023,9,2023-09
5115,18,140,12,37615.0,2023-06-13,586.81,4.8533,34175.58,3439.42,9.14,2023,6,2023-06
5156,7,80,8,1033791.0,2024-05-22,24177.04,5.1502,996132.73,37658.27,3.64,2024,5,2024-05
5175,36,113,2,8350.5,2024-12-02,777.57,6.0634,9429.44,-1078.94,-12.92,2024,12,2024-12
5180,42,113,4,17580.0,2023-07-25,815.5,4.7496,15493.2,2086.8,11.87,2023,7,2023-07
5184,2,56,7,300921.0,2024-02-10,8087.59,4.9717,281463.5,19457.5,6.47,2024,2,2024-02
5194,9,127,15,23240.0,2024-01-09,296.24,4.8937,21745.65,1494.35,6.43,2024,1,2024-01
5207,4,20,1,30833.0,2024-06-14,5689.04,5.363,30510.32,322.68,1.05,2024,6,2024-06
5222,23,93,8,763625.2,2024-03-23,19409.47,4.9897,774779.46,-11154.26,-1.46,2024,3,2024-03
5232,34,17,3,42116.0,2023-08-29,2833.14,4.8706,41397.28,718.72,1.71,2023,8,2023-08
5237,41,45,5,47043.05,2024-07-04,1881.33,5.4839,51585.13,-4542.08,-9.66,2024,7,2024-07
5251,12,2,5,66491.45,2023-05-18,2577.22,4.9647,63975.62,2515.83,3.78,2023,5,2023-05
5266,26,66,3,35829.25,2024-02-11,2360.29,4.9717,35203.96,625.29,1.75,2024,2,2024-02
5300,33,55,4,439949.0,2024-03-18,22138.68,5.0124,443871.68,-3922.68,-0.89,2024,3,2024-03
5303,6,106,2,8770.0,2023-09-17,918.37,4.8689,8942.9,-172.9,-1.97,2023,9,2023-09
5315,23,135,6,9373.65,2023-08-04,328.1,4.8609,9569.17,-195.52,-2.09,2023,8,2023-08
5316,29,96,3,201269.85,2024-04-16,14776.4,5.2635,233326.74,-32056.89,-15.93,2024,4,2024-04
5318,34,5,1,23669.0,2024-01-31,4752.24,4.9535,23540.22,128.78,0.54,2024,1,2024-01
5322,36,58,11,1197070.0,2023-05-21,20157.55,4.9858,1105516.64,91553.36,7.65,2023,5,2023-05
5331,17,79,14,926056.0,2023-09-16,11724.63,4.8689,799204.71,126851.29,13.7,2023,9,2023-09
5337,19,12,15,40893.0,2023-07-21,527.97,4.7732,37801.6,3091.4,7.56,2023,7,2023-07
5394,17,103,3,5099.6,2024-07-19,325.52,5.5543,5424.11,-324.51,-6.36,2024,7,2024-07
5399,37,138,13,51661.0,2023-11-05,836.88,4.891,53211.34,-1550.34,-3.0,2023,11,2023-11
5407,42,10,7,224231.0,2023-12-28,6547.91,4.8413,221902.78,2328.22,1.04,2023,12,2023-12
5443,21,116,2,5151.0,2024-12-11,502.24,6.032,6059.02,-908.02,-17.63,2024,12,2024-12
5456,31,69,8,344014.0,2023-03-17,8542.02,5.2679,359988.06,-15974.06,-4.64,2023,3,2023-03
5483,18,67,9,733495.95,2024-02-20,16720.73,4.9408,743524.05,-10028.1,-1.37,2024,2,2024-02
5502,3,13,14,103036.05,2024-05-01,1356.5,5.1718,98217.65,4818.4,4.68,2024,5,2024-05
5504,23,140,9,26800.45,2023-05-05,586.81,4.9696,26245.9,554.55,2.07,2023,5,2023-05
5514,45,33,5,31900.05,2023-04-04,1268.8,5.0762,32203.41,-303.36,-0.95,2023,4,2023-04
5526,33,28,3,42776.0,2023-12-22,2921.84,4.8619,42617.08,158.92,0.37,2023,12,2023-12
5540,45,11,12,434783.0,2023-02-25,6733.8,5.1791,418500.28,16282.72,3.75,2023,2,2023-02
5552,32,148,13,59101.4,2023-06-20,919.03,4.793,57263.84,1837.56,3.11,2023,6,2023-06
5554,5,49,15,198964.0,2023-09-06,2627.0,4.9762,196087.16,2876.84,1.45,2023,9,2023-09
5590,31,48,10,139995.8,2024-08-04,2940.57,5.7366,168688.74,-28692.94,-20.5,2024,8,2024-08
5612,38,68,11,735868.0,2024-11-17,13317.89,5.7885,847996.67,-112128.67,-15.24,2024,11,2024-11
5619,6,74,6,519351.0,2024-06-09,17160.36,5.2802,543660.8,-24309.8,-4.68,2024,6,2024-06
5633,44,73,6,858960.0,2024-01-20,27541.35,4.9223,813400.72,45559.28,5.3,2024,1,2024-01
5677,14,2,15,199473.4,2023-06-06,2829.74,4.9292,209225.32,-9751.92,-4.89,2023,6,2023-06
5723,18,63,6,839746.0,2023-03-22,27618.14,5.2648,872423.9,-32677.9,-3.89,2023,3,2023-03
5737,29,126,2,5086.3,2024-11-05,467.05,5.7846,5403.39,-317.09,-6.23,2024,11,2024-11
5767,15,145,10,43499.0,2024-04-24,875.03,5.1592,45144.55,-1645.55,-3.78,2024,4,2024-04
5807,7,53,10,536750.0,2023-08-19,11332.93,4.9724,563518.61,-26768.61,-4.99,2023,8,2023-08
5828,15,146,12,5654.4,2024-05-01,99.02,5.1718,6145.34,-490.94,-8.68,2024,5,2024-05
5876,7,40,2,28368.0,2024-01-15,2970.73,4.8765,28973.53,-605.53,-2.13,2024,1,2024-01
5887,31,68,7,444866.0,2024-08-24,13317.89,5.5263,515190.59,-70324.59,-15.81,2024,8,2024-08
5895,18,132,5,7815.0,2023-08-02,276.61,4.8083,6650.12,1164.88,14.91,2023,8,2023-08
5902,43,116,2,4893.45,2023-05-19,502.24,4.9858,5008.14,-114.69,-2.34,2023,5,2023-05
5903,36,67,12,1029469.0,2023-12-13,16720.73,4.958,994816.55,34652.45,3.37,2023,12,2023-12
5908,43,140,13,38712.5,2023-11-22,586.81,4.8968,37355.39,1357.11,3.51,2023,11,2023-11
5941,35,48,6,83997.1,2024-03-04,3020.3,4.9475,89657.61,-5660.51,-6.74,2024,3,2024-03
5947,40,56,12,515865.0,2023-02-03,8087.59,5.103,495251.66,20613.34,4.0,2023,2,2023-02
5951,7,50,14,149970.8,2024-08-15,2378.45,5.4651,181978.54,-32007.74,-21.34,2024,8,2024-08
5957,2,129,4,13065.0,2024-06-22,661.98,5.4416,14408.92,-1343.92,-10.29,2024,6,2024-06
5992,42,36,3,67804.0,2023-04-11,4221.25,5.0128,63480.85,4323.15,6.38,2023,4,2023-04
6006,45,4,6,19276.45,2024-02-10,692.14,4.9717,20646.67,-1370.22,-7.11,2024,2,2024-02
6009,36,89,9,708102.0,2024-05-05,14832.32,5.0668,676371.59,31730.41,4.48,2024,5,2024-05
6029,34,104,10,37130.0,2024-03-31,742.54,4.9962,37098.78,31.22,0.08,2024,3,2024-03
6049,15,43,10,333420.55,2024-10-27,6219.32,5.6969,354308.44,-20887.89,-6.26,2024,10,2024-10
6099,10,59,5,435831.0,2024-03-15,17522.59,4.9937,437512.79,-1681.79,-0.39,2024,3,2024-03
6101,9,49,10,126009.9,2024-01-05,2627.0,4.8899,128457.67,-2447.77,-1.94,2024,1,2024-01
6108,34,13,14,103036.05,2024-05-31,1356.5,5.2416,99543.23,3492.82,3.39,2024,5,2024-05
6118,23,97,5,676675.0,2024-10-06,25607.88,5.4686,700196.26,-23521.26,-3.48,2024,10,2024-10
6122,26,22,5,187400.8,2023-10-15,7630.67,5.0625,193151.33,-5750.53,-3.07,2023,10,2023-10
6126,43,54,9,1039122.35,2023-08-24,23191.9,4.8748,1017502.87,21619.48,2.08,2023,8,2023-08
6147,23,72,6,568088.6,2023-09-21,30675.48,4.9229,906073.92,-337985.32,-59.5,2023,9,2023-09
6171,23,150,1,1646.0,2023-05-06,321.31,4.9696,1596.78,49.22,2.99,2023,5,2023-05
6183,10,69,9,407385.0,2024-10-04,8620.92,5.4686,424299.27,-16914.27,-4.15,2024,10,2024-10
6203,43,130,2,7873.6,2023-06-11,749.89,4.8922,7337.22,536.38,6.81,2023,6,2023-06
6208,34,21,1,8735.0,2024-04-19,1674.22,5.2269,8750.98,-15.98,-0.18,2024,4,2024-04
6255,14,144,10,22141.0,2024-04-03,444.87,5.0724,22565.59,-424.59,-1.92,2024,4,2024-04
6267,31,113,12,52740.0,2023-02-02,815.5,4.9901,48833.12,3906.88,7.41,2023,2,2023-02
6287,5,89,6,448464.6,2023-05-27,14832.32,5.0114,445984.13,2480.47,0.55,2023,5,2023-05
6298,35,65,5,127788.0,2024-08-07,4996.52,5.6093,140134.9,-12346.9,-9.66,2024,8,2024-08
6355,6,132,9,13363.65,2024-07-18,314.46,5.5426,15686.33,-2322.68,-17.38,2024,7,2024-07
6357,13,122,3,3768.65,2023-07-22,270.21,4.7732,3869.3,-100.65,-2.67,2023,7,2023-07
6383,25,94,10,407508.0,2023-08-25,8022.13,4.8772,391255.32,16252.68,3.99,2023,8,2023-08
6398,37,15,11,291552.15,2024-03-23,5267.98,4.9897,289142.04,2410.11,0.83,2024,3,2024-03
6404,19,22,9,337322.2,2024-10-11,7630.67,5.6263,386391.95,-49069.75,-14.55,2024,10,2024-10
6408,6,86,14,1309324.0,2023-09-17,17824.79,4.8689,1215019.68,94304.32,7.2,2023,9,2023-09
6430,40,86,14,1243857.8,2024-10-16,17824.79,5.6749,1416154.61,-172296.81,-13.85,2024,10,2024-10
6436,37,107,6,9080.0,2023-10-03,295.48,5.11,9059.42,20.58,0.23,2023,10,2023-10
6471,46,91,12,1618632.0,2023-09-06,26303.31,4.9762,1570686.37,47945.63,2.96,2023,9,2023-09
6514,1,41,12,127200.0,2024-04-05,2005.71,5.052,121594.16,5605.84,4.41,2024,4,2024-04
6530,7,70,11,377910.0,2024-08-30,6083.51,5.6562,378505.04,-595.04,-0.16,2024,8,2024-08
6540,24,134,4,18870.0,2023-10-17,948.15,5.0384,19108.64,-238.64,-1.26,2023,10,2023-10
6578,48,116,6,14680.35,2024-03-01,502.24,4.9596,14945.46,-265.11,-1.81,2024,3,2024-03
6585,14,31,13,107680.0,2024-09-17,1482.91,5.501,106047.34,1632.66,1.52,2024,9,2024-09
6608,23,33,7,47010.0,2024-07-30,1325.97,5.6532,52471.82,-5461.82,-11.62,2024,7,2024-07
6612,37,62,10,1022220.0,2023-06-18,20000.78,4.8286,965757.66,56462.34,5.52,2023,6,2023-06
6618,22,8,9,42614.15,2024-08-31,947.05,5.6562,48210.34,-5596.19,-13.13,2024,8,2024-08
6620,2,55,13,1429834.0,2023-09-04,23326.09,4.9176,1491208.94,-61374.94,-4.29,2023,9,2023-09
6628,30,18,4,100975.5,2023-03-09,4834.43,5.1353,99304.99,1670.51,1.65,2023,3,2023-03
6637,37,72,3,298994.0,2024-11-09,30675.48,5.7648,530514.02,-231520.02,-77.43,2024,11,2024-11
6644,17,101,1,463.0,2023-12-28,96.64,4.8413,467.86,-4.86,-1.05,2023,12,2023-12
6681,17,135,11,18090.0,2023-10-21,328.1,5.0528,18236.06,-146.06,-0.81,2023,10,2023-10
6686,38,34,4,19670.0,2023-11-18,1022.84,4.8849,19985.88,-315.88,-1.61,2023,11,2023-11
6687,13,74,13,1068997.95,2023-08-15,17160.36,4.9812,1111229.41,-42231.46,-3.95,2023,8,2023-08
6695,38,2,4,53193.35,2024-09-08,2829.74,5.5702,63048.87,-9855.52,-18.53,2024,9,2024-09
6718,23,95,3,209424.0,2023-07-01,12945.63,4.8192,187162.74,22261.26,10.63,2023,7,2023-07
6740,46,147,4,11514.0,2023-01-08,592.19,5.2855,12520.08,-1006.08,-8.74,2023,1,2023-01
6750,2,116,7,17127.55,2024-06-09,502.24,5.2802,18563.49,-1435.94,-8.38,2024,6,2024-06
6759,27,31,8,66265.0,2024-03-08,1686.13,4.9751,67109.32,-844.32,-1.27,2024,3,2024-03
6778,17,48,6,83997.1,2024-10-12,2605.99,5.6263,87972.49,-3975.39,-4.73,2024,10,2024-10
6810,3,34,13,63928.0,2023-12-08,1022.84,4.9158,65365.0,-1437.0,-2.25,2023,12,2023-12
6816,42,100,4,418401.0,2023-08-15,19807.28,4.9812,394656.09,23744.91,5.68,2023,8,2023-08
6834,42,100,12,1255203.0,2024-06-19,19807.28,5.4647,1298890.12,-43687.12,-3.48,2024,6,2024-06
6848,12,23,10,106196.7,2023-01-30,2108.74,5.0959,107459.28,-1262.58,-1.19,2023,1,2023-01
6860,11,49,2,25201.6,2023-10-09,2627.0,5.1666,27145.32,-1943.72,-7.71,2023,10,2023-10
6892,48,26,2,32837.7,2024-08-12,3378.85,5.4911,37107.21,-4269.51,-13.0,2024,8,2024-08
6893,43,55,7,769910.0,2023-03-09,23326.09,5.1353,838505.29,-68595.29,-8.91,2023,3,2023-03
6912,11,92,8,710833.0,2024-02-05,16745.97,5.0053,670548.83,40284.17,5.67,2024,2,2024-02
6924,31,1,3,99368.0,2023-05-26,6360.91,5.0114,95631.19,3736.81,3.76,2023,5,2023-05
6932,44,149,2,2327.0,2023-08-31,225.94,4.9219,2224.11,102.89,4.42,2023,8,2023-08
6947,19,1,7,220265.1,2023-01-12,6538.2,5.14,235244.44,-14979.34,-6.8,2023,1,2023-01
6957,9,5,11,247341.05,2024-10-25,4327.37,5.6969,271178.54,-23837.49,-9.64,2024,10,2024-10
6963,17,85,8,293198.5,2024-12-08,7885.27,6.0293,380341.27,-87142.77,-29.72,2024,12,2024-12
6965,3,11,15,543479.0,2023-08-04,7246.24,4.8609,528348.72,15130.28,2.78,2023,8,2023-08
6968,44,118,1,4099.25,2023-03-31,797.41,5.0804,4051.16,48.09,1.17,2023,3,2023-03
6983,37,66,5,62858.0,2023-09-02,2360.29,4.9318,58202.39,4655.61,7.41,2023,9,2023-09
7005,2,71,4,494661.2,2024-01-21,27484.92,4.9223,541156.09,-46494.89,-9.4,2024,1,2024-01
7009,39,46,12,59805.0,2023-11-23,1000.64,4.8931,58754.78,1050.22,1.76,2023,11,2023-11
7020,37,98,5,396806.0,2023-04-12,15262.93,4.9496,377726.99,19079.01,4.81,2023,4,2023-04
7045,10,130,7,27558.55,2024-03-31,826.87,4.9962,28918.46,-1359.91,-4.93,2024,3,2024-03
7093,6,72,14,1395305.0,2023-10-02,30675.48,5.0679,2176443.71,-781138.71,-55.98,2023,10,2023-10
7107,45,24,15,331058.85,2023-09-12,4129.65,4.9505,306657.48,24401.37,7.37,2023,9,2023-09
7146,41,63,5,699788.0,2024-02-07,27618.14,4.9608,685040.34,14747.66,2.11,2024,2,2024-02
7169,33,48,7,103154.0,2024-02-19,3020.3,4.9585,104833.1,-1679.1,-1.63,2024,2,2024-02
7172,48,68,14,936559.0,2024-11-04,13317.89,5.7898,1079510.87,-142951.87,-15.26,2024,11,2024-11
7174,11,15,8,212038.1,2024-01-15,5267.98,4.8765,205514.44,6523.66,3.08,2024,1,2024-01
7184,32,64,1,111506.0,2024-02-02,21352.22,4.9471,105631.57,5874.43,5.27,2024,2,2024-02
7185,48,125,11,37423.0,2024-08-17,646.27,5.4632,38837.72,-1414.72,-3.78,2024,8,2024-08
7212,3,118,13,56096.0,2023-05-31,797.41,5.0959,52825.78,3270.22,5.83,2023,5,2023-05
7238,1,144,10,22141.0,2024-09-09,444.87,5.6097,24955.87,-2814.87,-12.71,2024,9,2024-09
7240,33,124,6,21489.0,2023-10-24,725.63,5.0065,21797.2,-308.2,-1.43,2023,10,2023-10
7253,46,64,14,1561078.0,2024-11-16,21352.22,5.7885,1730362.56,-169284.56,-10.84,2024,11,2024-11
7288,47,43,7,245678.0,2024-09-25,6219.32,5.4736,238294.49,7383.51,3.01,2024,9,2024-09
7295,47,66,12,143317.0,2023-05-20,2360.29,4.9858,141215.21,2101.79,1.47,2023,5,2023-05
7302,30,75,13,404689.55,2024-05-02,6193.58,5.1184,412115.86,-7426.31,-1.84,2024,5,2024-05
7340,8,30,10,306355.05,2024-06-06,6558.44,5.2681,345505.18,-39150.13,-12.78,2024,6,2024-06
7346,34,124,11,41469.0,2024-10-13,665.23,5.6263,41170.62,298.38,0.72,2024,10,2024-10
7352,40,88,7,338355.0,2023-05-08,9351.41,4.9696,325309.37,13045.63,3.86,2023,5,2023-05
7371,32,96,5,353104.0,2023-06-30,14776.4,4.8192,356052.13,-2948.13,-0.83,2023,6,2023-06
7400,48,66,6,75430.0,2024-02-08,2360.29,4.9804,70531.13,4898.87,6.49,2024,2,2024-02
7421,44,143,12,53237.0,2024-07-24,896.83,5.6346,60639.34,-7402.34,-13.9,2024,7,2024-07
7447,14,134,3,13445.35,2024-06-01,948.15,5.2416,14909.47,-1464.12,-10.89,2024,6,2024-06
7448,48,103,15,26838.0,2023-04-19,341.7,5.0467,25866.86,971.14,3.62,2023,4,2023-04
7457,1,146,9,4240.8,2023-04-27,99.02,5.015,4469.27,-228.47,-5.39,2023,4,2023-04
7469,32,117,3,11693.55,2023-03-05,823.4,5.2037,12854.18,-1160.63,-9.93,2023,3,2023-03
7474,16,82,13,671243.0,2024-11-21,9770.29,5.8173,738877.2,-67634.2,-10.08,2024,11,2024-11
7509,41,14,5,170102.25,2024-10-02,6832.87,5.4305,185529.5,-15427.25,-9.07,2024,10,2024-10
7511,2,134,14,62744.65,2024-09-22,948.15,5.4775,72708.88,-9964.23,-15.88,2024,9,2024-09
7528,15,120,6,18747.0,2024-04-04,635.45,5.0237,19153.86,-406.86,-2.17,2024,4,2024-04
7575,20,67,3,257367.0,2024-06-10,16720.73,5.3666,269200.41,-11833.41,-4.6,2024,6,2024-06
7597,37,132,12,18756.0,2024-02-04,276.61,4.9471,16421.01,2334.99,12.45,2024,2,2024-02
7672,33,89,9,672696.9,2023-05-09,14832.32,5.0007,667547.84,5149.06,0.77,2023,5,2023-05
7694,46,78,4,487046.0,2024-08-15,24425.59,5.4651,533953.17,-46907.17,-9.63,2024,8,2024-08
7695,26,55,6,659923.0,2023-12-03,23326.09,4.9191,688460.22,-28537.22,-4.32,2023,12,2023-12
7705,9,94,2,77426.9,2024-10-02,8022.13,5.4305,87128.35,-9701.45,-12.53,2024,10,2024-10
7752,41,29,1,36510.0,2023-08-03,7689.63,4.8797,37523.09,-1013.09,-2.77,2023,8,2023-08
7759,10,145,1,4132.5,2023-05-24,820.56,4.9474,4059.64,72.86,1.76,2023,5,2023-05
7779,29,80,1,129224.0,2023-03-10,24177.04,5.1822,125290.26,3933.74,3.04,2023,3,2023-03
7786,16,87,9,601739.0,2024-03-30,13597.7,4.9962,611431.46,-9692.46,-1.61,2024,3,2024-03
7808,13,90,10,790973.0,2023-05-06,14083.78,4.9696,699907.53,91065.47,11.51,2023,5,2023-05
7812,27,91,5,640708.5,2024-11-20,27671.77,5.7743,798925.51,-158217.01,-24.69,2024,11,2024-11
7829,43,20,5,154167.0,2023-05-25,5689.04,4.999,142197.55,11969.45,7.76,2023,5,2023-05
7841,23,76,10,1407882.9,2023-06-06,27945.06,4.9292,1377467.9,30415.0,2.16,2023,6,2023-06
7857,44,78,14,1704662.0,2023-08-02,25349.04,4.8083,1706401.05,-1739.05,-0.1,2023,8,2023-08
7858,15,139,7,9974.0,2024-04-09,246.89,5.008,8654.98,1319.02,13.22,2024,4,2024-04
7861,5,76,13,1830248.15,2023-04-21,27945.06,5.0497,1834484.2,-4236.05,-0.23,2023,4,2023-04
7866,47,11,14,507247.0,2023-04-15,6839.44,4.9455,473542.31,33704.69,6.64,2023,4,2023-04
7867,38,17,10,140388.0,2023-05-13,2706.74,4.9234,133263.64,7124.36,5.07,2023,5,2023-05
7880,27,78,9,1095854.0,2024-03-08,25349.04,4.9751,1135026.08,-39172.08,-3.57,2024,3,2024-03
7928,23,40,12,170208.0,2024-01-07,2970.73,4.8899,174318.87,-4110.87,-2.42,2024,1,2024-01
7942,37,56,5,204196.8,2023-05-16,8087.59,4.9122,198639.3,5557.5,2.72,2023,5,2023-05
7945,32,76,13,1830248.15,2023-07-01,27945.06,4.8192,1750746.83,79501.32,4.34,2023,7,2023-07
7946,24,132,4,5939.4,2023-04-15,276.61,4.9455,5471.9,467.5,7.87,2023,4,2023-04
7963,43,82,13,671243.0,2023-02-18,9770.29,5.2012,660624.02,10618.98,1.58,2023,2,2023-02
7968,19,26,11,180609.25,2024-04-21,3412.88,5.2269,196226.61,-15617.36,-8.65,2024,4,2024-04
7974,12,110,14,34937.0,2024-06-05,476.03,5.2841,35215.46,-278.46,-0.8,2024,6,2024-06
7978,49,47,15,91844.0,2023-12-08,1496.29,4.9158,110331.94,-18487.94,-20.13,2023,12,2023-12
7982,41,32,11,137527.0,2023-09-05,2560.62,4.9705,140003.18,-2476.18,-1.8,2023,9,2023-09
7996,2,119,10,32558.0,2024-01-11,669.88,4.8794,32686.12,-128.12,-0.39,2024,1,2024-01
8016,19,78,10,1217616.0,2023-11-11,25349.04,4.9219,1247654.4,-30038.4,-2.47,2023,11,2023-11
8040,4,101,13,5722.8,2023-05-29,87.95,4.9954,5711.49,11.31,0.2,2023,5,2023-05
8042,23,9,8,301761.8,2023-07-06,7933.96,4.8977,310865.25,-9103.45,-3.02,2023,7,2023-07
8085,1,109,2,1245.0,2024-02-29,169.23,4.9833,1686.65,-441.65,-35.47,2024,2,2024-02
8095,27,122,14,17589.25,2023-12-12,271.3,4.9476,18791.97,-1202.72,-6.84,2023,12,2023-12
8100,11,90,8,601140.05,2023-07-16,14083.78,4.7957,540332.67,60807.38,10.12,2023,7,2023-07
8113,10,8,1,4734.8,2023-05-12,1006.07,4.9234,4953.29,-218.49,-4.61,2023,5,2023-05
8117,43,33,7,47010.0,2023-03-07,1268.8,5.1901,46096.39,913.61,1.94,2023,3,2023-03
8127,8,127,14,20606.45,2023-01-17,293.17,5.1203,21015.66,-409.21,-1.99,2023,1,2023-01
8143,4,62,8,776887.2,2023-11-07,20000.78,4.867,778750.37,-1863.17,-0.24,2023,11,2023-11
8144,13,111,13,52922.6,2024-08-21,860.37,5.4707,61188.74,-8266.14,-15.62,2024,8,2024-08
8165,18,4,13,43964.0,2024-07-12,679.13,5.4529,48141.96,-4177.96,-9.5,2024,7,2024-07
8256,12,11,7,240941.85,2023-09-08,7246.24,4.9835,252781.46,-11839.61,-4.91,2023,9,2023-09
8284,46,1,9,298103.0,2023-12-22,6574.8,4.8619,287694.18,10408.82,3.49,2023,12,2023-12
8321,46,48,3,44209.0,2023-10-01,3020.3,5.0076,45373.36,-1164.36,-2.63,2023,10,2023-10
8323,9,106,5,20827.8,2024-09-12,918.37,5.6554,25968.75,-5140.95,-24.68,2024,9,2024-09
8375,28,24,14,325251.0,2024-09-18,4113.86,5.4767,315425.28,9825.72,3.02,2024,9,2024-09
8378,21,36,15,339021.0,2023-01-03,4221.25,5.3759,340395.27,-1374.27,-0.41,2023,1,2023-01
8389,44,39,9,253360.25,2023-04-15,5270.87,4.9455,234603.79,18756.46,7.4,2023,4,2023-04
8393,15,111,4,16283.95,2023-08-21,821.82,4.9847,16386.1,-102.15,-0.63,2023,8,2023-08
8400,13,150,5,7816.6,2024-01-30,326.88,4.9638,8112.83,-296.23,-3.79,2024,1,2024-01
8406,17,113,12,52740.0,2023-11-21,815.5,4.8806,47761.55,4978.45,9.44,2023,11,2023-11
8493,22,37,13,74936.0,2023-05-30,1181.71,5.0593,77722.13,-2786.13,-3.72,2023,5,2023-05
8495,29,34,8,39340.0,2024-12-15,951.66,6.04,45984.21,-6644.21,-16.89,2024,12,2024-12
8497,4,125,7,22623.3,2023-04-14,646.27,4.9455,22372.9,250.4,1.11,2023,4,2023-04
8521,49,146,7,3472.0,2023-01-06,99.02,5.2855,3663.59,-191.59,-5.52,2023,1,2023-01
8555,25,148,7,33499.0,2023-07-21,919.03,4.7732,30707.0,2792.0,8.33,2023,7,2023-07
8570,43,126,11,27975.6,2024-08-12,467.05,5.4911,28210.8,-235.2,-0.84,2024,8,2024-08
8572,1,35,2,22011.0,2024-03-28,2106.85,4.9962,21052.49,958.51,4.35,2024,3,2024-03
8574,38,145,15,61985.6,2023-11-15,820.56,4.8682,59919.75,2065.85,3.33,2023,11,2023-11
8582,7,71,2,260348.0,2024-10-20,23100.17,5.6672,261826.57,-1478.57,-0.57,2024,10,2024-10
8592,19,118,8,34521.0,2023-09-06,797.41,4.9762,31744.57,2776.43,8.04,2023,9,2023-09
8638,17,19,1,16432.0,2024-11-20,3358.13,5.7743,19390.85,-2958.85,-18.01,2024,11,2024-11
8675,16,2,10,139982.0,2024-12-27,2829.74,6.1991,175418.41,-35436.41,-25.31,2024,12,2024-12
8676,38,144,7,15499.0,2024-11-06,402.54,5.7648,16243.94,-744.94,-4.81,2024,11,2024-11
8680,27,100,6,596220.95,2024-02-02,19807.28,4.9471,587931.57,8289.38,1.39,2024,2,2024-02
8688,17,76,4,563153.35,2024-05-13,28642.87,5.1412,589034.89,-25881.54,-4.6,2024,5,2024-05
8720,28,58,7,723683.4,2024-11-09,19694.26,5.7648,794734.29,-71050.89,-9.82,2024,11,2024-11
8748,28,124,10,35814.05,2023-02-16,719.16,5.2432,37707.0,-1892.95,-5.29,2023,2,2023-02
8763,40,33,6,40295.0,2024-05-16,1325.97,5.127,40789.49,-494.49,-1.23,2024,5,2024-05
8792,27,114,7,5315.25,2024-09-27,152.46,5.4431,5808.99,-493.74,-9.29,2024,9,2024-09
8796,49,71,5,650870.0,2024-06-22,27484.92,5.4416,747809.7,-96939.7,-14.89,2024,6,2024-06
8809,11,35,12,132066.0,2023-03-03,2106.85,5.2037,131560.98,505.02,0.38,2023,3,2023-03
8811,41,126,13,34802.0,2023-03-26,467.05,5.2921,32131.78,2670.22,7.67,2023,3,2023-03
8842,24,38,14,351933.2,2024-04-06,5439.42,5.052,384719.3,-32786.1,-9.32,2024,4,2024-04
8915,48,130,3,11810.4,2023-08-30,859.48,4.8653,12544.88,-734.48,-6.22,2023,8,2023-08
8919,41,73,5,715800.0,2024-04-06,28694.54,5.052,724824.08,-9024.08,-1.26,2024,4,2024-04
8968,22,132,3,4689.0,2023-10-23,276.61,5.0164,4162.76,526.24,11.22,2023,10,2023-10
8971,31,69,13,588445.0,2024-02-15,9219.51,4.971,595792.39,-7347.39,-1.25,2024,2,2024-02
8996,9,102,5,4160.0,2024-01-16,199.93,4.9038,4902.08,-742.08,-17.84,2024,1,2024-01
9000,47,76,15,2222973.0,2023-04-30,27945.06,5.0007,2096172.92,126800.08,5.7,2023,4,2023-04
9005,27,69,10,452650.0,2024-05-02,8620.92,5.1184,441253.17,11396.83,2.52,2024,5,2024-05
9035,12,38,3,75413.85,2024-10-02,4851.61,5.4305,79040.0,-3626.15,-4.81,2024,10,2024-10
9041,8,48,8,117891.0,2023-04-08,2836.04,5.0683,114991.21,2899.79,2.46,2023,4,2023-04
9043,8,91,1,128141.7,2023-11-27,27671.77,4.8951,135456.08,-7314.38,-5.71,2023,11,2023-11
9053,8,16,4,114022.8,2023-06-16,5615.94,4.8286,108468.51,5554.29,4.87,2023,6,2023-06
9056,29,2,1,13298.1,2024-05-04,2829.74,5.0668,14337.73,-1039.63,-7.82,2024,5,2024-05
9089,19,112,10,21810.0,2024-02-23,435.58,4.9851,21714.1,95.9,0.44,2024,2,2024-02
9103,33,28,2,28517.0,2023-08-01,2723.39,4.7752,26009.46,2507.54,8.79,2023,8,2023-08
9129,42,32,10,118773.75,2023-01-07,2585.66,5.2855,136665.06,-17891.31,-15.06,2023,1,2023-01
9139,17,118,8,34521.0,2023-11-19,880.76,4.8849,34419.4,101.6,0.29,2023,11,2023-11
9184,43,149,3,3316.45,2023-06-10,225.94,4.8922,3316.03,0.42,0.01,2023,6,2023-06
9186,36,50,2,22552.0,2024-04-09,2378.45,5.008,23822.56,-1270.56,-5.63,2024,4,2024-04
9211,2,40,1,13474.8,2023-07-29,2757.45,4.7253,13029.78,445.02,3.3,2023,7,2023-07
9221,29,80,2,258448.0,2023-01-08,24177.04,5.2855,255575.49,2872.51,1.11,2023,1,2023-01
9256,40,42,14,79705.0,2023-10-23,1263.57,5.0164,88740.02,-9035.02,-11.34,2023,10,2023-10
9303,26,96,6,423725.0,2024-03-05,14776.4,4.9488,438752.69,-15027.69,-3.55,2024,3,2024-03
9317,24,9,6,238233.0,2023-05-18,7933.96,4.9647,236338.39,1894.61,0.8,2023,5,2023-05
9328,48,40,5,67374.0,2024-07-21,2867.26,5.5543,79628.11,-12254.11,-18.19,2024,7,2024-07
9336,36,67,6,514734.0,2023-12-22,16720.73,4.8619,487767.1,26966.9,5.24,2023,12,2023-12
9340,49,56,4,163357.25,2023-08-13,8087.59,4.8918,158251.49,5105.76,3.13,2023,8,2023-08
9343,31,49,14,176415.0,2023-04-03,2627.0,5.0637,186232.76,-9817.76,-5.57,2023,4,2023-04
9350,26,142,15,11776.2,2024-07-15,169.88,5.4563,13903.74,-2127.54,-18.07,2024,7,2024-07
9357,3,74,6,493383.45,2024-10-18,17160.36,5.6672,583507.15,-90123.7,-18.27,2024,10,2024-10
9376,9,32,12,150030.0,2024-03-21,2562.61,4.9807,153163.1,-3133.1,-2.09,2024,3,2024-03
9390,35,102,8,6323.2,2023-05-10,199.93,4.9547,7924.75,-1601.55,-25.33,2023,5,2023-05
9396,48,3,4,36097.0,2023-11-16,1753.77,4.8575,34075.75,2021.25,5.6,2023,11,2023-11
9434,37,137,2,6432.45,2024-11-13,673.98,5.7713,7779.48,-1347.03,-20.94,2024,11,2024-11
9465,22,131,12,10984.85,2024-02-12,196.2,4.9717,11705.37,-720.52,-6.56,2024,2,2024-02
9484,36,23,3,31859.2,2024-05-17,2244.66,5.1157,34449.02,-2589.82,-8.13,2024,5,2024-05
9488,47,85,13,501523.0,2023-02-02,7499.89,4.9901,486527.61,14995.39,2.99,2023,2,2023-02
9523,30,139,3,4275.0,2024-08-18,246.89,5.4632,4046.43,228.57,5.35,2024,8,2024-08
9542,43,76,3,444595.0,2023-11-01,27945.06,5.0194,420802.3,23792.7,5.35,2023,11,2023-11
9544,6,33,14,89319.95,2023-07-19,1268.8,4.8,85263.36,4056.59,4.54,2023,7,2023-07
9550,37,108,4,13382.0,2024-01-05,688.83,4.8899,13473.24,-91.24,-0.68,2024,1,2024-01
9561,44,9,12,452642.7,2023-06-16,7933.96,4.8286,459719.03,-7076.33,-1.56,2023,6,2023-06
9563,16,137,5,16927.0,2024-07-30,673.98,5.6532,19050.72,-2123.72,-12.55,2024,7,2024-07
9578,49,12,5,12949.45,2023-09-05,527.97,4.9705,13121.37,-171.92,-1.33,2023,9,2023-09
9579,6,34,2,9343.25,2024-01-08,1022.84,4.885,9993.15,-649.9,-6.96,2024,1,2024-01
9599,2,59,14,1159309.7,2024-06-27,17522.59,5.5229,1354857.17,-195547.47,-16.87,2024,6,2024-06
9600,27,52,12,156226.55,2024-02-09,2634.69,4.9717,157186.66,-960.11,-0.61,2024,2,2024-02
9603,34,138,13,54380.0,2023-11-28,836.88,4.8867,53164.56,1215.44,2.24,2023,11,2023-11
9610,34,61,10,266176.7,2024-04-01,5396.92,5.0532,272717.16,-6540.46,-2.46,2024,4,2024-04
9643,22,65,14,357808.0,2023-01-02,5008.66,5.3436,374699.86,-16891.86,-4.72,2023,1,2023-01
9654,4,67,11,896496.0,2024-04-10,16720.73,5.0654,931669.04,-35173.04,-3.92,2024,4,2024-04
9706,29,76,3,444595.0,2023-07-24,27945.06,4.7457,397856.61,46738.39,10.51,2023,7,2023-07
9715,33,132,4,5939.4,2024-07-27,314.46,5.6465,7102.39,-1162.99,-19.58,2024,7,2024-07
9737,35,147,1,3030.0,2024-05-01,592.19,5.1718,3062.69,-32.69,-1.08,2024,5,2024-05
9739,17,26,8,131351.75,2024-07-26,3378.85,5.6465,152629.41,-21277.66,-16.2,2024,7,2024-07
9770,24,77,3,127408.3,2023-04-07,8959.75,5.0683,136232.1,-8823.8,-6.93,2023,4,2023-04
9776,37,94,5,203754.0,2024-11-14,8022.13,5.7885,232180.5,-28426.5,-13.95,2024,11,2024-11
9802,39,96,7,494346.0,2023-08-29,14776.4,4.8706,503789.54,-9443.54,-1.91,2023,8,2023-08
9805,42,46,12,59805.0,2024-10-23,1000.64,5.7149,68622.69,-8817.69,-14.74,2024,10,2024-10
9824,42,50,15,169140.0,2023-07-03,2179.61,4.7876,156526.51,12613.49,7.46,2023,7,2023-07
9866,18,133,15,28391.0,2023-09-30,348.47,5.0076,26174.98,2216.02,7.81,2023,9,2023-09
9868,35,74,10,865586.0,2023-03-24,22250.99,5.2921,1177544.64,-311958.64,-36.04,2023,3,2023-03
9878,1,127,7,10845.0,2024-06-11,296.24,5.3524,11099.16,-254.16,-2.34,2024,6,2024-06
9889,17,16,11,313562.7,2024-01-06,6212.42,4.8899,334159.24,-20596.54,-6.57,2024,1,2024-01
9903,32,148,6,27277.35,2024-07-04,885.1,5.4839,29122.8,-1845.45,-6.77,2024,7,2024-07
9924,45,74,1,86559.0,2024-01-10,17160.36,4.8901,83915.88,2643.12,3.05,2024,1,2024-01
9929,17,69,14,633710.0,2023-10-12,9219.51,5.0496,651767.73,-18057.73,-2.85,2023,10,2023-10
9962,29,109,4,2491.0,2023-10-31,169.23,5.0575,3423.52,-932.52,-37.44,2023,10,2023-10
9966,8,120,14,41555.85,2024-12-15,635.45,6.04,53733.65,-12177.8,-29.3,2024,12,2024-12
9986,40,64,11,1226561.0,2024-01-28,21352.22,4.9125,1153820.59,72740.41,5.93,2024,1,2024-01
9988,18,146,10,4960.0,2023-07-25,99.02,4.7496,4703.05,256.95,5.18,2023,7,2023-07
9991,14,64,12,1271163.65,2024-09-10,21352.22,5.6254,1441377.34,-170213.69,-13.39,2024,9,2024-09
16,39,45,2,18816.65,2024-10-07,1881.33,5.4626,20553.91,-1737.26,-9.23,2024,10,2024-10
64,24,106,13,57003.0,2023-10-17,918.37,5.0384,60152.5,-3149.5,-5.53,2023,10,2023-10
74,45,54,11,1270038.85,2024-09-25,23191.9,5.4736,1396375.02,-126336.17,-9.95,2024,9,2024-09
94,36,90,8,632779.0,2023-08-02,14083.78,4.8083,541752.31,91026.69,14.39,2023,8,2023-08
105,23,77,6,254816.6,2023-10-31,8959.75,5.0575,271883.61,-17067.01,-6.7,2023,10,2023-10
121,25,132,13,20319.0,2024-02-14,276.61,4.9723,17880.04,2438.96,12.0,2024,2,2024-02
138,45,86,4,355388.35,2023-06-11,17824.79,4.8922,348809.75,6578.6,1.85,2023,6,2023-06
141,29,127,5,7359.65,2024-06-15,296.24,5.363,7943.68,-584.03,-7.94,2024,6,2024-06
146,11,70,10,343554.0,2023-12-26,6655.06,4.8368,321891.94,21662.06,6.31,2023,12,2023-12
151,45,39,6,177797.0,2023-12-15,5270.87,4.9397,156219.1,21577.9,12.14,2023,12,2023-12
165,23,27,8,125487.4,2023-12-28,3051.23,4.8413,118175.36,7312.04,5.83,2023,12,2023-12
194,9,52,6,82225.0,2024-06-07,2634.69,5.2802,83470.14,-1245.14,-1.51,2024,6,2024-06
231,6,16,4,120024.0,2023-05-11,5615.94,4.9696,111635.9,8388.1,6.99,2023,5,2023-05
249,38,67,13,1115258.0,2024-12-07,16720.73,6.0293,1310585.87,-195327.87,-17.51,2024,12,2024-12
250,34,66,14,167202.85,2023-12-01,2360.29,4.9191,162547.04,4655.81,2.78,2023,12,2023-12
331,2,97,11,1488686.0,2023-11-22,25607.88,4.8968,1379363.33,109322.67,7.34,2023,11,2023-11
338,44,110,2,4741.45,2024-06-26,476.03,5.5097,5245.56,-504.11,-10.63,2024,6,2024-06
341,35,34,2,9343.25,2024-07-06,951.66,5.497,10462.55,-1119.3,-11.98,2024,7,2024-07
346,48,39,14,394117.0,2024-12-15,5270.87,6.04,445704.77,-51587.77,-13.09,2024,12,2024-12
357,42,27,15,235288.4,2023-07-31,3051.23,4.7415,217011.11,18277.29,7.77,2023,7,2023-07
370,47,27,9,148603.0,2024-02-23,3051.23,4.9851,136896.18,11706.82,7.88,2024,2,2024-02
375,43,16,1,30006.0,2024-07-26,5491.48,5.6465,31007.64,-1001.64,-3.34,2024,7,2024-07
377,15,59,15,1242117.4,2023-03-29,16694.98,5.1493,1289511.91,-47394.51,-3.82,2023,3,2023-03
396,9,67,13,1115258.0,2023-08-30,16720.73,4.8653,1057567.78,57690.22,5.17,2023,8,2023-08
414,18,75,12,393221.0,2023-05-13,6193.58,4.9234,365921.66,27299.34,6.94,2023,5,2023-05
428,28,43,4,140387.0,2024-12-05,6219.32,5.9849,148888.03,-8501.03,-6.06,2024,12,2024-12
432,30,27,1,15685.45,2023-04-20,3051.23,5.0497,15407.8,277.65,1.77,2023,4,2023-04
433,14,40,9,127656.0,2024-03-16,2867.26,4.9937,128864.13,-1208.13,-0.95,2024,3,2024-03
459,44,67,11,943680.0,2023-12-05,16720.73,4.9522,910848.39,32831.61,3.48,2023,12,2023-12
465,17,96,7,469628.7,2024-10-18,14776.4,5.6672,586185.7,-116557.0,-24.82,2024,10,2024-10
474,9,147,12,34542.95,2024-06-22,592.19,5.4416,38669.53,-4126.58,-11.95,2024,6,2024-06
492,9,141,4,18170.65,2023-10-14,962.15,5.0625,19483.54,-1312.89,-7.23,2023,10,2023-10
529,4,5,7,165683.0,2024-11-29,4327.37,6.0535,183370.14,-17687.14,-10.68,2024,11,2024-11
539,35,65,10,242798.15,2024-11-21,4996.52,5.8173,290662.56,-47864.41,-19.71,2024,11,2024-11
552,48,11,15,516305.05,2023-11-04,7246.24,4.891,531620.4,-15315.35,-2.97,2023,11,2023-11
568,8,12,1,2589.7,2023-08-28,527.97,4.8938,2583.78,5.92,0.23,2023,8,2023-08
579,42,53,14,713877.5,2023-08-07,11332.93,4.901,777597.66,-63720.16,-8.93,2023,8,2023-08
593,11,124,15,56549.0,2023-10-07,725.63,5.1918,56509.89,39.11,0.07,2023,10,2023-10
597,8,84,9,390815.0,2023-05-07,8663.64,4.9696,387493.43,3321.57,0.85,2023,5,2023-05
623,30,77,14,594571.75,2023-10-19,8959.75,5.054,633956.07,-39384.32,-6.62,2023,10,2023-10
636,30,137,8,27084.0,2024-06-30,673.98,5.5589,29972.7,-2888.7,-10.67,2024,6,2024-06
657,19,121,13,45624.7,2024-09-12,747.93,5.6554,54987.96,-9363.26,-20.52,2024,9,2024-09
666,14,15,5,132524.05,2023-01-01,5325.4,5.3436,142284.04,-9759.99,-7.36,2023,1,2023-01
698,3,124,10,37699.0,2023-03-22,725.63,5.2648,38202.97,-503.97,-1.34,2023,3,2023-03
704,16,16,7,199539.9,2024-04-27,6212.42,5.1184,222583.55,-23043.65,-11.55,2024,4,2024-04
725,33,130,1,4144.0,2023-03-06,749.89,5.197,3897.18,246.82,5.96,2023,3,2023-03
731,41,142,3,2355.05,2024-04-11,169.88,5.0765,2587.19,-232.14,-9.86,2024,4,2024-04
742,8,99,3,305710.0,2023-02-17,21330.89,5.2012,332838.68,-27128.68,-8.87,2023,2,2023-02
755,9,35,7,73187.05,2023-03-08,2106.85,5.1387,75785.29,-2598.24,-3.55,2023,3,2023-03
798,23,45,15,148556.0,2024-09-01,1881.33,5.6562,159617.68,-11061.68,-7.45,2024,9,2024-09
855,3,140,11,34480.0,2023-09-03,586.81,4.9318,31834.33,2645.67,7.67,2023,9,2023-09
860,20,131,11,10599.0,2023-09-05,196.2,4.9705,10727.33,-128.33,-1.21,2023,9,2023-09
861,45,39,7,197058.5,2024-12-04,5270.87,6.0581,223520.2,-26461.7,-13.43,2024,12,2024-12
873,25,18,7,186007.0,2023-04-12,4834.43,4.9496,167499.46,18507.54,9.95,2023,4,2023-04
876,35,150,1,1563.7,2024-11-17,288.9,5.7885,1672.3,-108.6,-6.94,2024,11,2024-11
894,36,124,8,30159.0,2024-10-14,665.23,5.6045,29826.25,332.75,1.1,2024,10,2024-10
905,41,132,11,17193.0,2024-05-21,314.46,5.1037,17654.0,-461.0,-2.68,2024,5,2024-05
913,48,52,2,27408.0,2024-11-02,2426.66,5.8073,28184.69,-776.69,-2.83,2024,11,2024-11
922,38,71,6,781044.0,2024-04-19,27484.92,5.2269,861965.57,-80921.57,-10.36,2024,4,2024-04
957,32,54,3,346373.8,2024-10-13,23191.9,5.6263,391453.76,-45079.96,-13.01,2024,10,2024-10
975,15,142,6,4958.0,2024-04-16,169.88,5.2635,5364.98,-406.98,-8.21,2024,4,2024-04
976,6,77,2,89409.0,2024-06-10,8959.75,5.3666,96166.79,-6757.79,-7.56,2024,6,2024-06
988,15,117,10,41030.0,2023-07-16,823.4,4.7957,39487.79,1542.21,3.76,2023,7,2023-07
994,5,103,11,19681.0,2024-08-29,325.52,5.6358,20180.22,-499.22,-2.54,2024,8,2024-08
1015,30,121,8,29554.0,2024-01-10,747.93,4.8901,29259.62,294.38,1.0,2024,1,2024-01
1022,6,124,13,46558.55,2023-04-11,725.63,5.0128,47286.69,-728.14,-1.56,2023,4,2023-04
1025,13,16,7,199539.9,2023-03-30,5615.94,5.1254,201487.57,-1947.67,-0.98,2023,3,2023-03
1060,29,134,14,66047.0,2023-10-29,948.15,4.948,65680.25,366.75,0.56,2023,10,2023-10
1084,43,116,9,23180.0,2024-12-20,502.24,6.078,27473.53,-4293.53,-18.52,2024,12,2024-12
1089,4,55,10,1099872.0,2024-06-09,22138.68,5.2802,1168966.58,-69094.58,-6.28,2024,6,2024-06
1094,1,13,11,80957.1,2024-06-15,1356.5,5.363,80024.0,933.1,1.15,2024,6,2024-06
1100,21,63,7,930718.8,2024-11-03,27618.14,5.8073,1122707.77,-191988.97,-20.63,2024,11,2024-11
1122,16,38,9,238150.0,2023-07-18,5097.21,4.804,220382.97,17767.03,7.46,2023,7,2023-07
1132,23,121,7,25860.0,2024-01-27,747.93,4.9125,25719.44,140.56,0.54,2024,1,2024-01
1145,16,127,6,8831.2,2023-03-01,293.17,5.207,9159.22,-328.02,-3.71,2023,3,2023-03
1155,2,109,2,1245.0,2024-07-01,123.24,5.5893,1377.65,-132.65,-10.65,2024,7,2024-07
1179,17,129,13,40337.95,2024-05-01,661.98,5.1718,44507.17,-4169.22,-10.34,2024,5,2024-05
1184,41,78,14,1704662.0,2023-08-17,25349.04,4.9816,1767902.89,-63240.89,-3.71,2023,8,2023-08
1220,42,65,8,204462.0,2023-01-11,5008.66,5.202,208440.39,-3978.39,-1.95,2023,1,2023-01
1222,5,146,7,3298.4,2023-12-10,99.02,4.9158,3407.34,-108.94,-3.3,2023,12,2023-12
1239,5,130,11,45585.0,2023-11-06,859.48,4.8999,46325.03,-740.03,-1.62,2023,11,2023-11
1247,10,134,12,56611.0,2024-07-29,948.15,5.6479,64260.68,-7649.68,-13.51,2024,7,2024-07
1285,13,122,8,10051.0,2023-10-06,271.3,5.1918,11268.28,-1217.28,-12.11,2023,10,2023-10
1304,43,120,1,3124.0,2024-03-23,635.45,4.9897,3170.7,-46.7,-1.5,2024,3,2024-03
1315,3,61,9,252168.0,2023-12-21,5396.92,4.8755,236814.15,15353.85,6.09,2023,12,2023-12
1330,31,51,5,304755.25,2023-07-28,12243.38,4.7253,289268.22,15487.03,5.08,2023,7,2023-07
1381,18,27,4,62743.7,2024-02-07,3051.23,4.9608,60546.17,2197.53,3.5,2024,2,2024-02
1394,13,90,5,395487.0,2024-07-24,14571.29,5.6346,410516.95,-15029.95,-3.8,2024,7,2024-07
1424,37,129,10,32662.0,2023-08-12,598.62,4.8918,29283.29,3378.71,10.34,2023,8,2023-08
1455,14,130,5,20720.0,2024-09-14,752.23,5.5717,20956.0,-236.0,-1.14,2024,9,2024-09
1471,46,68,9,571970.3,2023-02-23,11988.94,5.133,553853.06,18117.24,3.17,2023,2,2023-02
1478,15,84,3,130272.0,2023-05-28,8663.64,5.0114,130250.9,21.1,0.02,2023,5,2023-05
1483,43,12,4,10359.75,2023-08-16,527.97,4.9772,10511.25,-151.5,-1.46,2023,8,2023-08
1488,28,148,15,68193.85,2023-01-26,901.95,5.0951,68932.88,-739.03,-1.08,2023,1,2023-01
1490,27,82,14,722877.0,2023-01-09,9770.29,5.2967,724504.13,-1627.13,-0.23,2023,1,2023-01
1491,19,87,10,668599.0,2023-06-15,11794.37,4.8222,568748.11,99850.89,14.93,2023,6,2023-06
1513,24,91,10,1281417.0,2024-10-02,27671.77,5.4305,1502715.47,-221298.47,-17.27,2024,10,2024-10
1534,18,84,4,165011.2,2024-09-26,8456.45,5.4412,184052.94,-19041.74,-11.54,2024,9,2024-09
1574,1,73,10,1431599.0,2023-06-21,27541.35,4.7795,1316338.82,115260.18,8.05,2023,6,2023-06
1588,43,102,13,10816.0,2024-05-04,199.93,5.0668,13169.07,-2353.07,-21.76,2024,5,2024-05
1597,39,115,2,1577.95,2023-05-04,160.69,5.0106,1610.31,-32.36,-2.05,2023,5,2023-05
1603,7,18,6,159435.0,2023-08-16,5536.62,4.9772,165341.19,-5906.19,-3.7,2023,8,2023-08
1653,37,36,3,67804.0,2023-03-26,4221.25,5.2921,67017.83,786.17,1.16,2023,3,2023-03
1693,35,61,13,364242.0,2023-03-30,5396.92,5.1254,359597.86,4644.14,1.28,2023,3,2023-03
1703,23,10,4,121725.4,2024-02-22,6547.91,4.9419,129436.47,-7711.07,-6.33,2024,2,2024-02
1708,11,19,4,62442.55,2023-01-06,3163.35,5.2855,66879.55,-4437.0,-7.11,2023,1,2023-01
1721,16,64,3,334517.0,2024-01-08,21352.22,4.885,312916.78,21600.22,6.46,2024,1,2024-01
1744,5,85,1,36650.05,2024-07-20,7885.27,5.5543,43797.16,-7147.11,-19.5,2024,7,2024-07
1769,11,32,15,178160.15,2023-03-12,2585.66,5.1822,200991.11,-22830.96,-12.81,2023,3,2023-03
1799,1,109,10,5915.65,2023-10-01,169.23,5.0076,8474.36,-2558.71,-43.25,2023,10,2023-10
1811,49,98,15,1130896.15,2023-05-10,15262.93,4.9547,1134348.59,-3452.44,-0.31,2023,5,2023-05
1819,44,2,14,195974.0,2024-01-03,2829.74,4.9212,194960.03,1013.97,0.52,2024,1,2024-01
1838,34,52,10,137041.0,2023-04-19,2634.69,5.0467,132964.9,4076.1,2.97,2023,4,2023-04
1851,22,58,14,1523544.0,2024-06-19,20157.55,5.4647,1542169.49,-18625.49,-1.22,2024,6,2024-06
1874,36,21,4,34938.0,2024-03-23,1674.22,4.9897,33415.42,1522.58,4.36,2024,3,2024-03
1901,35,117,5,20515.0,2023-08-23,823.4,4.8977,20163.83,351.17,1.71,2023,8,2023-08
1990,49,5,8,189352.0,2023-08-04,4920.79,4.8609,191355.74,-2003.74,-1.06,2023,8,2023-08
1991,15,108,14,46838.0,2024-11-22,688.83,5.8124,56052.58,-9214.58,-19.67,2024,11,2024-11
2006,42,64,10,1059303.2,2023-09-07,21352.22,4.9762,1062529.17,-3225.97,-0.3,2023,9,2023-09
2008,18,88,8,386692.0,2024-05-06,9896.1,5.0727,401599.57,-14907.57,-3.86,2024,5,2024-05
2061,28,102,6,4742.4,2023-05-30,199.93,5.0593,6069.04,-1326.64,-27.97,2023,5,2023-05
2090,26,103,3,5368.0,2024-02-09,341.7,4.9717,5096.49,271.51,5.06,2024,2,2024-02
2099,20,77,13,552102.95,2023-03-24,8959.75,5.2921,616406.61,-64303.66,-11.65,2023,3,2023-03
2103,7,11,6,206521.45,2023-10-18,7246.24,5.0568,219856.72,-13335.27,-6.46,2023,10,2023-10
2119,45,145,12,49588.1,2024-05-29,875.03,5.1972,54572.47,-4984.37,-10.05,2024,5,2024-05
2144,37,75,10,311299.8,2023-02-05,6193.58,5.103,316058.39,-4758.59,-1.53,2023,2,2023-02
2151,49,135,2,3124.55,2024-07-17,328.1,5.467,3587.45,-462.9,-14.81,2024,7,2024-07
2154,43,116,3,7727.0,2024-10-31,502.24,5.7779,8705.68,-978.68,-12.67,2024,10,2024-10
2160,46,149,15,17454.0,2023-12-15,225.94,4.9397,16741.14,712.86,4.08,2023,12,2023-12
2172,17,53,12,644100.0,2023-04-11,10045.86,5.0128,604294.64,39805.36,6.18,2023,4,2023-04
2173,37,1,12,397470.0,2024-12-19,5774.5,6.1841,428521.03,-31051.03,-7.81,2024,12,2024-12
2187,15,50,3,33828.0,2024-04-26,2378.45,5.1184,36521.58,-2693.58,-7.96,2024,4,2024-04
2203,10,78,8,974092.0,2024-06-11,24425.59,5.3524,1045884.22,-71792.22,-7.37,2024,6,2024-06
2235,11,65,15,364197.7,2023-10-21,5225.24,5.0528,396031.39,-31833.69,-8.74,2023,10,2023-10
2240,15,8,8,37879.35,2024-05-17,947.05,5.1157,38758.59,-879.24,-2.32,2024,5,2024-05
2273,14,38,11,276519.35,2023-09-21,5439.42,4.9229,294554.93,-18035.58,-6.52,2023,9,2023-09
2276,28,87,12,802319.0,2024-01-13,13597.7,4.8543,792087.78,10231.22,1.28,2024,1,2024-01
2281,42,57,15,1692766.05,2023-01-31,22497.79,5.0993,1720844.71,-28078.66,-1.66,2023,1,2023-01
2311,10,14,6,214866.0,2024-10-21,6832.87,5.7068,233962.94,-19096.94,-8.89,2024,10,2024-10
2320,41,138,7,27816.95,2023-07-10,836.88,4.8735,28549.74,-732.79,-2.63,2023,7,2023-07
2329,31,135,15,24668.0,2023-10-05,328.1,5.1713,25450.55,-782.55,-3.17,2023,10,2023-10
2333,3,18,6,159435.0,2023-01-05,4834.43,5.4026,156710.95,2724.05,1.71,2023,1,2023-01
2350,34,85,13,476446.85,2023-10-22,7499.89,5.0528,492640.77,-16193.92,-3.4,2023,10,2023-10
2377,30,6,5,56145.95,2024-04-20,2394.79,5.2269,62586.64,-6440.69,-11.47,2024,4,2024-04
2387,47,141,4,19127.0,2024-02-06,972.86,4.9687,19335.4,-208.4,-1.09,2024,2,2024-02
2449,45,22,13,512887.0,2023-11-27,7630.67,4.8951,485587.61,27299.39,5.32,2023,11,2023-11
2458,42,115,7,5523.3,2023-08-29,160.69,4.8706,5478.6,44.7,0.81,2023,8,2023-08
2473,42,29,11,381533.3,2023-07-18,7689.63,4.804,406350.81,-24817.51,-6.5,2023,7,2023-07
2505,16,37,9,54609.0,2023-08-09,1181.71,4.9015,52129.36,2479.64,4.54,2023,8,2023-08
2513,8,82,3,147156.9,2023-02-01,9770.29,5.0721,148667.66,-1510.76,-1.03,2023,2,2023-02
2551,4,127,11,17043.0,2023-09-02,296.24,4.9318,16070.96,972.04,5.7,2023,9,2023-09
2560,34,50,1,10712.2,2023-09-10,2378.45,4.9835,11853.01,-1140.81,-10.65,2023,9,2023-09
2568,25,133,6,11356.0,2024-06-11,381.67,5.3524,12257.1,-901.1,-7.94,2024,6,2024-06
2570,32,3,8,72194.0,2024-01-19,1753.77,4.9223,69060.66,3133.34,4.34,2024,1,2024-01
2579,10,9,12,452642.7,2023-06-19,7933.96,4.7803,455120.51,-2477.81,-0.55,2023,6,2023-06
2580,14,141,5,22713.55,2023-12-22,972.86,4.8619,23649.74,-936.19,-4.12,2023,12,2023-12
2602,35,115,8,6312.75,2023-01-02,157.17,5.3436,6718.83,-406.08,-6.43,2023,1,2023-01
2654,42,3,13,111448.3,2024-01-14,1753.77,4.8543,110673.23,775.07,0.7,2024,1,2024-01
2675,49,85,6,219898.4,2023-12-08,7885.27,4.9158,232574.46,-12676.06,-5.76,2023,12,2023-12
2680,15,92,7,590880.05,2024-09-18,16239.74,5.4767,622581.29,-31701.24,-5.37,2024,9,2024-09
2684,39,105,6,1764.15,2024-05-29,62.64,5.1972,1953.32,-189.17,-10.72,2024,5,2024-05
2697,44,70,14,456927.2,2023-04-17,6655.06,4.9421,460459.61,-3532.41,-0.77,2023,4,2023-04
2705,41,110,9,22460.0,2023-07-05,476.03,4.8577,20811.7,1648.3,7.34,2023,7,2023-07
2707,9,25,13,149761.8,2023-01-11,2389.36,5.202,161582.86,-11821.06,-7.89,2023,1,2023-01
2740,33,107,13,18690.3,2024-05-13,311.59,5.1412,20825.3,-2135.0,-11.42,2024,5,2024-05
2752,13,104,1,3713.0,2023-06-21,742.54,4.7795,3548.97,164.03,4.42,2023,6,2023-06
2757,28,98,9,714250.0,2024-01-23,15850.04,4.9715,709186.26,5063.74,0.71,2024,1,2024-01
2760,48,110,9,22460.0,2024-03-13,476.03,4.9803,21336.95,1123.05,5.0,2024,3,2024-03
2764,5,131,8,7323.55,2023-09-22,196.2,4.9131,7711.6,-388.05,-5.3,2023,9,2023-09
2773,4,127,14,21691.0,2023-09-15,296.24,4.8689,20193.08,1497.92,6.91,2023,9,2023-09
2777,21,104,1,3713.0,2024-01-08,742.54,4.885,3627.31,85.69,2.31,2024,1,2024-01
2784,14,105,10,3095.0,2023-08-16,62.64,4.9772,3117.72,-22.72,-0.73,2023,8,2023-08
2811,8,41,4,40280.0,2024-10-31,1944.42,5.7779,44938.66,-4658.66,-11.57,2024,10,2024-10
2835,47,35,13,143072.0,2023-12-31,2106.85,4.8413,132598.61,10473.39,7.32,2023,12,2023-12
2839,49,21,14,122284.0,2024-05-30,1689.08,5.1972,122898.81,-614.81,-0.5,2024,5,2024-05
2854,20,109,11,6850.0,2023-02-17,169.23,5.2012,9682.19,-2832.19,-41.35,2023,2,2023-02
2867,46,116,10,24467.25,2023-10-04,502.24,5.1526,25878.42,-1411.17,-5.77,2023,10,2023-10
2870,26,62,15,1533330.0,2023-12-12,20000.78,4.9476,1484337.89,48992.11,3.2,2023,12,2023-12
2895,19,45,12,118845.0,2023-04-26,1881.33,5.0585,114200.49,4644.51,3.91,2023,4,2023-04
2906,14,70,2,68711.0,2024-05-16,6655.06,5.127,68240.99,470.01,0.68,2024,5,2024-05
2920,19,50,2,21424.4,2023-02-01,2179.61,5.0721,22110.4,-686.0,-3.2,2023,2,2023-02
2921,26,139,12,16244.05,2024-08-24,246.89,5.5263,16372.66,-128.61,-0.79,2024,8,2024-08
2933,26,14,8,286489.0,2024-08-18,6832.87,5.4632,298634.68,-12145.68,-4.24,2024,8,2024-08
2959,39,22,6,236717.0,2023-10-02,7630.67,5.0679,232028.83,4688.17,1.98,2023,10,2023-10
2984,43,121,14,49134.0,2024-12-05,677.66,5.9849,56780.18,-7646.18,-15.56,2024,12,2024-12
2987,2,118,15,64727.0,2023-11-29,880.76,4.8933,64647.34,79.66,0.12,2023,11,2023-11
2997,21,9,8,301761.8,2024-11-26,7258.64,5.799,336742.83,-34981.03,-11.59,2024,11,2024-11
3037,25,82,12,619608.0,2023-03-13,9770.29,5.24,614355.84,5252.16,0.85,2023,3,2023-03
3047,19,113,15,62627.8,2024-02-08,815.5,4.9804,60922.74,1705.06,2.72,2024,2,2024-02
3067,11,139,12,17099.0,2023-10-02,246.89,5.0679,15014.57,2084.43,12.19,2023,10,2023-10
3076,22,89,4,298976.4,2023-07-11,14832.32,4.8949,290410.89,8565.51,2.86,2023,7,2023-07
3080,9,40,3,40424.4,2024-05-07,2867.26,5.061,43533.61,-3109.21,-7.69,2024,5,2024-05
3083,45,84,14,607934.0,2023-10-20,8951.16,5.0528,633197.9,-25263.9,-4.16,2023,10,2023-10
3091,47,58,10,1088246.0,2023-10-02,20157.55,5.0679,1021564.48,66681.52,6.13,2023,10,2023-10
3102,23,117,8,32824.0,2023-12-02,823.4,4.9191,32403.1,420.9,1.28,2023,12,2023-12
3157,37,14,15,537166.0,2023-06-13,6767.66,4.8533,492682.26,44483.74,8.28,2023,6,2023-06
3159,10,141,3,13627.75,2024-09-04,972.86,5.6359,16448.83,-2821.08,-20.7,2024,9,2024-09
3179,14,39,5,148164.0,2024-03-27,5270.87,4.9856,131392.25,16771.75,11.32,2024,3,2024-03
3181,11,132,7,10941.0,2024-09-18,314.46,5.4767,12055.42,-1114.42,-10.19,2024,9,2024-09
3204,16,76,11,1548671.95,2024-09-07,26819.81,5.5702,1643308.76,-94636.81,-6.11,2024,9,2024-09
3226,19,141,1,4782.0,2024-07-06,972.86,5.497,5347.81,-565.81,-11.83,2024,7,2024-07
3244,29,67,1,81499.55,2023-09-28,16720.73,5.0475,84397.88,-2898.33,-3.56,2023,9,2023-09
3276,31,33,5,33579.0,2024-01-27,1268.8,4.9125,31164.9,2414.1,7.19,2024,1,2024-01
3292,33,132,3,4689.0,2023-03-16,276.61,5.2892,4389.14,299.86,6.4,2023,3,2023-03
3298,20,95,9,596858.4,2024-03-14,12945.63,4.9768,579850.3,17008.1,2.85,2024,3,2024-03
3338,43,3,13,111448.3,2024-04-17,1753.77,5.2469,119624.13,-8175.83,-7.34,2024,4,2024-04
3353,49,101,9,3962.45,2024-07-26,82.96,5.6465,4215.9,-253.45,-6.4,2024,7,2024-07
3364,13,71,1,123665.3,2023-01-31,24528.75,5.0993,125079.45,-1414.15,-1.14,2023,1,2023-01
3386,45,137,2,6771.0,2024-05-16,673.98,5.127,6910.99,-139.99,-2.07,2024,5,2024-05
3421,4,149,2,2327.0,2023-07-25,225.94,4.7496,2146.25,180.75,7.77,2023,7,2023-07
3451,29,104,5,18565.0,2024-01-19,742.54,4.9223,18275.02,289.98,1.56,2024,1,2024-01
3465,20,130,5,20720.0,2024-11-10,752.23,5.7648,21682.28,-962.28,-4.64,2024,11,2024-11
3477,18,46,2,9469.6,2023-01-02,959.01,5.3436,10249.13,-779.53,-8.23,2023,1,2023-01
3500,28,73,2,286320.0,2024-05-31,28694.54,5.2416,300810.6,-14490.6,-5.06,2024,5,2024-05
3526,44,54,5,577290.3,2023-09-04,23191.9,4.9176,570242.44,7047.86,1.22,2023,9,2023-09
3623,10,85,10,366497.65,2024-10-30,7885.27,5.7801,455776.49,-89278.84,-24.36,2024,10,2024-10
3624,9,145,1,4132.5,2023-05-29,820.56,4.9954,4099.03,33.47,0.81,2023,5,2023-05
3633,27,58,13,1343984.0,2024-12-18,19694.26,6.1624,1577730.8,-233746.8,-17.39,2024,12,2024-12
3636,21,46,6,29903.0,2023-02-17,959.01,5.2012,29928.02,-25.02,-0.08,2023,2,2023-02
3651,32,44,6,64841.0,2023-04-13,1963.02,4.9097,57827.04,7013.96,10.82,2023,4,2023-04
3670,28,148,14,63648.1,2023-05-28,919.03,5.0114,64478.78,-830.68,-1.31,2023,5,2023-05
3687,44,104,3,10582.05,2024-08-28,742.54,5.5315,12322.08,-1740.03,-16.44,2024,8,2024-08
3690,4,139,14,18950.6,2024-03-16,246.89,4.9937,17260.52,1690.08,8.92,2024,3,2024-03
3692,14,138,3,12549.0,2023-03-12,826.61,5.1822,12850.98,-301.98,-2.41,2023,3,2023-03
3732,15,97,13,1671388.2,2023-12-15,25607.88,4.9397,1644438.18,26950.02,1.61,2023,12,2023-12
3751,34,4,5,16063.55,2024-11-10,679.13,5.7648,19575.24,-3511.69,-21.86,2024,11,2024-11
3771,27,70,13,424289.95,2024-08-02,6083.51,5.7366,453682.63,-29392.68,-6.93,2024,8,2024-08
3775,42,63,6,839746.0,2023-08-29,27618.14,4.8706,807101.48,32644.52,3.89,2023,8,2023-08
3795,43,40,9,127656.0,2024-12-20,2867.26,6.078,156844.86,-29188.86,-22.87,2024,12,2024-12
3863,7,71,9,1112988.65,2023-10-14,27484.92,5.0625,1252281.67,-139293.02,-12.52,2023,10,2023-10
3869,37,97,14,1894691.0,2023-08-20,25607.88,4.9724,1782656.72,112034.28,5.91,2023,8,2023-08
3894,31,11,7,253623.0,2023-06-20,7246.24,4.793,243118.6,10504.4,4.14,2023,6,2023-06
3906,31,110,15,37433.0,2023-11-23,476.03,4.8931,34938.94,2494.06,6.66,2023,11,2023-11
3909,17,130,10,41441.0,2023-09-19,859.48,4.8575,41749.24,-308.24,-0.74,2023,9,2023-09
3923,33,34,3,14753.0,2024-03-18,1022.84,5.0124,15380.65,-627.65,-4.25,2024,3,2024-03
3934,13,143,8,35491.0,2024-03-15,896.83,4.9937,35828.0,-337.0,-0.95,2024,3,2024-03
3938,23,144,9,18930.65,2023-02-07,422.52,5.1695,19657.95,-727.3,-3.84,2023,2,2023-02
3939,24,33,15,95700.15,2024-03-03,1268.8,4.9596,94391.11,1309.04,1.37,2024,3,2024-03
3950,17,109,7,4359.0,2024-10-10,123.24,5.5819,4815.39,-456.39,-10.47,2024,10,2024-10
4001,22,34,14,65402.75,2024-10-18,951.66,5.6672,75505.47,-10102.72,-15.45,2024,10,2024-10
4002,11,71,15,1854980.45,2024-08-23,27484.92,5.5263,2278348.7,-423368.25,-22.82,2024,8,2024-08
4040,37,72,13,1230858.0,2023-05-04,30675.48,5.0106,1998133.28,-767275.28,-62.34,2023,5,2023-05
4062,28,135,14,21871.85,2024-02-24,328.1,4.9851,22898.56,-1026.71,-4.69,2024,2,2024-02
4100,35,74,9,779027.0,2024-08-29,17160.36,5.6358,870411.21,-91384.21,-11.73,2024,8,2024-08
4105,9,15,5,139499.0,2023-10-19,5267.98,5.054,133121.85,6377.15,4.57,2023,10,2023-10
4121,46,33,8,51039.7,2023-07-01,1268.8,4.8192,48916.81,2122.89,4.16,2023,7,2023-07
4124,44,101,3,1390.0,2024-08-06,82.96,5.6528,1406.87,-16.87,-1.21,2024,8,2024-08
4127,44,73,3,429480.0,2024-11-24,25649.93,5.8124,447262.96,-17782.96,-4.14,2024,11,2024-11
4133,36,18,10,252437.8,2024-03-14,5536.62,4.9768,275546.5,-23108.7,-9.15,2024,3,2024-03
4161,33,114,3,2278.1,2024-12-04,152.46,6.0581,2770.85,-492.75,-21.63,2024,12,2024-12
4165,16,91,10,1281417.0,2024-10-31,27671.77,5.7779,1598847.2,-317430.2,-24.77,2024,10,2024-10
4170,34,97,9,1218016.0,2024-10-06,25607.88,5.4686,1260353.27,-42337.27,-3.48,2024,10,2024-10
4176,14,138,11,43713.3,2023-12-01,836.88,4.9191,45283.66,-1570.36,-3.59,2023,12,2023-12
4182,35,99,15,1609000.0,2023-11-14,21330.89,4.8682,1557645.58,51354.42,3.19,2023,11,2023-11
4190,32,94,9,348420.1,2023-04-15,8022.13,4.9455,357061.0,-8640.9,-2.48,2023,4,2023-04
4219,44,34,7,32701.85,2024-06-05,951.66,5.2841,35200.67,-2498.82,-7.64,2024,6,2024-06
4223,35,104,2,7426.0,2024-12-26,742.54,6.1656,9156.41,-1730.41,-23.3,2024,12,2024-12
4225,14,118,4,16397.0,2023-12-20,880.76,4.8766,17180.46,-783.46,-4.78,2023,12,2023-12
4247,38,2,10,132982.9,2023-08-11,2829.74,4.8918,138425.22,-5442.32,-4.09,2023,8,2023-08
4269,45,83,11,1482843.0,2024-04-26,35839.7,5.1184,2017861.13,-535018.13,-36.08,2024,4,2024-04
4285,48,119,13,40209.7,2024-02-21,669.88,4.9303,42935.22,-2725.52,-6.78,2024,2,2024-02
4306,19,11,12,413043.85,2024-10-06,7246.24,5.4686,475521.46,-62477.61,-15.13,2024,10,2024-10
4332,31,48,13,181994.35,2023-06-28,2836.04,4.8563,179044.59,2949.76,1.62,2023,6,2023-06
4350,32,140,11,34480.0,2023-10-18,586.81,5.0568,32641.19,1838.81,5.33,2023,10,2023-10
4370,48,12,8,20718.55,2023-07-11,527.97,4.8949,20674.88,43.67,0.21,2023,7,2023-07
4373,46,34,4,18686.5,2024-03-16,1022.84,4.9937,20431.02,-1744.52,-9.34,2024,3,2024-03
4401,3,67,13,1115258.0,2023-03-20,16720.73,5.2467,1140472.5,-25214.5,-2.26,2023,3,2023-03
4407,30,7,10,185428.6,2024-03-29,3678.62,4.9962,183791.21,1637.39,0.88,2024,3,2024-03
4439,43,134,6,28306.0,2024-11-27,948.15,5.8291,33161.17,-4855.17,-17.15,2024,11,2024-11
4465,39,74,9,779027.0,2023-12-19,17160.36,4.8663,751567.14,27459.86,3.52,2023,12,2023-12
4474,7,113,7,29226.75,2023-12-11,815.5,4.944,28222.82,1003.93,3.43,2023,12,2023-12
4503,26,34,12,56059.5,2024-09-30,951.66,5.4481,62216.87,-6157.37,-10.98,2024,9,2024-09
4511,21,146,7,3472.0,2023-11-09,99.02,4.9007,3396.87,75.13,2.16,2023,11,2023-11
4516,21,26,13,224681.0,2024-11-13,3378.85,5.7713,253504.64,-28823.64,-12.83,2024,11,2024-11
4529,8,144,10,22141.0,2024-11-28,402.54,5.9871,24100.47,-1959.47,-8.85,2024,11,2024-11
4558,37,17,9,126349.0,2024-06-22,2833.14,5.4416,138751.33,-12402.33,-9.82,2024,6,2024-06
4586,34,6,12,134750.85,2023-08-06,2104.66,4.8609,122766.5,11984.35,8.89,2023,8,2023-08
4597,16,128,12,55809.0,2023-09-27,853.09,5.0289,51481.25,4327.75,7.75,2023,9,2023-09
4615,17,91,10,1348860.0,2024-02-07,27671.77,4.9608,1372741.17,-23881.17,-1.77,2024,2,2024-02
4626,40,14,2,71622.0,2024-08-03,6832.87,5.7366,78394.88,-6772.88,-9.46,2024,8,2024-08
4654,21,96,10,706208.0,2023-04-09,13063.42,5.0683,662093.32,44114.68,6.25,2023,4,2023-04
4656,44,25,7,80640.75,2023-06-08,2389.36,4.9119,82154.08,-1513.33,-1.88,2023,6,2023-06
4664,30,127,2,2944.05,2024-08-13,296.24,5.4875,3251.23,-307.18,-10.43,2024,8,2024-08
4687,19,150,7,11520.0,2023-01-26,321.31,5.0951,11459.75,60.25,0.52,2023,1,2023-01
4767,21,77,12,536456.0,2023-09-07,8959.75,4.9762,535026.1,1429.9,0.27,2023,9,2023-09
4782,26,134,4,17926.5,2023-11-16,948.15,4.8575,18422.55,-496.05,-2.77,2023,11,2023-11
4783,28,101,13,5722.8,2023-11-08,96.64,4.8855,6137.75,-414.95,-7.25,2023,11,2023-11
4787,48,18,15,398587.0,2023-08-01,5536.62,4.7752,396577.02,2009.98,0.5,2023,8,2023-08
4796,8,62,6,613332.0,2023-04-25,20000.78,5.0613,607379.69,5952.31,0.97,2023,4,2023-04
4798,8,50,9,96409.8,2023-03-29,2179.61,5.1493,101011.19,-4601.39,-4.77,2023,3,2023-03
4804,31,63,14,1959407.0,2024-01-03,27618.14,4.9212,1902801.47,56605.53,2.89,2024,1,2024-01
4812,44,143,5,22182.0,2023-07-08,896.83,4.8799,21882.2,299.8,1.35,2023,7,2023-07
4870,33,41,14,148400.0,2023-05-16,2005.71,4.9122,137934.28,10465.72,7.05,2023,5,2023-05
4904,42,103,1,1699.55,2024-03-29,341.7,4.9962,1707.2,-7.65,-0.45,2024,3,2024-03
4921,28,138,9,35764.65,2023-10-23,836.88,5.0164,37783.12,-2018.47,-5.64,2023,10,2023-10
4923,23,14,3,102061.35,2023-12-07,6767.66,4.8949,99381.06,2680.29,2.63,2023,12,2023-12
4929,8,73,11,1496021.05,2023-01-05,27407.95,5.4026,1628816.1,-132795.05,-8.88,2023,1,2023-01
4946,9,59,15,1307492.0,2023-06-13,16694.98,4.8533,1215386.2,92105.8,7.04,2023,6,2023-06
4967,29,69,8,344014.0,2024-05-21,8620.92,5.1037,351988.72,-7974.72,-2.32,2024,5,2024-05
4984,24,36,8,180811.0,2024-05-07,4476.41,5.061,181240.89,-429.89,-0.24,2024,5,2024-05
4985,46,16,8,228045.6,2024-01-28,6212.42,4.9125,244148.11,-16102.51,-7.06,2024,1,2024-01
5003,47,122,3,3967.0,2024-12-03,271.3,6.0707,4940.94,-973.94,-24.55,2024,12,2024-12
5034,27,129,14,45727.0,2023-11-14,598.62,4.8682,40798.83,4928.17,10.78,2023,11,2023-11
5044,39,35,8,88044.0,2023-01-09,2199.13,5.2967,93185.05,-5141.05,-5.84,2023,1,2023-01
5047,9,27,1,16511.0,2023-07-05,3051.23,4.8577,14821.96,1689.04,10.23,2023,7,2023-07
5068,9,76,14,2074775.0,2023-07-07,27945.06,4.8799,1909167.38,165607.62,7.98,2023,7,2023-07
5069,27,23,10,111786.0,2024-10-17,2244.66,5.6758,127402.41,-15616.41,-13.97,2024,10,2024-10
5105,4,5,9,202369.95,2023-10-28,4752.24,4.948,211626.75,-9256.8,-4.57,2023,10,2023-10
5137,37,81,5,580204.9,2024-03-12,23345.09,4.9813,581444.48,-1239.58,-0.21,2024,3,2024-03
5138,28,81,14,1624575.05,2024-02-18,23345.09,4.9761,1626345.03,-1769.98,-0.11,2024,2,2024-02
5143,21,55,11,1209859.0,2024-09-21,22138.68,5.4775,1333910.82,-124051.82,-10.25,2024,9,2024-09
5198,1,6,1,11229.0,2023-12-09,2104.66,4.9158,10346.09,882.91,7.86,2023,12,2023-12
5235,26,31,10,82831.0,2024-10-15,1482.91,5.6378,83603.5,-772.5,-0.93,2024,10,2024-10
5271,44,137,13,41810.45,2023-12-30,619.79,4.8413,39007.66,2802.79,6.7,2023,12,2023-12
5281,7,18,11,292297.0,2024-03-23,5536.62,4.9897,303886.8,-11589.8,-3.97,2024,3,2024-03
5304,8,75,12,373559.95,2023-01-21,6193.58,5.1986,386375.34,-12815.39,-3.43,2023,1,2023-01
5306,46,83,10,1348039.0,2024-10-09,35839.7,5.5737,1997597.36,-649558.36,-48.19,2024,10,2024-10
5328,7,51,8,487608.4,2023-06-30,12243.38,4.8192,472026.38,15582.02,3.2,2023,6,2023-06
5351,31,41,10,100700.0,2024-08-30,1906.75,5.6562,107849.59,-7149.59,-7.1,2024,8,2024-08
5375,15,105,15,4643.0,2024-11-24,53.66,5.8124,4678.4,-35.4,-0.76,2024,11,2024-11
5390,25,98,8,634889.0,2023-10-19,15850.04,5.054,640848.82,-5959.82,-0.94,2023,10,2023-10
5398,20,110,11,26078.45,2023-03-28,476.03,5.1733,27089.11,-1010.66,-3.88,2023,3,2023-03
5418,29,24,1,23232.0,2023-06-27,4129.65,4.7903,19782.26,3449.74,14.85,2023,6,2023-06
5423,43,105,12,3714.0,2024-09-08,57.36,5.5702,3834.08,-120.08,-3.23,2024,9,2024-09
5430,19,138,4,16732.0,2024-08-26,836.88,5.4921,18384.91,-1652.91,-9.88,2024,8,2024-08
5432,41,114,5,3996.0,2023-11-02,152.46,5.0194,3826.29,169.71,4.25,2023,11,2023-11
5434,10,18,4,100975.5,2023-01-07,4834.43,5.2855,102209.52,-1234.02,-1.22,2023,1,2023-01
5440,37,133,11,20820.0,2023-10-28,348.47,4.948,18966.53,1853.47,8.9,2023,10,2023-10
5464,30,137,14,45027.15,2024-03-13,619.79,4.9803,43214.36,1812.79,4.03,2024,3,2024-03
5465,17,106,12,52618.0,2024-05-12,918.37,5.1464,56715.59,-4097.59,-7.79,2024,5,2024-05
5476,41,6,13,153663.0,2023-04-26,2104.66,5.0585,138403.49,15259.51,9.93,2023,4,2023-04
5501,29,149,11,12160.0,2023-09-17,225.94,4.8689,12100.87,59.13,0.49,2023,9,2023-09
5509,12,126,6,15258.9,2023-02-24,467.05,5.1791,14513.39,745.51,4.89,2023,2,2023-02
5551,39,80,15,1938358.0,2024-07-15,24177.04,5.4563,1978757.75,-40399.75,-2.08,2024,7,2024-07
5571,3,142,11,9091.0,2023-09-20,169.88,4.8487,9060.67,30.33,0.33,2023,9,2023-09
5575,13,146,9,4240.8,2023-04-18,99.02,4.9678,4427.2,-186.4,-4.4,2023,4,2023-04
5601,12,98,14,1055503.2,2023-02-22,15262.93,5.173,1105371.92,-49868.72,-4.72,2023,2,2023-02
5602,30,130,3,12432.0,2023-03-07,749.89,5.1901,11676.01,755.99,6.08,2023,3,2023-03
5610,44,140,2,5955.55,2024-05-31,612.49,5.2416,6420.86,-465.31,-7.81,2024,5,2024-05
5614,31,93,2,190906.3,2024-10-03,19072.72,5.485,209227.74,-18321.44,-9.6,2024,10,2024-10
5635,20,141,11,49970.0,2023-03-10,942.08,5.1822,53702.52,-3732.52,-7.47,2023,3,2023-03
5643,39,17,5,70194.0,2024-11-29,2833.14,6.0535,85752.06,-15558.06,-22.16,2024,11,2024-11
5656,43,78,1,121762.0,2024-12-20,24425.59,6.078,148458.74,-26696.74,-21.93,2024,12,2024-12
5673,23,112,9,18647.55,2023-03-13,398.23,5.24,18780.53,-132.98,-0.71,2023,3,2023-03
5678,32,146,5,2356.0,2023-05-29,99.02,4.9954,2473.22,-117.22,-4.98,2023,5,2023-05
5686,17,87,2,133720.0,2023-06-02,11794.37,4.9558,116901.08,16818.92,12.58,2023,6,2023-06
5707,44,118,11,47466.0,2024-06-29,893.4,5.5589,54629.53,-7163.53,-15.09,2024,6,2024-06
5713,46,27,2,33023.0,2023-09-25,3051.23,4.9606,30271.86,2751.14,8.33,2023,9,2023-09
5786,13,25,9,109138.0,2024-11-19,2139.99,5.7743,111212.5,-2074.5,-1.9,2024,11,2024-11
5788,28,115,12,9468.65,2024-02-07,167.9,4.9608,9995.02,-526.37,-5.56,2024,2,2024-02
5792,11,121,9,33248.0,2024-06-17,747.93,5.413,36436.91,-3188.91,-9.59,2024,6,2024-06
5804,1,64,4,423720.9,2023-03-31,21352.22,5.0804,433911.27,-10190.37,-2.4,2023,3,2023-03
5841,15,104,10,35273.5,2023-04-09,742.54,5.0683,37634.15,-2360.65,-6.69,2023,4,2023-04
5853,14,135,13,21379.0,2023-11-20,328.1,4.8723,20781.82,597.18,2.79,2023,11,2023-11
5879,31,117,13,53339.0,2023-09-25,823.4,4.9606,53099.25,239.75,0.45,2023,9,2023-09
5904,39,141,2,9564.0,2024-08-07,972.86,5.6093,10914.13,-1350.13,-14.12,2024,8,2024-08
5916,43,56,8,343910.0,2023-11-07,8087.59,4.867,314898.4,29011.6,8.44,2023,11,2023-11
5967,49,94,2,81502.0,2023-08-30,8022.13,4.8653,78060.14,3441.86,4.22,2023,8,2023-08
6008,12,107,10,14377.3,2024-03-27,311.59,4.9856,15534.63,-1157.33,-8.05,2024,3,2024-03
6033,5,78,2,231346.85,2024-02-03,25349.04,4.9471,250808.47,-19461.62,-8.41,2024,2,2024-02
6034,27,122,3,3768.65,2023-05-07,255.46,4.9696,3808.6,-39.95,-1.06,2023,5,2023-05
6075,42,29,5,182552.0,2023-09-30,7689.63,5.0076,192532.96,-9980.96,-5.47,2023,9,2023-09
6102,4,137,3,9648.2,2023-03-07,619.79,5.1901,9650.32,-2.12,-0.02,2023,3,2023-03
6103,31,142,11,9091.0,2024-11-06,149.71,5.7648,9493.53,-402.53,-4.43,2024,11,2024-11
6134,6,111,14,59993.0,2023-04-15,821.82,4.9455,56900.35,3092.65,5.16,2023,4,2023-04
6157,11,70,4,137422.0,2023-01-26,6655.06,5.0951,135632.78,1789.22,1.3,2023,1,2023-01
6245,6,45,10,99037.0,2024-02-19,1881.33,4.9585,93285.75,5751.25,5.81,2024,2,2024-02
6248,5,115,3,2367.4,2023-09-16,160.69,4.8689,2347.15,20.25,0.86,2023,9,2023-09
6274,1,36,6,128827.6,2024-07-03,4476.41,5.5863,150039.42,-21211.82,-16.47,2024,7,2024-07
6300,3,29,15,520272.25,2023-02-27,7689.63,5.196,599329.76,-79057.51,-15.2,2023,2,2023-02
6322,24,77,14,625865.0,2024-10-28,8959.75,5.6988,714837.53,-88972.53,-14.22,2024,10,2024-10
6366,8,19,10,164324.0,2024-11-29,3358.13,6.0535,203284.4,-38960.4,-23.71,2024,11,2024-11
6390,21,100,2,198740.0,2023-08-05,19807.28,4.8609,192562.41,6177.59,3.11,2023,8,2023-08
6429,7,133,8,15142.0,2023-02-14,348.47,5.1507,14358.92,783.08,5.17,2023,2,2023-02
6431,14,4,5,16063.55,2023-05-22,654.31,4.968,16253.06,-189.51,-1.18,2023,5,2023-05
6455,46,138,11,43713.3,2023-04-29,826.61,5.0007,45469.91,-1756.61,-4.02,2023,4,2023-04
6456,6,115,10,8306.0,2023-01-13,157.17,5.1146,8038.62,267.38,3.22,2023,1,2023-01
6468,7,122,10,13225.0,2024-06-14,271.3,5.363,14549.82,-1324.82,-10.02,2024,6,2024-06
6507,32,62,13,1328886.0,2023-11-24,20000.78,4.8927,1272151.61,56734.39,4.27,2023,11,2023-11
6511,37,127,6,9296.0,2023-02-25,293.17,5.1791,9110.14,185.86,2.0,2023,2,2023-02
6522,36,113,4,17580.0,2023-11-08,815.5,4.8855,15936.5,1643.5,9.35,2023,11,2023-11
6539,19,100,5,523001.0,2024-02-12,19807.28,4.9717,492379.27,30621.73,5.86,2024,2,2024-02
6541,6,123,11,29020.6,2023-11-18,535.37,4.8849,28767.52,253.08,0.87,2023,11,2023-11
6592,39,60,14,1446389.25,2024-06-01,22370.78,5.2416,1641621.53,-195232.28,-13.5,2024,6,2024-06
6619,44,66,15,188574.0,2024-07-23,2297.7,5.5807,192341.62,-3767.62,-2.0,2024,7,2024-07
6660,42,25,10,121265.0,2024-09-23,2430.59,5.5446,134766.49,-13501.49,-11.13,2024,9,2024-09
6665,17,2,3,39894.3,2024-12-01,2829.74,6.0535,51389.49,-11495.19,-28.81,2024,12,2024-12
6671,10,115,7,5814.0,2024-08-15,167.9,5.4651,6423.13,-609.13,-10.48,2024,8,2024-08
6672,41,45,6,56450.9,2023-12-15,1881.33,4.9397,55759.23,691.67,1.23,2023,12,2023-12
6676,30,50,7,78932.0,2024-05-04,2378.45,5.0668,84357.91,-5425.91,-6.87,2024,5,2024-05
6688,48,39,11,325961.0,2024-04-26,5270.87,5.1184,296762.63,29198.37,8.96,2024,4,2024-04
6716,25,24,1,22070.4,2024-02-29,4129.65,4.9833,20579.28,1491.12,6.76,2024,2,2024-02
6720,30,55,7,769910.0,2023-11-28,23326.09,4.8867,797913.23,-28003.23,-3.64,2023,11,2023-11
6744,48,2,12,159579.1,2024-10-23,2829.74,5.7149,194060.17,-34481.07,-21.61,2024,10,2024-10
6791,10,91,15,1922125.5,2023-09-04,26303.31,4.9176,1940237.36,-18111.86,-0.94,2023,9,2023-09
6811,12,13,11,85218.0,2023-01-04,1356.5,5.4459,81261.0,3957.0,4.64,2023,1,2023-01
6818,38,64,14,1483024.1,2023-11-17,21352.22,4.8849,1460248.43,22775.67,1.54,2023,11,2023-11
6821,33,56,15,644832.0,2023-01-05,8087.59,5.4026,655410.21,-10578.21,-1.64,2023,1,2023-01
6823,49,97,4,514273.0,2024-11-19,25607.88,5.7743,591470.33,-77197.33,-15.01,2024,11,2024-11
6842,26,77,15,637041.5,2024-07-22,8959.75,5.5598,747216.27,-110174.77,-17.29,2024,7,2024-07
6929,11,101,13,6024.0,2024-12-03,82.96,6.0707,6547.13,-523.13,-8.68,2024,12,2024-12
6935,16,96,8,564967.0,2024-07-08,14776.4,5.472,646851.69,-81884.69,-14.49,2024,7,2024-07
6944,16,116,9,23180.0,2024-12-04,502.24,6.0581,27383.58,-4203.58,-18.13,2024,12,2024-12
6954,5,129,14,45727.0,2023-07-25,598.62,4.7496,39804.88,5922.12,12.95,2023,7,2023-07
6976,22,30,7,214448.25,2024-03-22,6558.44,4.9897,229072.54,-14624.29,-6.82,2024,3,2024-03
6991,5,93,8,803816.0,2023-09-22,19409.47,4.9131,762885.34,40930.66,5.09,2023,9,2023-09
7036,30,11,8,275362.25,2024-02-01,7246.24,4.935,286081.56,-10719.31,-3.89,2024,2,2024-02
7055,49,36,13,293818.0,2024-07-06,4476.41,5.497,319888.74,-26070.74,-8.87,2024,7,2024-07
7088,38,45,7,69326.0,2024-12-19,1881.33,6.1841,81440.33,-12114.33,-17.47,2024,12,2024-12
7094,23,95,9,596858.4,2024-02-07,12945.63,4.9608,577986.13,18872.27,3.16,2024,2,2024-02
7182,32,146,5,2480.0,2024-03-21,99.02,4.9807,2465.94,14.06,0.57,2024,3,2024-03
7200,7,95,3,198952.8,2023-08-20,12945.63,4.9724,193112.55,5840.25,2.94,2023,8,2023-08
7221,49,88,13,596955.3,2023-12-26,9954.59,4.8368,625928.69,-28973.39,-4.85,2023,12,2023-12
7272,45,108,14,44496.1,2024-12-04,688.83,6.0581,58422.01,-13925.91,-31.3,2024,12,2024-12
7293,28,50,11,124036.0,2024-07-21,2378.45,5.5543,145316.87,-21280.87,-17.16,2024,7,2024-07
7298,3,2,12,167978.0,2023-05-31,2829.74,5.0959,173040.86,-5062.86,-3.01,2023,5,2023-05
7300,22,132,13,19303.05,2024-08-08,314.46,5.6172,22963.0,-3659.95,-18.96,2024,8,2024-08
7304,27,150,14,21887.05,2023-12-27,326.88,4.8306,22106.37,-219.32,-1.0,2023,12,2023-12
7305,46,93,1,100477.0,2023-03-10,19409.47,5.1822,100583.76,-106.76,-0.11,2023,3,2023-03
7335,43,139,9,12182.8,2024-10-24,246.89,5.7087,12684.79,-501.99,-4.12,2024,10,2024-10
7339,21,119,7,21651.45,2024-04-29,669.88,5.1155,23987.4,-2335.95,-10.79,2024,4,2024-04
7374,16,9,1,37720.7,2024-07-27,7544.56,5.6465,42600.36,-4879.66,-12.94,2024,7,2024-07
7379,2,61,15,399265.05,2024-02-06,5396.92,4.9687,402235.15,-2970.1,-0.74,2024,2,2024-02
7389,3,124,7,25070.5,2024-05-19,725.63,5.1157,25984.74,-914.24,-3.65,2024,5,2024-05
7416,34,121,7,25860.0,2023-12-14,746.8,4.8912,25569.24,290.76,1.12,2023,12,2023-12
7443,12,112,6,12431.7,2024-04-05,430.01,5.052,13034.46,-602.76,-4.85,2024,4,2024-04
7458,33,28,4,54182.3,2023-10-19,2723.39,5.054,55056.05,-873.75,-1.61,2023,10,2023-10
7462,7,86,1,88846.85,2023-06-07,17824.79,4.9119,87553.59,1293.26,1.46,2023,6,2023-06
7465,24,124,8,30159.0,2023-09-02,725.63,4.9318,28629.3,1529.7,5.07,2023,9,2023-09
7479,14,145,4,17399.0,2023-02-01,820.56,5.0721,16647.85,751.15,4.32,2023,2,2023-02
7480,45,122,8,10051.0,2024-02-02,271.3,4.9471,10737.19,-686.19,-6.83,2024,2,2024-02
7496,27,105,5,1470.6,2023-01-31,59.15,5.0993,1508.12,-37.52,-2.55,2023,1,2023-01
7503,27,126,4,10172.6,2023-01-21,467.05,5.1986,9712.02,460.58,4.53,2023,1,2023-01
7529,13,99,10,1019033.65,2024-06-29,21330.89,5.5589,1185762.84,-166729.19,-16.36,2024,6,2024-06
7545,6,34,7,32701.85,2023-06-19,960.12,4.7803,32127.63,574.22,1.76,2023,6,2023-06
7546,35,27,1,16511.0,2023-07-27,3051.23,4.7202,14402.42,2108.58,12.77,2023,7,2023-07
7592,40,120,11,34369.0,2023-11-25,635.45,4.8927,34199.73,169.27,0.49,2023,11,2023-11
7618,14,126,3,7629.45,2024-03-05,467.05,4.9488,6934.01,695.44,9.12,2024,3,2024-03
7626,5,119,6,18558.25,2023-05-28,625.1,5.0114,18795.76,-237.51,-1.28,2023,5,2023-05
7630,28,145,14,57853.1,2024-01-27,820.56,4.9125,56434.01,1419.09,2.45,2024,1,2024-01
7650,20,89,9,708102.0,2024-10-09,14122.53,5.5737,708432.71,-330.71,-0.05,2024,10,2024-10
7656,21,143,1,4214.2,2023-08-08,896.83,4.9217,4413.93,-199.73,-4.74,2023,8,2023-08
7668,32,18,1,26572.0,2023-05-10,4834.43,4.9547,23953.15,2618.85,9.86,2023,5,2023-05
7686,11,114,5,3996.0,2023-09-22,152.46,4.9131,3745.26,250.74,6.27,2023,9,2023-09
7690,23,138,3,11921.55,2024-02-25,836.88,4.9851,12515.79,-594.24,-4.98,2024,2,2024-02
7714,30,34,4,18686.5,2023-05-24,960.12,4.9474,19000.39,-313.89,-1.68,2023,5,2023-05
7727,7,19,12,187328.6,2024-02-24,3358.13,4.9851,200887.37,-13558.77,-7.24,2024,2,2024-02
7756,14,12,14,38167.0,2023-11-09,527.97,4.9007,36223.92,1943.08,5.09,2023,11,2023-11
7764,8,85,8,293198.5,2024-12-07,7885.27,6.0293,380341.27,-87142.77,-29.72,2024,12,2024-12
7777,26,25,11,126721.45,2023-01-02,2389.36,5.3436,140445.63,-13724.18,-10.83,2023,1,2023-01
7783,22,13,10,77471.0,2023-03-07,1356.5,5.1901,70403.71,7067.29,9.12,2023,3,2023-03
7793,35,65,2,51115.0,2023-02-04,5008.66,5.103,51118.38,-3.38,-0.01,2023,2,2023-02
7854,14,36,11,236184.25,2024-11-05,4476.41,5.7846,284836.65,-48652.4,-20.6,2024,11,2024-11
7860,48,96,5,353104.0,2023-09-05,14776.4,4.9705,367230.48,-14126.48,-4.0,2023,9,2023-09
7869,1,107,4,5751.3,2024-06-05,311.59,5.2841,6585.89,-834.59,-14.51,2024,6,2024-06
7923,26,72,10,996646.0,2023-12-12,30675.48,4.9476,1517700.05,-521054.05,-52.28,2023,12,2023-12
7927,17,53,9,483075.0,2023-08-12,11332.93,4.8918,498945.84,-15870.84,-3.29,2023,8,2023-08
7938,38,80,7,859338.65,2024-08-03,24177.04,5.7366,970858.05,-111519.4,-12.98,2024,8,2024-08
7973,24,76,9,1333784.0,2023-02-22,27945.06,5.173,1301038.16,32745.84,2.46,2023,2,2023-02
7975,9,108,10,33456.0,2023-05-12,653.47,4.9234,32172.94,1283.06,3.84,2023,5,2023-05
7995,2,146,5,2356.0,2024-01-03,99.02,4.9212,2436.49,-80.49,-3.42,2024,1,2024-01
7997,15,70,10,343554.0,2024-02-04,6655.06,4.9471,329232.47,14321.53,4.17,2024,2,2024-02
7998,31,149,4,4654.0,2023-09-12,225.94,4.9505,4474.06,179.94,3.87,2023,9,2023-09
8030,42,34,1,4918.0,2024-04-11,1022.84,5.0765,5192.45,-274.45,-5.58,2024,4,2024-04
8036,31,51,8,513272.0,2024-11-02,11769.05,5.8073,546771.23,-33499.23,-6.53,2024,11,2024-11
8037,37,61,1,26618.05,2023-11-13,5396.92,4.9247,26578.21,39.84,0.15,2023,11,2023-11
8091,30,109,7,4359.0,2023-07-31,169.23,4.7415,5616.83,-1257.83,-28.86,2023,7,2023-07
8097,34,128,5,23254.0,2023-01-06,853.09,5.2855,22545.04,708.96,3.05,2023,1,2023-01
8110,47,55,11,1209859.0,2023-09-03,23326.09,4.9318,1265435.72,-55576.72,-4.59,2023,9,2023-09
8118,46,108,5,16728.0,2023-07-25,653.47,4.7496,15518.61,1209.39,7.23,2023,7,2023-07
8120,1,56,13,530911.3,2024-08-10,8087.59,5.5115,579471.78,-48560.48,-9.15,2024,8,2024-08
8134,9,40,1,13474.8,2023-07-12,2757.45,4.8058,13251.75,223.05,1.66,2023,7,2023-07
8268,4,36,13,279127.1,2024-09-27,4476.41,5.4431,316752.11,-37625.01,-13.48,2024,9,2024-09
8269,34,136,3,5920.0,2024-10-25,390.62,5.6969,6675.97,-755.97,-12.77,2024,10,2024-10
8286,6,115,14,11046.6,2023-12-24,167.9,4.8619,11428.38,-381.78,-3.46,2023,12,2023-12
8287,20,63,2,279915.0,2023-04-07,27618.14,5.0683,279954.04,-39.04,-0.01,2023,4,2023-04
8291,34,18,14,372014.0,2024-12-25,5265.1,6.1541,453627.33,-81613.33,-21.94,2024,12,2024-12
8314,16,48,11,153995.0,2023-03-18,2836.04,5.2679,164339.73,-10344.73,-6.72,2023,3,2023-03
8349,41,61,11,292794.75,2024-10-15,5102.18,5.6378,316415.77,-23621.02,-8.07,2024,10,2024-10
8377,2,101,11,4842.15,2024-05-21,96.64,5.1037,5425.44,-583.29,-12.05,2024,5,2024-05
8381,16,66,13,163431.0,2023-01-12,2360.29,5.14,157714.58,5716.42,3.5,2023,1,2023-01
8384,20,23,10,106196.7,2023-11-15,2108.74,4.8682,102657.68,3539.02,3.33,2023,11,2023-11
8392,42,128,14,61854.5,2023-07-08,853.09,4.8799,58281.91,3572.59,5.78,2023,7,2023-07
8418,16,9,8,301761.8,2024-03-16,7933.96,4.9937,316958.53,-15196.73,-5.04,2024,3,2024-03
8460,45,106,5,21924.0,2024-02-10,918.37,4.9717,22829.3,-905.3,-4.13,2024,2,2024-02
8463,20,19,12,197188.0,2023-07-15,3163.35,4.7957,182045.73,15142.27,7.68,2023,7,2023-07
8492,15,110,7,17469.0,2024-08-22,476.03,5.5524,18501.76,-1032.76,-5.91,2024,8,2024-08
8508,12,23,1,10620.05,2024-08-14,2244.66,5.4502,12233.85,-1613.8,-15.2,2024,8,2024-08
8513,2,46,12,59805.0,2023-08-31,1000.64,4.9219,59100.6,704.4,1.18,2023,8,2023-08
8541,49,114,8,6074.3,2023-09-29,152.46,5.0076,6107.67,-33.37,-0.55,2023,9,2023-09
8586,1,46,5,24919.0,2023-12-26,1000.64,4.8368,24199.48,719.52,2.89,2023,12,2023-12
8606,37,149,13,14370.65,2023-07-27,225.94,4.7202,13864.27,506.38,3.52,2023,7,2023-07
8629,42,96,10,706208.0,2024-07-30,14776.4,5.6532,835339.44,-129131.44,-18.29,2024,7,2024-07
8632,15,115,13,10258.1,2023-10-04,160.69,5.1526,10763.63,-505.53,-4.93,2023,10,2023-10
8644,34,105,1,294.5,2024-10-12,57.36,5.6263,322.72,-28.22,-9.58,2024,10,2024-10
8673,20,138,15,59608.7,2024-06-18,836.88,5.4074,67880.17,-8271.47,-13.88,2024,6,2024-06
8700,31,23,12,134144.0,2023-10-04,2108.74,5.1526,130385.92,3758.08,2.8,2023,10,2023-10
8702,6,144,4,8857.0,2024-02-02,422.52,4.9471,8360.99,496.01,5.6,2024,2,2024-02
8707,48,134,7,31371.85,2024-10-14,948.15,5.6045,37197.35,-5825.5,-18.57,2024,10,2024-10
8723,29,33,1,6716.0,2024-12-30,1325.97,6.1923,8210.8,-1494.8,-22.26,2024,12,2024-12
8724,43,94,4,154852.85,2023-04-04,8022.13,5.0762,162887.75,-8034.9,-5.19,2023,4,2023-04
8737,34,19,6,98594.0,2024-11-03,3358.13,5.8073,117010.01,-18416.01,-18.68,2024,11,2024-11
8775,21,88,12,580038.0,2024-07-04,9896.1,5.4839,651230.67,-71192.67,-12.27,2024,7,2024-07
8803,4,144,10,22141.0,2024-10-31,402.54,5.7779,23258.36,-1117.36,-5.05,2024,10,2024-10
8837,11,119,1,3093.2,2023-04-11,625.1,5.0128,3133.5,-40.3,-1.3,2023,4,2023-04
8925,6,47,15,91844.0,2024-02-07,1496.29,4.9608,111341.93,-19497.93,-21.23,2024,2,2024-02
8942,37,116,5,12234.1,2024-10-19,502.24,5.6672,14231.47,-1997.37,-16.33,2024,10,2024-10
8998,9,150,10,16457.0,2024-05-15,332.26,5.1423,17085.81,-628.81,-3.82,2024,5,2024-05
9062,37,136,11,20622.6,2023-05-04,533.84,5.0106,29423.45,-8800.85,-42.68,2023,5,2023-05
9130,35,119,14,43301.95,2023-12-31,669.88,4.8413,45403.26,-2101.31,-4.85,2023,12,2023-12
9141,8,25,9,103681.1,2024-11-12,2139.99,5.7694,111118.12,-7437.02,-7.17,2024,11,2024-11
9171,47,129,2,6532.0,2023-08-10,598.62,4.8518,5808.77,723.23,11.07,2023,8,2023-08
9174,22,58,3,310150.3,2024-04-01,20157.55,5.0532,305580.39,4569.91,1.47,2024,4,2024-04
9177,25,18,9,239152.0,2024-10-10,5265.1,5.5819,264503.36,-25351.36,-10.6,2024,10,2024-10
9191,10,84,8,347391.0,2023-12-28,8951.16,4.8413,346682.01,708.99,0.2,2023,12,2023-12
9195,27,65,9,218518.05,2023-06-06,5008.66,4.9292,222198.18,-3680.13,-1.68,2023,6,2023-06
9218,22,74,12,986767.85,2024-09-03,17160.36,5.6224,1157788.9,-171021.05,-17.33,2024,9,2024-09
9223,26,130,15,62161.0,2023-04-19,749.89,5.0467,56767.05,5393.95,8.68,2023,4,2023-04
9228,47,15,7,195298.0,2023-01-04,5325.4,5.4459,203011.17,-7713.17,-3.95,2023,1,2023-01
9231,36,105,8,2352.2,2023-01-11,59.15,5.202,2461.59,-109.39,-4.65,2023,1,2023-01
9273,40,56,10,408393.6,2023-03-12,8087.59,5.1822,419115.09,-10721.49,-2.63,2023,3,2023-03
9285,27,141,3,14345.0,2024-08-28,972.86,5.5315,16144.13,-1799.13,-12.54,2024,8,2024-08
9287,13,67,5,407497.75,2023-11-27,16720.73,4.8951,409248.23,-1750.48,-0.43,2023,11,2023-11
9290,20,103,13,22096.05,2024-01-26,341.7,4.9125,21821.82,274.23,1.24,2024,1,2024-01
9300,34,35,14,154077.0,2023-07-12,2106.85,4.8058,141751.4,12325.6,8.0,2023,7,2023-07
9323,46,94,9,366758.0,2024-03-08,8022.13,4.9751,359198.09,7559.91,2.06,2024,3,2024-03
9332,19,35,5,52276.6,2024-12-05,2106.85,5.9849,63046.43,-10769.83,-20.6,2024,12,2024-12
9339,6,118,10,40993.45,2024-03-17,893.4,4.9937,44613.72,-3620.27,-8.83,2024,3,2024-03
9349,37,48,11,153995.0,2024-11-09,2605.99,5.7648,165253.12,-11258.12,-7.31,2024,11,2024-11
9353,48,126,8,21416.0,2023-03-27,467.05,5.2306,19543.61,1872.39,8.74,2023,3,2023-03
9354,3,21,15,131018.0,2024-11-29,1584.96,6.0535,143918.33,-12900.33,-9.85,2024,11,2024-11
9360,11,137,13,41810.45,2024-11-12,673.98,5.7694,50549.98,-8739.53,-20.9,2024,11,2024-11
9385,44,31,2,15737.7,2024-08-15,1482.91,5.4651,16208.5,-470.8,-2.99,2024,8,2024-08
9387,20,123,15,41656.0,2024-03-19,535.37,5.0352,40435.43,1220.57,2.93,2024,3,2024-03
9399,40,128,10,44181.65,2023-08-09,853.09,4.9015,41814.21,2367.44,5.36,2023,8,2023-08
9404,49,8,1,4734.8,2023-11-03,1006.07,4.891,4920.69,-185.89,-3.93,2023,11,2023-11
9414,1,98,3,226178.85,2023-11-21,15850.04,4.8806,232073.12,-5894.27,-2.61,2023,11,2023-11
9417,28,134,12,53780.45,2024-07-14,948.15,5.4529,62042.01,-8261.56,-15.36,2024,7,2024-07
9418,14,137,5,16927.0,2024-01-29,619.79,4.9225,15254.58,1672.42,9.88,2024,1,2024-01
9443,13,59,12,1045994.0,2024-12-11,15361.57,6.032,1111931.88,-65937.88,-6.3,2024,12,2024-12
9452,43,88,7,338355.0,2023-05-27,9351.41,5.0114,328045.59,10309.41,3.05,2023,5,2023-05
9458,29,23,14,156501.0,2024-05-18,2244.66,5.1157,160762.1,-4261.1,-2.72,2024,5,2024-05
9483,25,150,12,19748.0,2024-10-25,288.9,5.6969,19750.01,-2.01,-0.01,2024,10,2024-10
9504,33,56,2,81679.1,2024-02-16,8087.59,4.9761,80489.31,1189.79,1.46,2024,2,2024-02
9557,48,20,2,61667.0,2023-05-31,5689.04,5.0959,57981.56,3685.44,5.98,2023,5,2023-05
9564,34,141,14,63597.75,2023-08-22,971.69,4.9431,67244.25,-3646.5,-5.73,2023,8,2023-08
9566,27,30,12,386974.0,2023-08-22,5636.75,4.9431,334356.23,52617.77,13.6,2023,8,2023-08
9568,35,99,4,429067.0,2023-06-10,21330.89,4.8922,417419.92,11647.08,2.71,2023,6,2023-06
9583,23,35,3,33017.0,2024-09-06,2106.85,5.5702,35206.73,-2189.73,-6.63,2024,9,2024-09
9585,17,25,1,11519.7,2023-03-27,2389.36,5.2306,12497.79,-978.09,-8.49,2023,3,2023-03
9595,43,106,9,39464.0,2023-07-27,837.06,4.7202,35559.82,3904.18,9.89,2023,7,2023-07
9598,19,82,11,539575.3,2024-11-21,9770.29,5.8173,625203.79,-85628.49,-15.87,2024,11,2024-11
9607,15,2,11,153980.0,2023-01-11,2577.22,5.202,147473.68,6506.32,4.23,2023,1,2023-01
9623,41,71,13,1692263.0,2024-08-05,27484.92,5.7646,2059714.41,-367451.41,-21.71,2024,8,2024-08
9625,5,74,15,1298378.0,2024-07-22,17160.36,5.5598,1431122.54,-132744.54,-10.22,2024,7,2024-07
9669,8,41,7,74200.0,2024-08-05,1906.75,5.7646,76941.56,-2741.56,-3.69,2024,8,2024-08
9681,46,94,2,77426.9,2023-10-16,8022.13,5.0618,81212.84,-3785.94,-4.89,2023,10,2023-10
9687,3,66,5,62858.0,2024-02-13,2360.29,4.9717,58673.27,4184.73,6.66,2024,2,2024-02
9713,5,10,13,416430.0,2024-08-28,6547.91,5.5315,470856.93,-54426.93,-13.07,2024,8,2024-08
9730,40,54,2,230916.5,2023-06-17,23191.9,4.8286,223968.82,6947.68,3.01,2023,6,2023-06
9741,25,121,6,22166.0,2024-08-26,747.93,5.4921,24646.24,-2480.24,-11.19,2024,8,2024-08
9754,30,5,14,331366.0,2023-09-22,4752.24,4.9131,326875.22,4490.78,1.36,2023,9,2023-09
9777,38,122,10,13225.0,2024-02-04,271.3,4.9471,13421.48,-196.48,-1.49,2024,2,2024-02
9778,46,103,13,23259.0,2024-01-21,341.7,4.9223,21865.35,1393.65,5.99,2024,1,2024-01
9860,15,45,14,131719.4,2024-08-26,1881.33,5.4921,144654.33,-12934.93,-9.82,2024,8,2024-08
9875,22,30,2,61271.2,2024-09-03,6558.44,5.6224,73748.35,-12477.15,-20.36,2024,9,2024-09
9880,8,137,2,6771.0,2024-03-01,619.79,4.9596,6147.82,623.18,9.2,2024,3,2024-03
9883,8,26,9,147771.55,2023-09-12,3412.88,4.9505,152059.16,-4287.61,-2.9,2023,9,2023-09
9899,2,16,11,330066.0,2023-07-05,5615.94,4.8577,300086.07,29979.93,9.08,2023,7,2023-07
9906,49,85,5,183249.3,2024-08-29,7885.27,5.6358,222199.02,-38949.72,-21.26,2024,8,2024-08
9950,44,75,9,294915.0,2024-05-31,6193.58,5.2416,292178.42,2736.58,0.93,2024,5,2024-05
9953,16,86,10,888469.45,2024-05-23,17824.79,5.1443,916960.67,-28491.22,-3.21,2024,5,2024-05
9971,1,86,5,467616.0,2023-11-01,17824.79,5.0194,447348.75,20267.25,4.33,2023,11,2023-11
9995,30,139,6,8549.0,2023-03-11,246.89,5.1822,7676.6,872.4,10.2,2023,3,2023-03
5,8,57,4,451403.9,2024-02-12,22497.79,4.9717,447409.05,3994.85,0.88,2024,2,2024-02
10,31,143,3,12643.55,2024-08-25,896.83,5.5263,14868.45,-2224.9,-17.6,2024,8,2024-08
31,41,91,13,1665842.1,2023-03-20,26303.31,5.2467,1794072.5,-128230.4,-7.7,2023,3,2023-03
57,40,110,11,27451.0,2023-07-17,476.03,4.8302,25292.52,2158.48,7.86,2023,7,2023-07
77,6,110,2,4741.45,2024-12-13,443.85,6.04,5361.71,-620.26,-13.08,2024,12,2024-12
104,11,24,11,242776.3,2024-03-02,4129.65,4.9596,225295.53,17480.77,7.2,2024,3,2024-03
108,4,139,6,8121.55,2023-01-19,246.89,5.2144,7724.3,397.25,4.89,2023,1,2023-01
111,28,32,10,125025.0,2023-03-06,2585.66,5.197,134376.75,-9351.75,-7.48,2023,3,2023-03
123,10,106,6,24993.55,2023-06-15,837.06,4.8222,24218.82,774.73,3.1,2023,6,2023-06
167,19,122,11,13819.65,2024-08-22,271.3,5.5524,16570.03,-2750.38,-19.9,2024,8,2024-08
168,48,7,6,111257.35,2024-10-05,3678.62,5.4686,120701.41,-9444.06,-8.49,2024,10,2024-10
176,32,124,12,45239.0,2024-11-14,665.23,5.7885,46208.21,-969.21,-2.14,2024,11,2024-11
180,25,38,2,52922.0,2024-05-16,5439.42,5.127,55775.81,-2853.81,-5.39,2024,5,2024-05
195,9,81,14,1710079.0,2023-06-24,23345.09,4.7799,1562220.74,147858.26,8.65,2023,6,2023-06
196,8,74,9,779027.0,2023-12-26,17160.36,4.8368,747011.06,32015.94,4.11,2023,12,2023-12
205,41,119,9,27836.9,2023-09-25,669.88,4.9606,29907.06,-2070.16,-7.44,2023,9,2023-09
259,11,51,5,320795.0,2023-11-27,12243.38,4.8951,299662.85,21132.15,6.59,2023,11,2023-11
334,40,86,6,561139.0,2023-11-01,17824.79,5.0194,536818.51,24320.49,4.33,2023,11,2023-11
358,42,10,15,480496.0,2023-10-06,6445.41,5.1918,501949.19,-21453.19,-4.46,2023,10,2023-10
361,29,9,15,595582.0,2024-07-15,7544.56,5.4563,617480.74,-21898.74,-3.68,2024,7,2024-07
366,18,16,14,399079.8,2024-09-19,5491.48,5.4189,416608.93,-17529.13,-4.39,2024,9,2024-09
379,25,26,14,241965.0,2024-10-18,3378.85,5.6672,268080.66,-26115.66,-10.79,2024,10,2024-10
388,6,85,3,109949.2,2024-01-28,7885.27,4.9125,116209.17,-6259.97,-5.69,2024,1,2024-01
391,29,69,2,90530.0,2024-09-04,8620.92,5.6359,97173.29,-6643.29,-7.34,2024,9,2024-09
394,25,128,11,48600.1,2023-08-17,853.09,4.9816,46747.28,1852.82,3.81,2023,8,2023-08
438,6,88,6,275518.05,2024-04-01,9896.1,5.0532,300041.84,-24523.79,-8.9,2024,4,2024-04
454,39,29,12,416217.8,2023-07-22,7689.63,4.7732,440449.7,-24231.9,-5.82,2023,7,2023-07
504,7,102,8,6323.2,2023-02-21,199.93,5.2012,8319.01,-1995.81,-31.56,2023,2,2023-02
512,14,12,14,36258.65,2024-09-25,481.53,5.4736,36899.84,-641.19,-1.77,2024,9,2024-09
519,5,101,1,439.85,2023-09-09,96.64,4.9835,481.61,-41.76,-9.49,2023,9,2023-09
520,29,10,13,416430.0,2023-01-14,5615.0,5.1146,373340.23,43089.77,10.35,2023,1,2023-01
532,41,59,6,496847.15,2024-08-11,17522.59,5.5115,579454.53,-82607.38,-16.63,2024,8,2024-08
548,27,24,14,308988.45,2024-07-06,4129.65,5.497,317809.6,-8821.15,-2.85,2024,7,2024-07
572,7,138,3,12549.0,2023-06-28,836.88,4.8563,12192.42,356.58,2.84,2023,6,2023-06
573,10,83,1,134804.0,2023-12-26,35839.7,4.8368,173349.46,-38545.46,-28.59,2023,12,2023-12
576,49,7,10,195188.0,2024-04-25,3678.62,5.1679,190107.4,5080.6,2.6,2024,4,2024-04
609,16,70,10,343554.0,2023-08-22,6655.06,4.9431,328966.27,14587.73,4.25,2023,8,2023-08
616,31,52,1,13018.8,2024-08-27,2426.66,5.4969,13339.11,-320.31,-2.46,2024,8,2024-08
656,1,135,7,11512.0,2024-10-28,328.1,5.6988,13088.43,-1576.43,-13.69,2024,10,2024-10
678,3,107,10,14377.3,2024-09-20,311.59,5.4775,17067.34,-2690.04,-18.71,2024,9,2024-09
683,18,130,14,58017.0,2023-07-27,859.48,4.7202,56796.84,1220.16,2.1,2023,7,2023-07
688,43,55,8,835903.1,2024-01-04,23326.09,4.9188,917890.97,-81987.87,-9.81,2024,1,2024-01
703,23,41,3,31800.0,2024-05-08,2005.71,5.0887,30619.37,1180.63,3.71,2024,5,2024-05
714,24,29,11,401614.0,2023-01-16,7689.63,5.1115,432360.98,-30746.98,-7.66,2023,1,2023-01
722,24,10,6,182588.1,2023-07-08,6594.15,4.8799,193072.76,-10484.66,-5.74,2023,7,2023-07
723,13,65,7,178904.0,2023-07-31,5008.66,4.7415,166239.93,12664.07,7.08,2023,7,2023-07
726,22,39,12,337814.3,2023-10-31,5270.87,5.0575,319889.1,17925.2,5.31,2023,10,2023-10
736,16,69,10,430017.5,2024-03-08,9219.51,4.9751,458679.84,-28662.34,-6.67,2024,3,2024-03
791,48,7,1,19519.0,2023-07-09,3678.62,4.8799,17951.3,1567.7,8.03,2023,7,2023-07
797,3,150,7,10944.0,2024-09-04,292.03,5.6359,11520.96,-576.96,-5.27,2024,9,2024-09
821,42,103,11,19681.0,2024-02-24,341.7,4.9851,18737.5,943.5,4.79,2024,2,2024-02
829,45,27,14,231160.0,2023-05-19,3051.23,4.9858,212979.52,18180.48,7.86,2023,5,2023-05
832,41,11,12,434783.0,2023-03-28,6839.44,5.1733,424589.7,10193.3,2.34,2023,3,2023-03
834,10,9,6,238233.0,2024-02-02,7933.96,4.9471,235500.56,2732.44,1.15,2024,2,2024-02
843,22,92,14,1181759.15,2024-07-09,16239.74,5.4387,1236523.04,-54763.89,-4.63,2024,7,2024-07
848,23,98,9,714250.0,2024-03-11,15850.04,4.9777,710070.7,4179.3,0.59,2024,3,2024-03
854,42,49,14,185700.0,2024-11-13,2352.61,5.7713,190086.65,-4386.65,-2.36,2024,11,2024-11
868,37,43,4,140387.0,2023-12-26,6219.32,4.8368,120326.43,20060.57,14.29,2023,12,2023-12
886,17,109,1,591.85,2023-03-28,169.23,5.1733,875.48,-283.63,-47.92,2023,3,2023-03
914,31,91,13,1753518.0,2024-01-11,27671.77,4.8794,1755281.25,-1763.25,-0.1,2024,1,2024-01
917,28,15,4,111599.0,2024-07-29,5267.98,5.6479,119012.1,-7413.1,-6.64,2024,7,2024-07
932,15,113,10,43950.0,2023-08-07,815.5,4.901,39967.66,3982.35,9.06,2023,8,2023-08
943,5,18,6,159435.0,2024-02-13,5536.62,4.9717,165158.48,-5723.48,-3.59,2024,2,2024-02
950,18,34,8,39340.0,2023-12-16,1022.84,4.9397,40420.18,-1080.18,-2.75,2023,12,2023-12
1002,45,78,5,608808.0,2023-04-07,23053.04,5.0683,584198.61,24609.39,4.04,2023,4,2023-04
1007,28,98,10,793611.0,2023-10-01,15850.04,5.0076,793706.6,-95.6,-0.01,2023,10,2023-10
1018,28,9,10,397055.0,2023-05-12,7933.96,4.9234,390620.59,6434.41,1.62,2023,5,2023-05
1026,17,113,4,16701.0,2024-05-09,815.5,5.1577,16824.42,-123.42,-0.74,2024,5,2024-05
1041,33,6,2,23640.0,2024-08-16,2172.43,5.4632,23736.84,-96.84,-0.41,2024,8,2024-08
1043,13,120,7,20777.45,2024-02-22,635.45,4.9419,21982.31,-1204.86,-5.8,2024,2,2024-02
1048,15,89,12,944137.0,2024-10-07,14122.53,5.4626,925748.79,18388.21,1.95,2024,10,2024-10
1076,16,34,1,4918.0,2024-05-11,951.66,5.1464,4897.62,20.38,0.41,2024,5,2024-05
1087,48,105,6,1764.15,2023-10-08,62.64,5.1918,1951.29,-187.14,-10.61,2023,10,2023-10
1098,6,27,5,78429.15,2023-01-05,3051.23,5.4026,82422.88,-3993.73,-5.09,2023,1,2023-01
1111,8,93,3,286359.45,2024-05-23,19409.47,5.1443,299544.41,-13184.96,-4.6,2024,5,2024-05
1112,44,125,6,19391.4,2023-08-03,646.27,4.8797,18921.62,469.78,2.42,2023,8,2023-08
1139,48,83,3,384191.4,2024-09-16,35839.7,5.5207,593580.7,-209389.3,-54.5,2024,9,2024-09
1140,21,138,14,55634.85,2024-02-06,836.88,4.9687,58214.88,-2580.03,-4.64,2024,2,2024-02
1143,9,10,4,121725.4,2024-04-12,6547.91,5.1364,134530.74,-12805.34,-10.52,2024,4,2024-04
1164,4,62,7,679776.3,2024-09-14,20000.78,5.5717,780068.42,-100292.12,-14.75,2024,9,2024-09
1185,33,92,7,590880.05,2024-09-16,16239.74,5.5207,627583.13,-36703.08,-6.21,2024,9,2024-09
1197,41,138,12,50197.0,2024-04-22,836.88,5.2043,52264.5,-2067.5,-4.12,2024,4,2024-04
1208,23,86,8,748185.0,2023-02-08,17824.79,5.2036,742024.62,6160.38,0.82,2023,2,2023-02
1257,2,99,15,1609000.0,2023-12-05,21330.89,4.9522,1584522.5,24477.5,1.52,2023,12,2023-12
1272,24,141,9,40884.2,2023-04-17,942.08,4.9421,41902.68,-1018.48,-2.49,2023,4,2023-04
1287,13,119,6,18558.25,2023-12-06,669.88,4.9031,19706.93,-1148.68,-6.19,2023,12,2023-12
1297,1,33,2,12760.4,2024-06-06,1325.97,5.2681,13970.69,-1210.29,-9.48,2024,6,2024-06
1298,1,55,3,313463.9,2023-06-09,23326.09,4.8922,342347.69,-28883.79,-9.21,2023,6,2023-06
1308,38,3,1,9024.0,2023-02-07,1753.77,5.1695,9066.11,-42.11,-0.47,2023,2,2023-02
1313,32,111,5,20354.7,2023-01-27,821.82,5.0767,20860.67,-505.97,-2.49,2023,1,2023-01
1322,12,139,13,17596.85,2023-11-03,246.89,4.891,15698.01,1898.84,10.79,2023,11,2023-11
1329,41,92,4,337645.2,2024-10-24,16239.74,5.7087,370831.21,-33186.01,-9.83,2024,10,2024-10
1331,46,96,2,134179.9,2023-10-02,14776.4,5.0679,149770.64,-15590.74,-11.62,2023,10,2023-10
1346,48,43,10,333420.55,2023-01-19,6219.32,5.2144,324300.22,9120.33,2.74,2023,1,2023-01
1352,32,39,10,281511.6,2023-10-17,5270.87,5.0384,265567.51,15944.09,5.66,2023,10,2023-10
1360,14,30,2,61271.2,2024-06-03,6558.44,5.2373,68697.04,-7425.84,-12.12,2024,6,2024-06
1364,3,129,11,34131.6,2023-05-29,598.62,4.9954,32893.81,1237.79,3.63,2023,5,2023-05
1370,29,93,5,502385.0,2024-09-28,19072.72,5.4431,519073.61,-16688.61,-3.32,2024,9,2024-09
1373,44,144,15,33212.0,2023-08-28,422.52,4.8938,31015.93,2196.07,6.61,2023,8,2023-08
1375,46,110,8,18965.8,2024-05-24,476.03,5.1508,19615.48,-649.68,-3.43,2024,5,2024-05
1388,34,124,2,7540.0,2024-07-09,665.23,5.4387,7235.97,304.03,4.03,2024,7,2024-07
1390,39,38,2,50275.9,2023-11-25,5439.42,4.8927,53226.9,-2951.0,-5.87,2023,11,2023-11
1401,23,55,2,208975.3,2023-11-03,23326.09,4.891,228175.81,-19200.51,-9.19,2023,11,2023-11
1407,12,49,8,106114.0,2023-08-18,2627.0,4.9724,104499.96,1614.04,1.52,2023,8,2023-08
1438,47,22,10,394529.0,2024-01-03,7630.67,4.9212,375520.53,19008.47,4.82,2024,1,2024-01
1440,39,23,13,138055.9,2024-09-05,2244.66,5.6049,163554.23,-25498.33,-18.47,2024,9,2024-09
1448,40,132,5,7815.0,2023-07-31,276.61,4.7415,6557.73,1257.27,16.09,2023,7,2023-07
1449,33,101,2,880.65,2023-08-12,96.64,4.8918,945.49,-64.84,-7.36,2023,8,2023-08
1459,5,133,4,7571.0,2024-10-01,381.67,5.4521,8323.61,-752.61,-9.94,2024,10,2024-10
1462,32,3,2,17145.6,2024-06-27,1753.77,5.5229,19371.79,-2226.19,-12.98,2024,6,2024-06
1503,25,32,8,95019.0,2023-01-06,2585.66,5.2855,109332.05,-14313.05,-15.06,2023,1,2023-01
1505,38,25,14,169770.0,2023-08-31,2389.36,4.9219,164642.67,5127.33,3.02,2023,8,2023-08
1526,26,139,6,8549.0,2023-06-24,246.89,4.7799,7080.66,1468.34,17.18,2023,6,2023-06
1561,7,133,10,18927.0,2023-08-10,348.47,4.8518,16907.07,2019.93,10.67,2023,8,2023-08
1571,6,34,11,51388.35,2023-01-11,960.12,5.202,54939.99,-3551.64,-6.91,2023,1,2023-01
1577,30,31,9,74548.0,2024-01-24,1686.13,4.9192,74649.7,-101.7,-0.14,2024,1,2024-01
1592,37,101,5,2317.0,2023-03-29,87.95,5.1493,2264.4,52.6,2.27,2023,3,2023-03
1602,5,45,15,141128.2,2024-08-14,1881.33,5.4502,153804.37,-12676.17,-8.98,2024,8,2024-08
1604,30,55,4,439949.0,2024-02-04,23326.09,4.9471,461586.0,-21637.0,-4.92,2024,2,2024-02
1614,5,142,1,784.7,2024-08-11,169.88,5.5115,936.29,-151.59,-19.32,2024,8,2024-08
1618,1,86,4,374093.0,2024-07-07,17824.79,5.497,391931.48,-17838.48,-4.77,2024,7,2024-07
1628,11,41,1,10070.0,2024-03-22,2005.71,4.9897,10007.89,62.11,0.62,2024,3,2024-03
1629,10,49,2,26528.0,2024-01-31,2627.0,4.9535,26025.69,502.31,1.89,2024,1,2024-01
1647,48,35,10,110055.0,2024-06-10,2106.85,5.3666,113066.21,-3011.21,-2.74,2024,6,2024-06
1692,33,54,14,1616412.65,2023-12-10,23191.9,4.9158,1596094.39,20318.26,1.26,2023,12,2023-12
1700,15,89,8,597952.8,2023-03-06,14832.32,5.197,616668.54,-18715.74,-3.13,2023,3,2023-03
1706,14,48,4,55997.75,2023-08-22,3020.3,4.9431,59718.58,-3720.83,-6.64,2023,8,2023-08
1711,4,115,5,3945.35,2024-09-18,167.9,5.4767,4597.69,-652.34,-16.53,2024,9,2024-09
1733,40,37,14,84948.0,2024-12-05,1211.89,5.9849,101542.57,-16594.57,-19.53,2024,12,2024-12
1753,42,27,13,203916.55,2024-09-22,3051.23,5.4775,217270.46,-13353.91,-6.55,2024,9,2024-09
1754,45,146,8,3968.0,2024-02-08,99.02,4.9804,3945.27,22.73,0.57,2024,2,2024-02
1755,45,101,9,3962.45,2023-11-03,96.64,4.891,4254.0,-291.55,-7.36,2023,11,2023-11
1785,24,103,5,8498.7,2023-03-05,341.7,5.2037,8890.52,-391.82,-4.61,2023,3,2023-03
1789,35,67,2,162999.1,2024-12-18,16720.73,6.1624,206079.65,-43080.55,-26.43,2024,12,2024-12
1790,27,56,8,343910.0,2024-06-26,8087.59,5.5097,356481.56,-12571.56,-3.66,2024,6,2024-06
1802,9,111,7,29997.0,2024-08-15,860.37,5.4651,32914.06,-2917.06,-9.72,2024,8,2024-08
1803,2,75,12,393221.0,2024-08-08,6193.58,5.6172,417486.93,-24265.93,-6.17,2024,8,2024-08
1831,24,136,2,3947.0,2023-02-13,533.84,5.1834,5534.21,-1587.21,-40.21,2023,2,2023-02
1853,44,27,5,78429.15,2023-08-12,3051.23,4.8918,74630.03,3799.12,4.84,2023,8,2023-08
1863,26,79,3,198441.0,2023-06-03,11724.63,4.9558,174314.76,24126.24,12.16,2023,6,2023-06
1871,19,45,6,59422.0,2023-10-01,1881.33,5.0076,56525.69,2896.31,4.87,2023,10,2023-10
1885,18,130,11,45585.0,2023-07-15,859.48,4.7957,45339.89,245.11,0.54,2023,7,2023-07
1936,3,138,15,62746.0,2023-09-12,836.88,4.9505,62144.62,601.38,0.96,2023,9,2023-09
1942,5,62,4,408888.0,2024-04-23,20000.78,5.1626,413024.11,-4136.11,-1.01,2024,4,2024-04
1945,29,103,4,7157.0,2023-12-16,341.7,4.9397,6751.58,405.42,5.66,2023,12,2023-12
1952,15,140,1,2978.25,2023-01-14,586.81,5.1146,3001.3,-23.05,-0.77,2023,1,2023-01
1970,16,114,12,9591.0,2024-11-10,152.46,5.7648,10546.82,-955.82,-9.97,2024,11,2024-11
1973,31,83,11,1408700.85,2024-05-08,35839.7,5.0887,2006152.3,-597451.45,-42.41,2024,5,2024-05
1981,34,16,5,142528.5,2023-05-02,5615.94,5.0334,141336.36,1192.14,0.84,2023,5,2023-05
1992,32,99,13,1324743.65,2023-12-25,21330.89,4.8619,1348212.5,-23468.85,-1.77,2023,12,2023-12
2032,12,46,14,66284.35,2023-05-31,1007.47,5.0959,71875.53,-5591.18,-8.44,2023,5,2023-05
2050,12,30,8,245083.85,2024-11-05,6558.44,5.7846,303503.62,-58419.77,-23.84,2024,11,2024-11
2054,41,136,11,21708.0,2023-06-22,533.84,4.775,28039.95,-6331.95,-29.17,2023,6,2023-06
2055,18,33,8,51039.7,2023-08-17,1268.8,4.9816,50565.23,474.47,0.93,2023,8,2023-08
2100,10,129,7,21719.85,2024-05-19,661.98,5.1157,23705.44,-1985.59,-9.14,2024,5,2024-05
2128,19,102,10,7904.0,2023-04-22,199.93,5.0497,10095.87,-2191.87,-27.73,2023,4,2023-04
2135,14,115,10,7890.7,2023-03-19,160.69,5.2679,8464.99,-574.29,-7.28,2023,3,2023-03
2140,40,112,15,31078.3,2024-06-09,430.01,5.2802,34058.08,-2979.78,-9.59,2024,6,2024-06
2157,32,117,9,36927.0,2024-03-17,823.4,4.9937,37006.31,-79.31,-0.21,2024,3,2024-03
2158,44,44,15,153997.85,2023-02-11,1963.02,5.2526,154664.38,-666.53,-0.43,2023,2,2023-02
2167,2,62,7,679776.3,2024-05-17,20000.78,5.1157,716225.93,-36449.63,-5.36,2024,5,2024-05
2179,5,18,12,318869.0,2023-05-29,4834.43,4.9954,289798.94,29070.06,9.12,2023,5,2023-05
2181,3,56,2,85978.0,2024-12-02,8087.59,6.0634,98076.59,-12098.59,-14.07,2024,12,2024-12
2202,18,44,14,143731.2,2023-05-25,1963.02,4.999,137383.92,6347.28,4.42,2023,5,2023-05
2239,14,30,6,193487.0,2023-10-24,6558.44,5.0065,197008.98,-3521.98,-1.82,2023,10,2023-10
2265,17,118,3,12945.0,2023-07-28,797.41,4.7253,11304.0,1641.0,12.68,2023,7,2023-07
2274,34,99,3,321800.0,2023-04-16,21330.89,4.9455,316475.75,5324.25,1.65,2023,4,2023-04
2286,27,105,2,588.05,2023-08-24,62.64,4.8748,610.71,-22.66,-3.85,2023,8,2023-08
2293,7,103,13,22096.05,2023-10-30,341.7,5.0074,22243.37,-147.32,-0.67,2023,10,2023-10
2294,15,123,5,13885.0,2023-10-30,535.37,5.0074,13404.06,480.94,3.46,2023,10,2023-10
2305,44,51,9,548559.45,2023-12-21,12243.38,4.8755,537233.39,11326.06,2.06,2023,12,2023-12
2330,37,78,5,608808.0,2024-05-23,24425.59,5.1443,628262.81,-19454.81,-3.2,2024,5,2024-05
2332,33,109,12,7472.0,2024-09-17,123.24,5.501,8135.32,-663.32,-8.88,2024,9,2024-09
2343,42,126,4,10172.6,2024-05-01,467.05,5.1718,9661.96,510.64,5.02,2024,5,2024-05
2384,43,42,6,35957.0,2023-07-04,1263.57,4.8056,36433.27,-476.27,-1.32,2023,7,2023-07
2393,22,54,14,1701487.0,2024-03-22,23191.9,4.9897,1620088.73,81398.27,4.78,2024,3,2024-03
2411,31,16,10,285057.0,2023-11-11,5615.94,4.9219,276410.95,8646.05,3.03,2023,11,2023-11
2434,11,5,5,112427.75,2024-09-18,4752.24,5.4767,130132.96,-17705.21,-15.75,2024,9,2024-09
2469,24,142,8,6280.45,2024-12-19,149.71,6.1841,7406.57,-1126.12,-17.93,2024,12,2024-12
2470,47,44,7,75648.0,2023-04-14,1963.02,4.9455,67956.81,7691.19,10.17,2023,4,2023-04
2592,10,106,8,33325.05,2023-12-23,918.37,4.8619,35720.18,-2395.13,-7.19,2023,12,2023-12
2620,38,16,3,90018.0,2023-02-23,5615.94,5.133,86479.86,3538.14,3.93,2023,2,2023-02
2628,10,109,10,6227.0,2023-03-12,169.23,5.1822,8769.84,-2542.84,-40.84,2023,3,2023-03
2632,24,135,5,8223.0,2023-10-22,328.1,5.0528,8289.12,-66.12,-0.8,2023,10,2023-10
2653,25,83,13,1664827.5,2024-08-28,35839.7,5.5315,2577214.91,-912387.41,-54.8,2024,8,2024-08
2670,1,62,1,97110.9,2023-08-30,20000.78,4.8653,97309.79,-198.89,-0.2,2023,8,2023-08
2673,15,139,7,9475.3,2023-03-16,246.89,5.2892,9140.95,334.35,3.53,2023,3,2023-03
2732,19,136,8,14998.6,2024-02-23,390.62,4.9851,15578.24,-579.64,-3.86,2024,2,2024-02
2739,24,98,4,301572.75,2023-07-04,15262.93,4.8056,293390.15,8182.6,2.71,2023,7,2023-07
2753,33,78,5,578367.6,2023-03-14,23053.04,5.2362,603551.64,-25184.04,-4.35,2023,3,2023-03
2758,5,101,15,6951.0,2023-09-27,96.64,5.0289,7289.89,-338.89,-4.88,2023,9,2023-09
2769,24,144,9,19927.0,2023-09-06,422.52,4.9762,18922.9,1004.1,5.04,2023,9,2023-09
2770,20,139,13,17596.85,2024-09-11,246.89,5.6387,18097.8,-500.95,-2.85,2024,9,2024-09
2781,9,62,10,1022220.0,2024-06-28,20000.78,5.5589,1111823.36,-89603.36,-8.77,2024,6,2024-06
2812,31,44,11,112931.25,2024-11-11,2159.34,5.798,137718.39,-24787.14,-21.95,2024,11,2024-11
2878,23,20,8,234334.6,2023-02-08,5689.04,5.2036,236827.91,-2493.31,-1.06,2023,2,2023-02
2896,35,29,11,401614.0,2023-10-27,7689.63,4.948,418531.18,-16917.18,-4.21,2023,10,2023-10
2909,16,61,13,346029.9,2024-09-11,5102.18,5.6387,374005.61,-27975.71,-8.08,2024,9,2024-09
2911,6,7,6,111257.35,2023-12-24,3678.62,4.8619,107310.5,3946.85,3.55,2023,12,2023-12
2916,33,57,3,338553.4,2023-01-29,22497.79,5.0767,342643.59,-4090.19,-1.21,2023,1,2023-01
2979,6,39,10,281511.6,2023-12-29,5270.87,4.8413,255178.63,26332.97,9.35,2023,12,2023-12
2985,26,107,7,10064.3,2023-01-26,295.48,5.0951,10538.5,-474.2,-4.71,2023,1,2023-01
3002,29,23,10,111786.0,2024-04-02,2244.66,5.0476,113301.46,-1515.46,-1.36,2024,4,2024-04
3044,43,145,10,43499.0,2023-03-14,820.56,5.2362,42966.16,532.84,1.22,2023,3,2023-03
3052,9,72,12,1195976.0,2023-01-31,30675.48,5.0993,1877081.7,-681105.7,-56.95,2023,1,2023-01
3124,26,89,6,448464.6,2024-05-06,14832.32,5.0727,451439.46,-2974.86,-0.66,2024,5,2024-05
3135,33,6,14,157208.85,2024-09-25,2172.43,5.4736,166474.18,-9265.33,-5.89,2024,9,2024-09
3143,17,8,11,54826.0,2024-05-03,947.05,5.0668,52783.64,2042.36,3.73,2024,5,2024-05
3166,11,72,7,697652.0,2023-05-22,30675.48,4.968,1066770.49,-369118.49,-52.91,2023,5,2023-05
3186,6,127,14,20606.45,2024-08-24,296.24,5.5263,22919.56,-2313.11,-11.23,2024,8,2024-08
3188,7,63,14,1959407.0,2023-06-05,27618.14,4.9236,1903729.44,55677.56,2.84,2023,6,2023-06
3191,43,87,2,133720.0,2023-01-13,11794.37,5.1146,120646.97,13073.03,9.78,2023,1,2023-01
3213,18,150,7,11520.0,2023-09-07,326.88,4.9762,11386.34,133.66,1.16,2023,9,2023-09
3215,43,16,6,171034.2,2023-04-02,5615.94,5.0804,171187.33,-153.13,-0.09,2023,4,2023-04
3249,11,14,6,214866.0,2024-01-31,6767.66,4.9535,201141.62,13724.38,6.39,2024,1,2024-01
3252,35,129,5,15514.45,2023-06-30,598.62,4.8192,14424.35,1090.1,7.03,2023,6,2023-06
3254,45,71,13,1692263.0,2024-11-16,23100.17,5.7885,1738299.34,-46036.34,-2.72,2024,11,2024-11
3260,37,68,4,267588.0,2023-05-26,13226.26,5.0114,265128.32,2459.68,0.92,2023,5,2023-05
3263,47,58,8,870597.0,2024-02-21,20157.55,4.9303,795062.15,75534.85,8.68,2024,2,2024-02
3283,8,73,1,143160.0,2024-04-11,28694.54,5.0765,145667.83,-2507.83,-1.75,2024,4,2024-04
3302,26,11,9,326087.0,2024-05-15,7246.24,5.1423,335361.06,-9274.06,-2.84,2024,5,2024-05
3321,10,91,4,539544.0,2023-08-23,26303.31,4.8977,515302.89,24241.11,4.49,2023,8,2023-08
3352,7,125,6,19391.4,2024-02-23,646.27,4.9851,19330.32,61.08,0.31,2024,2,2024-02
3359,34,116,5,12878.0,2023-10-29,502.24,4.948,12425.42,452.58,3.51,2023,10,2023-10
3362,37,48,11,162100.0,2024-06-01,2940.57,5.2416,169546.21,-7446.21,-4.59,2024,6,2024-06
3368,12,120,2,6249.0,2023-04-21,586.85,5.0497,5926.83,322.17,5.16,2023,4,2023-04
3373,5,149,8,9309.0,2024-01-25,225.94,4.9232,8898.78,410.22,4.41,2024,1,2024-01
3399,1,140,15,44668.05,2024-02-06,586.81,4.9687,43735.24,932.81,2.09,2024,2,2024-02
3431,28,119,14,45581.0,2023-07-02,625.1,4.8192,42174.75,3406.25,7.47,2023,7,2023-07
3464,35,141,11,52600.0,2024-02-11,972.86,4.9717,53204.45,-604.45,-1.15,2024,2,2024-02
3470,35,27,15,247672.0,2023-07-25,3051.23,4.7496,217381.83,30290.17,12.23,2023,7,2023-07
3478,27,29,7,255572.0,2023-01-19,7689.63,5.2144,280677.65,-25105.65,-9.82,2023,1,2023-01
3488,30,11,8,275362.25,2023-04-29,6839.44,5.0007,273615.9,1746.35,0.63,2023,4,2023-04
3494,4,20,12,370001.0,2023-08-25,5689.04,4.8772,332959.03,37041.97,10.01,2023,8,2023-08
3502,14,2,2,27996.0,2024-10-26,2829.74,5.6969,32241.49,-4245.49,-15.16,2024,10,2024-10
3581,39,113,5,21975.0,2024-09-29,777.57,5.4431,21161.96,813.04,3.7,2024,9,2024-09
3596,7,70,5,163188.15,2023-11-10,6655.06,4.9219,163777.7,-589.55,-0.36,2023,11,2023-11
3619,42,78,4,487046.0,2023-07-04,23053.04,4.8056,443134.76,43911.24,9.02,2023,7,2023-07
3648,28,63,11,1539534.0,2024-12-12,27618.14,5.9408,1804812.31,-265278.31,-17.23,2024,12,2024-12
3661,2,61,7,196130.0,2024-03-28,5396.92,4.9962,188748.64,7381.36,3.76,2024,3,2024-03
3664,35,99,3,321800.0,2023-11-12,21330.89,4.9219,314965.52,6834.48,2.12,2023,11,2023-11
3672,20,54,15,1823022.0,2024-02-04,23191.9,4.9471,1720989.73,102032.27,5.6,2024,2,2024-02
3694,28,118,14,60412.0,2023-09-17,797.41,4.8689,54355.13,6056.87,10.03,2023,9,2023-09
3709,8,132,4,6252.0,2023-08-17,276.61,4.9816,5511.84,740.16,11.84,2023,8,2023-08
3714,22,99,9,965400.0,2024-07-24,21330.89,5.6346,1081719.3,-116319.3,-12.05,2024,7,2024-07
3725,41,74,11,904536.8,2023-11-02,17160.36,5.0194,947481.82,-42945.02,-4.75,2023,11,2023-11
3756,27,13,13,100712.0,2024-03-08,1356.5,4.9751,87733.4,12978.6,12.89,2024,3,2024-03
3770,22,82,5,245261.5,2024-04-06,9770.29,5.052,246797.53,-1536.03,-0.63,2024,4,2024-04
3772,46,130,9,37297.0,2023-09-22,859.48,4.9131,38004.4,-707.4,-1.9,2023,9,2023-09
3780,47,126,5,13385.0,2024-01-23,467.05,4.9715,11609.7,1775.3,13.26,2024,1,2024-01
3826,24,51,8,487608.4,2023-09-07,12243.38,4.9762,487404.06,204.34,0.04,2023,9,2023-09
3843,35,92,15,1266171.4,2024-02-06,16745.97,4.9687,1248085.52,18085.88,1.43,2024,2,2024-02
3849,26,52,7,95929.0,2023-07-11,2634.69,4.8949,90275.81,5653.19,5.89,2023,7,2023-07
3862,20,105,12,3714.0,2023-11-03,62.64,4.891,3676.47,37.53,1.01,2023,11,2023-11
3870,17,40,4,53899.2,2024-08-24,2867.26,5.5263,63381.36,-9482.16,-17.59,2024,8,2024-08
3912,23,13,11,80957.1,2023-02-16,1356.5,5.2432,78236.41,2720.69,3.36,2023,2,2023-02
3937,36,146,9,4464.0,2023-06-20,99.02,4.793,4271.43,192.57,4.31,2023,6,2023-06
4007,30,48,5,73682.0,2023-11-30,3020.3,4.9355,74533.45,-851.45,-1.16,2023,11,2023-11
4018,35,12,10,27262.0,2023-05-27,527.97,5.0114,26458.69,803.31,2.95,2023,5,2023-05
4053,9,33,1,6716.0,2024-08-23,1325.97,5.5263,7327.71,-611.71,-9.11,2024,8,2024-08
4056,25,103,15,25496.1,2024-12-11,326.91,6.032,29578.82,-4082.72,-16.01,2024,12,2024-12
4067,30,109,4,2366.45,2024-12-04,123.24,6.0581,2986.4,-619.95,-26.2,2024,12,2024-12
4080,23,80,11,1350388.9,2023-01-24,24177.04,5.1696,1374841.89,-24452.99,-1.81,2023,1,2023-01
4103,27,51,9,548559.45,2023-02-12,12243.38,5.2526,578786.2,-30226.75,-5.51,2023,2,2023-02
4156,30,40,10,141840.0,2023-10-06,2970.73,5.1918,154234.36,-12394.36,-8.74,2023,10,2023-10
4189,9,2,3,41994.0,2023-04-14,2577.22,4.9455,38236.92,3757.08,8.95,2023,4,2023-04
4197,47,124,10,35814.05,2024-11-05,665.23,5.7846,38480.89,-2666.84,-7.45,2024,11,2024-11
4207,5,88,5,241682.0,2024-10-14,9896.1,5.6045,277313.46,-35631.46,-14.74,2024,10,2024-10
4212,9,96,6,402538.75,2023-01-01,13063.42,5.3436,418834.15,-16295.4,-4.05,2023,1,2023-01
4228,29,111,7,29997.0,2024-01-20,821.82,4.9223,28316.71,1680.29,5.6,2024,1,2024-01
4238,7,112,1,2071.95,2024-11-13,406.44,5.7713,2345.69,-273.74,-13.21,2024,11,2024-11
4244,13,102,7,5824.0,2023-02-24,199.93,5.1791,7248.2,-1424.2,-24.45,2023,2,2023-02
4252,33,32,8,95019.0,2024-07-07,2430.64,5.497,106889.82,-11870.82,-12.49,2024,7,2024-07
4253,25,42,6,35957.0,2024-05-16,1263.57,5.127,38869.94,-2912.94,-8.1,2024,5,2024-05
4255,2,39,12,355594.0,2023-11-05,5270.87,4.891,309357.9,46236.1,13.0,2023,11,2023-11
4256,3,130,12,47242.55,2024-07-17,752.23,5.467,49349.3,-2106.75,-4.46,2024,7,2024-07
4275,46,54,13,1500955.35,2024-09-23,23191.9,5.5446,1671667.51,-170712.16,-11.37,2024,9,2024-09
4277,7,20,6,185001.0,2024-11-22,5689.04,5.8124,198401.86,-13400.86,-7.24,2024,11,2024-11
4316,48,126,3,7629.45,2023-05-02,467.05,5.0334,7052.55,576.9,7.56,2023,5,2023-05
4328,10,106,4,16662.05,2023-02-21,837.06,5.2012,17414.87,-752.82,-4.52,2023,2,2023-02
4329,17,78,1,121762.0,2024-01-08,25349.04,4.885,123830.06,-2068.06,-1.7,2024,1,2024-01
4369,47,84,2,86848.0,2024-12-28,8456.45,6.1991,104844.76,-17996.76,-20.72,2024,12,2024-12
4374,28,38,8,201104.55,2023-06-29,5097.21,4.8584,198114.28,2990.27,1.49,2023,6,2023-06
4378,20,62,3,306666.0,2024-01-20,20000.78,4.9223,295349.52,11316.48,3.69,2024,1,2024-01
4391,8,80,10,1227626.1,2024-08-27,24177.04,5.4969,1328987.71,-101361.61,-8.26,2024,8,2024-08
4418,9,91,13,1665842.1,2024-11-16,27671.77,5.7885,2082314.53,-416472.43,-25.0,2024,11,2024-11
4422,48,35,5,52276.6,2023-05-27,2106.85,5.0114,52791.34,-514.74,-0.98,2023,5,2023-05
4436,15,32,14,175034.0,2023-10-24,2560.62,5.0065,179476.42,-4442.42,-2.54,2023,10,2023-10
4459,21,149,12,13963.0,2024-03-30,225.94,4.9962,13546.1,416.9,2.99,2024,3,2024-03
4467,19,63,9,1259619.0,2023-12-12,27618.14,4.9476,1229791.59,29827.41,2.37,2023,12,2023-12
4468,38,84,15,651358.0,2023-05-02,8663.64,5.0334,654113.48,-2755.48,-0.42,2023,5,2023-05
4471,18,149,14,16291.0,2023-10-13,225.94,5.0625,16013.5,277.5,1.7,2023,10,2023-10
4473,14,47,7,40717.95,2023-07-25,1496.29,4.7496,49747.45,-9029.5,-22.18,2023,7,2023-07
4543,28,59,14,1159309.7,2024-09-26,15467.88,5.4412,1178293.6,-18983.9,-1.64,2024,9,2024-09
4581,27,13,10,77471.0,2023-01-14,1356.5,5.1146,69379.55,8091.45,10.44,2023,1,2023-01
4590,44,21,9,78611.0,2023-08-01,1674.22,4.7752,71952.62,6658.38,8.47,2023,8,2023-08
4593,35,22,5,197264.0,2023-06-30,7630.67,4.8192,183868.62,13395.38,6.79,2023,6,2023-06
4596,20,124,8,28651.05,2023-05-01,725.63,5.0007,29029.26,-378.21,-1.32,2023,5,2023-05
4617,33,107,1,1437.35,2024-06-05,311.59,5.2841,1646.47,-209.12,-14.55,2024,6,2024-06
4630,10,20,3,87875.0,2024-04-08,5689.04,5.0421,86054.13,1820.87,2.07,2024,4,2024-04
4675,48,56,4,171955.0,2023-02-05,8087.59,5.103,165083.89,6871.11,4.0,2023,2,2023-02
4676,30,1,10,331225.0,2023-08-22,6360.91,4.9431,314426.14,16798.86,5.07,2023,8,2023-08
4677,42,51,13,792363.65,2024-05-29,12243.38,5.1972,827206.83,-34843.18,-4.4,2024,5,2024-05
4693,6,124,6,22620.0,2024-03-04,725.63,4.9475,21540.33,1079.67,4.77,2024,3,2024-03
4704,28,40,2,28368.0,2024-08-08,2867.26,5.6172,32211.95,-3843.95,-13.55,2024,8,2024-08
4734,36,57,4,451403.9,2024-04-04,23810.02,5.0237,478457.59,-27053.69,-5.99,2024,4,2024-04
4739,23,144,11,24356.0,2023-08-26,422.52,4.8772,22667.86,1688.14,6.93,2023,8,2023-08
4751,37,66,9,107487.75,2024-09-12,2297.7,5.6554,116949.71,-9461.96,-8.8,2024,9,2024-09
4761,12,21,9,74680.45,2024-07-23,1689.08,5.5807,84836.24,-10155.79,-13.6,2024,7,2024-07
4834,10,149,5,5527.1,2024-04-11,225.94,5.0765,5734.92,-207.82,-3.76,2024,4,2024-04
4868,34,104,9,33417.0,2023-05-08,742.54,4.9696,33211.14,205.86,0.62,2023,5,2023-05
4873,39,18,13,345442.0,2024-06-21,5265.1,5.4416,372457.39,-27015.39,-7.82,2024,6,2024-06
4938,19,87,1,63517.0,2023-01-18,11794.37,5.0909,60043.96,3473.04,5.47,2023,1,2023-01
4950,35,47,10,61230.0,2023-11-20,1496.29,4.8723,72903.74,-11673.74,-19.07,2023,11,2023-11
4953,43,125,3,10206.0,2023-06-23,646.27,4.7799,9267.32,938.68,9.2,2023,6,2023-06
4966,29,142,6,4958.0,2023-08-07,160.09,4.901,4707.61,250.39,5.05,2023,8,2023-08
4973,25,36,14,300598.05,2023-10-19,4476.41,5.054,316732.87,-16134.82,-5.37,2023,10,2023-10
4980,7,134,14,66047.0,2023-10-06,948.15,5.1918,68916.47,-2869.47,-4.34,2023,10,2023-10
4998,7,112,1,2181.0,2023-06-13,398.23,4.8533,1932.73,248.27,11.38,2023,6,2023-06
5001,10,41,11,110770.0,2024-09-07,1906.75,5.5702,116830.77,-6060.77,-5.47,2024,9,2024-09
5006,30,7,11,203970.7,2023-05-21,3678.62,4.9858,201749.5,2221.2,1.09,2023,5,2023-05
5007,20,11,8,289855.0,2024-04-20,7246.24,5.2269,303002.97,-13147.97,-4.54,2024,4,2024-04
5016,38,48,11,162100.0,2024-03-08,3020.3,4.9751,165289.24,-3189.24,-1.97,2024,3,2024-03
5022,28,19,8,131459.0,2024-11-30,3358.13,6.0535,162627.52,-31168.52,-23.71,2024,11,2024-11
5023,25,126,4,10172.6,2024-03-13,467.05,4.9803,9304.2,868.4,8.54,2024,3,2024-03
5059,12,61,5,133088.35,2023-05-29,5396.92,4.9954,134798.87,-1710.52,-1.29,2023,5,2023-05
5067,15,106,1,4385.0,2023-06-11,837.06,4.8922,4095.06,289.94,6.61,2023,6,2023-06
5071,22,125,8,25856.15,2023-05-16,646.27,4.9122,25396.86,459.29,1.78,2023,5,2023-05
5076,7,93,3,301431.0,2024-06-23,19072.72,5.4416,311358.34,-9927.34,-3.29,2024,6,2024-06
5101,20,120,13,38587.1,2023-05-27,586.85,5.0114,38232.22,354.88,0.92,2023,5,2023-05
5106,23,66,7,83600.95,2023-06-30,2360.29,4.8192,79622.97,3977.98,4.76,2023,6,2023-06
5117,35,126,11,29448.0,2024-05-06,467.05,5.0727,26061.25,3386.75,11.5,2024,5,2024-05
5121,27,61,11,308205.0,2023-01-02,5564.33,5.3436,327069.09,-18864.09,-6.12,2023,1,2023-01
5132,48,25,5,60632.0,2023-08-13,2389.36,4.8918,58441.36,2190.64,3.61,2023,8,2023-08
5145,28,40,13,175173.35,2024-05-19,2867.26,5.1157,190684.55,-15511.2,-8.85,2024,5,2024-05
5167,10,65,2,48559.25,2024-10-27,4996.52,5.6969,56929.35,-8370.1,-17.24,2024,10,2024-10
5173,16,133,4,7571.0,2023-10-24,348.47,5.0065,6978.46,592.54,7.83,2023,10,2023-10
5179,21,110,11,26078.45,2024-06-11,476.03,5.3524,28026.93,-1948.48,-7.47,2024,6,2024-06
5197,42,91,9,1153275.3,2024-12-29,27671.77,6.1991,1543860.62,-390585.32,-33.87,2024,12,2024-12
5208,20,88,13,596955.3,2024-11-08,9896.1,5.7648,741637.48,-144682.18,-24.24,2024,11,2024-11
5234,2,114,6,4796.0,2024-06-02,152.46,5.2416,4794.81,1.19,0.02,2024,6,2024-06
5236,20,1,8,251731.0,2023-03-24,6360.91,5.2921,269300.57,-17569.57,-6.98,2023,3,2023-03
5249,2,32,11,130650.65,2024-09-04,2240.54,5.6359,138902.05,-8251.4,-6.32,2024,9,2024-09
5259,25,86,10,888469.45,2023-06-12,17824.79,4.8832,870420.15,18049.3,2.03,2023,6,2023-06
5262,10,127,4,6197.0,2023-09-03,296.24,4.9318,5843.99,353.01,5.7,2023,9,2023-09
5277,20,28,7,94819.5,2023-04-23,2723.39,5.0497,96266.12,-1446.62,-1.53,2023,4,2023-04
5287,13,78,6,694040.55,2024-12-23,24425.59,6.1612,902945.67,-208905.12,-30.1,2024,12,2024-12
5297,4,14,8,286489.0,2024-10-26,6832.87,5.6969,311409.42,-24920.42,-8.7,2024,10,2024-10
5313,29,89,15,1121162.45,2024-09-26,14122.53,5.4412,1152652.65,-31490.2,-2.81,2024,9,2024-09
5345,25,73,9,1288439.0,2023-05-22,27541.35,4.968,1231428.84,57010.16,4.42,2023,5,2023-05
5346,2,31,7,55082.9,2023-12-03,1686.13,4.9191,58059.69,-2976.79,-5.4,2023,12,2023-12
5348,46,91,10,1348860.0,2024-11-11,27671.77,5.798,1604409.22,-255549.22,-18.95,2024,11,2024-11
5349,43,98,8,603144.55,2024-06-11,15850.04,5.3524,678686.03,-75541.48,-12.52,2024,6,2024-06
5371,42,29,7,255572.0,2024-01-12,7689.63,4.8543,261294.4,-5722.4,-2.24,2024,1,2024-01
5378,35,55,14,1539821.0,2023-01-11,23326.09,5.202,1698792.48,-158971.48,-10.32,2023,1,2023-01
5382,11,12,14,36258.65,2023-08-11,527.97,4.8918,36158.13,100.52,0.28,2023,8,2023-08
5386,48,147,1,2878.5,2024-06-14,592.19,5.363,3175.91,-297.41,-10.33,2024,6,2024-06
5400,19,106,2,8331.5,2024-07-04,918.37,5.4839,10072.5,-1741.0,-20.9,2024,7,2024-07
5438,23,129,12,37235.25,2024-01-22,661.98,4.949,39313.67,-2078.42,-5.58,2024,1,2024-01
5468,25,118,9,38836.0,2023-06-08,797.41,4.9119,35251.18,3584.82,9.23,2023,6,2023-06
5469,49,109,8,4732.9,2023-05-29,169.23,4.9954,6762.97,-2030.07,-42.89,2023,5,2023-05
5478,7,114,7,5315.25,2024-10-02,152.46,5.4305,5795.54,-480.29,-9.04,2024,10,2024-10
5492,38,47,3,18369.0,2024-10-28,1116.66,5.6988,19090.87,-721.87,-3.93,2024,10,2024-10
5493,15,125,11,35551.85,2023-08-07,646.27,4.901,34841.06,710.79,2.0,2023,8,2023-08
5495,39,143,7,31055.0,2024-06-14,896.83,5.363,33667.9,-2612.9,-8.41,2024,6,2024-06
5499,2,5,9,202369.95,2024-06-22,4752.24,5.4416,232738.1,-30368.15,-15.01,2024,6,2024-06
5525,23,17,15,210582.0,2024-02-03,2833.14,4.9471,210237.4,344.6,0.16,2024,2,2024-02
5531,26,117,8,32824.0,2024-04-22,823.4,5.2043,34281.76,-1457.76,-4.44,2024,4,2024-04
5534,16,139,7,9974.0,2023-07-04,246.89,4.8056,8305.18,1668.82,16.73,2023,7,2023-07
5605,23,32,9,106895.9,2024-04-21,2562.61,5.2269,120550.56,-13654.66,-12.77,2024,4,2024-04
5615,35,32,7,87517.0,2024-01-31,2562.61,4.9535,88857.22,-1340.22,-1.53,2024,1,2024-01
5661,39,38,5,132306.0,2024-02-27,5439.42,4.9575,134829.62,-2523.62,-1.91,2024,2,2024-02
5680,41,38,1,26461.0,2023-05-27,5097.21,5.0114,25544.16,916.84,3.46,2023,5,2023-05
5681,1,1,8,251731.0,2024-11-06,5774.5,5.7648,266310.7,-14579.7,-5.79,2024,11,2024-11
5715,13,67,4,325998.2,2023-07-10,16720.73,4.8735,325953.91,44.29,0.01,2023,7,2023-07
5719,22,120,10,29682.75,2024-08-12,635.45,5.4911,34893.19,-5210.44,-17.55,2024,8,2024-08
5747,48,116,1,2576.0,2024-04-10,502.24,5.0654,2544.05,31.95,1.24,2024,4,2024-04
5754,14,52,10,137041.0,2024-09-13,2426.66,5.5717,135206.22,1834.78,1.34,2024,9,2024-09
5756,31,96,3,211863.0,2023-08-02,14776.4,4.8083,213148.09,-1285.09,-0.61,2023,8,2023-08
5770,16,92,13,1097347.85,2024-10-08,16239.74,5.5197,1165300.41,-67952.56,-6.19,2024,10,2024-10
5774,32,13,9,69724.0,2024-11-18,1356.5,5.7603,70324.62,-600.62,-0.86,2024,11,2024-11
5777,21,77,3,127408.3,2023-07-12,8959.75,4.8058,129176.3,-1768.0,-1.39,2023,7,2023-07
5802,10,142,5,3925.4,2023-04-06,160.09,5.0683,4056.92,-131.52,-3.35,2023,4,2023-04
5808,23,57,3,338553.4,2023-08-15,22497.79,4.9812,336197.97,2355.43,0.7,2023,8,2023-08
5809,15,112,4,8287.8,2024-12-10,406.44,6.0529,9840.56,-1552.76,-18.74,2024,12,2024-12
5827,28,86,7,621928.9,2024-03-29,17824.79,4.9962,623393.51,-1464.61,-0.24,2024,3,2024-03
5873,9,71,9,1112988.65,2024-01-03,27484.92,4.9212,1217329.09,-104340.44,-9.37,2024,1,2024-01
5899,8,69,7,316855.0,2023-09-25,9219.51,4.9606,320140.11,-3285.11,-1.04,2023,9,2023-09
5944,18,22,9,355076.0,2023-04-20,7630.67,5.0497,346793.35,8282.65,2.33,2023,4,2023-04
5959,17,38,12,317534.0,2023-10-09,5439.42,5.1666,337239.69,-19705.69,-6.21,2023,10,2023-10
5962,46,27,15,247672.0,2023-11-21,3051.23,4.8806,223377.5,24294.5,9.81,2023,11,2023-11
5984,5,139,6,8121.55,2023-06-08,246.89,4.9119,7276.19,845.36,10.41,2023,6,2023-06
6013,19,13,3,22078.95,2024-06-23,1356.5,5.4416,22144.59,-65.64,-0.3,2024,6,2024-06
6021,46,135,10,16445.0,2024-03-31,328.1,4.9962,16392.53,52.47,0.32,2024,3,2024-03
6038,6,71,11,1360319.25,2024-07-24,27484.92,5.6346,1703531.83,-343212.58,-25.23,2024,7,2024-07
6088,38,145,9,39149.0,2024-11-21,875.03,5.8173,45812.81,-6663.81,-17.02,2024,11,2024-11
6096,19,121,10,36943.0,2023-03-28,718.35,5.1733,37162.4,-219.4,-0.59,2023,3,2023-03
6163,39,10,10,320330.0,2024-11-16,5864.71,5.7885,339478.74,-19148.74,-5.98,2024,11,2024-11
6177,24,59,10,871661.0,2024-06-18,17522.59,5.4074,947516.53,-75855.53,-8.7,2024,6,2024-06
6185,10,39,2,56302.7,2024-08-13,5270.87,5.4875,57847.8,-1545.1,-2.74,2024,8,2024-08
6192,36,66,6,75430.0,2024-08-05,2297.7,5.7646,79471.93,-4041.93,-5.36,2024,8,2024-08
6222,12,38,10,251380.45,2023-10-21,5439.42,5.0528,274843.01,-23462.56,-9.33,2023,10,2023-10
6234,38,34,1,4918.0,2024-09-23,951.66,5.5446,5276.57,-358.57,-7.29,2024,9,2024-09
6260,48,138,6,23843.1,2024-04-24,836.88,5.1592,25905.79,-2062.69,-8.65,2024,4,2024-04
6264,4,98,12,904717.3,2023-12-04,15850.04,4.9091,933713.18,-28995.88,-3.2,2023,12,2023-12
6271,11,121,3,10528.85,2023-12-11,746.8,4.944,11076.54,-547.69,-5.2,2023,12,2023-12
6272,2,7,9,166885.55,2024-06-16,3678.62,5.363,177555.95,-10670.4,-6.39,2024,6,2024-06
6296,44,68,12,762626.75,2024-10-19,13317.89,5.6672,905701.75,-143075.0,-18.76,2024,10,2024-10
6327,32,103,1,1699.55,2023-11-15,341.7,4.8682,1663.46,36.09,2.12,2023,11,2023-11
6351,9,126,3,8031.0,2023-03-12,467.05,5.1822,7261.04,769.96,9.59,2023,3,2023-03
6381,4,88,12,580038.0,2023-06-18,9351.41,4.8286,541850.62,38187.38,6.58,2023,6,2023-06
6386,46,4,13,41765.8,2023-08-26,654.31,4.8772,41485.61,280.19,0.67,2023,8,2023-08
6410,36,44,9,97262.0,2023-01-23,1963.02,5.1922,91731.53,5530.47,5.69,2023,1,2023-01
6411,23,8,5,24921.0,2023-06-14,1006.07,4.8462,24378.08,542.92,2.18,2023,6,2023-06
6440,6,78,9,1095854.0,2023-12-20,25349.04,4.8766,1112554.16,-16700.16,-1.52,2023,12,2023-12
6449,1,112,7,15267.0,2024-11-19,406.44,5.7743,16428.35,-1161.35,-7.61,2024,11,2024-11
6451,3,120,7,21871.0,2024-01-01,635.45,4.8413,21534.83,336.17,1.54,2024,1,2024-01
6529,43,128,3,13952.0,2023-07-14,853.09,4.7957,12273.49,1678.51,12.03,2023,7,2023-07
6544,5,128,13,60459.0,2023-06-10,853.09,4.8922,54255.33,6203.67,10.26,2023,6,2023-06
6569,25,25,13,149761.8,2024-08-02,2430.59,5.7366,181263.19,-31501.39,-21.03,2024,8,2024-08
6607,5,103,12,20396.5,2023-06-02,341.7,4.9558,20320.76,75.74,0.37,2023,6,2023-06
6613,1,25,11,126721.45,2024-11-26,2139.99,5.799,136507.82,-9786.37,-7.72,2024,11,2024-11
6622,34,40,2,28368.0,2023-05-02,2757.45,5.0334,27758.7,609.3,2.15,2023,5,2023-05
6662,40,38,8,211689.0,2024-11-27,4851.61,5.8291,226244.16,-14555.16,-6.88,2024,11,2024-11
6694,41,122,5,6281.4,2023-05-29,255.46,4.9954,6380.62,-99.22,-1.58,2023,5,2023-05
6703,14,77,3,127408.3,2024-12-13,8959.75,6.04,162350.67,-34942.37,-27.43,2024,12,2024-12
6717,25,92,11,977395.0,2023-10-23,16745.97,5.0164,924049.32,53345.68,5.46,2023,10,2023-10
6733,43,26,15,259248.0,2023-09-27,3412.88,5.0289,257445.48,1802.52,0.7,2023,9,2023-09
6779,12,6,13,145979.85,2023-04-30,2104.66,5.0007,136822.05,9157.8,6.27,2023,4,2023-04
6790,42,50,4,42848.8,2024-07-20,2378.45,5.5543,52842.5,-9993.7,-23.32,2024,7,2024-07
6812,38,92,8,675291.35,2024-03-23,16745.97,4.9897,668458.93,6832.42,1.01,2024,3,2024-03
6825,15,48,2,27999.35,2023-05-07,2836.04,4.9696,28187.97,-188.62,-0.67,2023,5,2023-05
6836,48,11,6,206521.45,2024-03-23,7246.24,4.9897,216939.38,-10417.93,-5.04,2024,3,2024-03
6870,17,147,14,40299.95,2024-11-04,592.19,5.7898,48001.26,-7701.31,-19.11,2024,11,2024-11
6881,25,18,6,151463.25,2024-09-28,5265.1,5.4431,171950.79,-20487.54,-13.53,2024,9,2024-09
6882,46,138,11,43713.3,2023-11-26,836.88,4.8927,45040.63,-1327.33,-3.04,2023,11,2023-11
6894,19,29,9,312163.35,2023-09-14,7689.63,4.8751,337389.44,-25226.09,-8.08,2023,9,2023-09
6896,39,65,7,169958.8,2024-09-11,4996.52,5.6387,197217.14,-27258.34,-16.04,2024,9,2024-09
6955,48,134,12,56611.0,2024-04-03,948.15,5.0724,57712.75,-1101.75,-1.95,2024,4,2024-04
6986,1,102,7,5532.8,2023-12-13,199.93,4.958,6938.77,-1405.97,-25.41,2023,12,2023-12
7037,37,83,10,1348039.0,2024-09-06,35839.7,5.5702,1996342.97,-648303.97,-48.09,2024,9,2024-09
7050,39,27,1,16511.0,2023-08-22,3051.23,4.9431,15082.54,1428.46,8.65,2023,8,2023-08
7051,38,77,15,670570.0,2024-11-30,8959.75,6.0535,813567.7,-142997.7,-21.32,2024,11,2024-11
7052,29,88,6,290019.0,2024-02-22,9896.1,4.9419,293433.22,-3414.22,-1.18,2024,2,2024-02
7121,1,4,10,32128.05,2023-07-31,654.31,4.7415,31024.11,1103.94,3.44,2023,7,2023-07
7155,26,118,3,12945.0,2024-05-04,893.4,5.0668,13580.04,-635.04,-4.91,2024,5,2024-05
7160,18,97,15,2030026.0,2024-09-09,25607.88,5.6097,2154787.87,-124761.87,-6.15,2024,9,2024-09
7201,11,134,13,58262.55,2024-11-04,948.15,5.7898,71364.79,-13102.24,-22.49,2024,11,2024-11
7219,30,141,6,28691.0,2023-10-29,955.42,4.948,28364.51,326.49,1.14,2023,10,2023-10
7241,10,125,6,20412.0,2024-06-06,646.27,5.2681,20427.69,-15.69,-0.08,2024,6,2024-06
7242,8,57,6,677105.85,2023-09-30,22497.79,5.0076,675959.6,1146.25,0.17,2023,9,2023-09
7247,43,88,15,688794.65,2024-12-10,9896.1,6.0529,898501.56,-209706.91,-30.45,2024,12,2024-12
7260,11,112,2,4362.0,2024-04-02,435.58,5.0476,4397.27,-35.27,-0.81,2024,4,2024-04
7277,26,4,1,3212.9,2024-05-19,679.13,5.1157,3474.23,-261.33,-8.13,2024,5,2024-05
7297,48,122,14,18515.0,2023-12-08,271.3,4.9158,18671.19,-156.19,-0.84,2023,12,2023-12
7319,2,104,15,55695.0,2023-03-07,742.54,5.1901,57807.85,-2112.85,-3.79,2023,3,2023-03
7334,15,30,11,336990.65,2023-03-30,5636.75,5.1254,317796.58,19194.07,5.7,2023,3,2023-03
7337,18,136,13,25656.0,2024-09-03,390.62,5.6224,28550.88,-2894.88,-11.28,2024,9,2024-09
7351,47,113,11,45927.75,2024-01-15,815.5,4.8765,43744.64,2183.11,4.75,2024,1,2024-01
7354,30,22,8,315623.0,2023-03-13,7630.67,5.24,319877.69,-4254.69,-1.35,2023,3,2023-03
7359,30,60,7,723195.1,2024-11-23,19786.24,5.8124,805038.79,-81843.69,-11.32,2024,11,2024-11
7382,39,17,13,182504.0,2023-08-17,2833.14,4.9816,183476.41,-972.41,-0.53,2023,8,2023-08
7387,24,33,10,63800.1,2024-07-31,1325.97,5.6621,75077.75,-11277.65,-17.68,2024,7,2024-07
7418,10,12,6,15539.15,2024-11-17,481.53,5.7885,16724.02,-1184.87,-7.63,2024,11,2024-11
7426,19,145,1,4350.0,2024-10-22,875.03,5.6958,4984.0,-634.0,-14.57,2024,10,2024-10
7450,19,126,7,18739.0,2024-12-16,467.05,6.0509,19782.51,-1043.51,-5.57,2024,12,2024-12
7455,46,74,15,1233459.1,2024-12-19,17160.36,6.1841,1591820.73,-358361.63,-29.05,2024,12,2024-12
7472,13,84,3,130272.0,2024-06-27,8456.45,5.5229,140112.38,-9840.38,-7.55,2024,6,2024-06
7487,16,27,8,125487.4,2023-07-19,3051.23,4.8,117167.23,8320.17,6.63,2023,7,2023-07
7504,24,105,14,4117.3,2024-03-12,62.64,4.9813,4368.4,-251.1,-6.1,2024,3,2024-03
7512,41,84,8,347391.0,2023-11-29,8951.16,4.8933,350405.69,-3014.69,-0.87,2023,11,2023-11
7515,40,126,2,5354.0,2024-01-13,467.05,4.8543,4534.4,819.6,15.31,2024,1,2024-01
7517,18,57,12,1354212.65,2024-03-12,22497.79,4.9813,1344818.9,9393.75,0.69,2024,3,2024-03
7526,22,129,12,39195.0,2024-07-17,661.98,5.467,43428.54,-4233.54,-10.8,2024,7,2024-07
7573,19,19,3,49297.0,2024-02-13,3358.13,4.9717,50086.84,-789.84,-1.6,2024,2,2024-02
7600,49,121,9,31585.6,2023-01-25,718.35,5.1042,32999.42,-1413.82,-4.48,2023,1,2023-01
7609,33,32,7,87517.0,2024-05-12,2562.61,5.1464,92317.51,-4800.51,-5.49,2024,5,2024-05
7629,16,146,7,3298.4,2023-06-09,99.02,4.8922,3390.98,-92.58,-2.81,2023,6,2023-06
7654,4,62,12,1226664.0,2024-01-03,20000.78,4.9212,1181134.06,45529.94,3.71,2024,1,2024-01
7658,20,106,1,4385.0,2023-10-14,918.37,5.0625,4649.25,-264.25,-6.03,2023,10,2023-10
7689,10,116,8,20604.0,2024-05-01,502.24,5.1718,20779.88,-175.88,-0.85,2024,5,2024-05
7721,33,136,1,1974.0,2023-08-23,533.84,4.8977,2614.59,-640.59,-32.45,2023,8,2023-08
7723,39,17,15,200052.9,2023-04-05,2706.74,5.0447,204820.37,-4767.47,-2.38,2023,4,2023-04
7734,38,24,5,116161.0,2024-03-21,4129.65,4.9807,102842.74,13318.26,11.47,2024,3,2024-03
7758,17,98,11,872972.0,2024-04-17,15850.04,5.2469,914799.32,-41827.32,-4.79,2024,4,2024-04
7803,1,51,13,834067.0,2023-04-20,12243.38,5.0497,803730.15,30336.85,3.64,2023,4,2023-04
7809,36,140,15,44668.05,2024-05-29,612.49,5.1972,47748.5,-3080.45,-6.9,2024,5,2024-05
7836,42,18,9,227194.4,2023-11-06,5536.62,4.8999,244159.96,-16965.56,-7.47,2023,11,2023-11
7850,36,45,12,112902.75,2023-07-27,1881.33,4.7202,106563.05,6339.7,5.62,2023,7,2023-07
7897,35,30,14,428896.5,2024-07-05,6558.44,5.497,504724.43,-75827.93,-17.68,2024,7,2024-07
7905,41,71,10,1236653.95,2023-09-19,27484.92,4.8575,1335079.99,-98426.04,-7.96,2023,9,2023-09
7911,20,134,10,47176.0,2024-01-11,948.15,4.8794,46264.03,911.97,1.93,2024,1,2024-01
7926,43,29,3,104054.45,2023-09-12,7689.63,4.9505,114202.54,-10148.09,-9.75,2023,9,2023-09
7933,37,129,2,6532.0,2024-08-15,661.98,5.4651,7235.57,-703.57,-10.77,2024,8,2024-08
7934,27,84,4,173696.0,2023-07-28,8663.64,4.7253,163753.19,9942.81,5.72,2023,7,2023-07
7936,30,68,5,317761.7,2024-05-22,13317.89,5.1502,342948.99,-25187.29,-7.93,2024,5,2024-05
7947,19,99,9,965400.0,2023-12-22,21330.89,4.8619,933377.89,32022.11,3.32,2023,12,2023-12
7965,27,39,13,365965.65,2024-01-07,5270.87,4.8899,335062.35,30903.3,8.44,2024,1,2024-01
7966,9,33,10,63800.1,2023-11-14,1268.8,4.8682,61767.72,2032.38,3.19,2023,11,2023-11
7980,4,125,6,19391.4,2024-05-11,646.27,5.1464,19955.78,-564.38,-2.91,2024,5,2024-05
7988,3,44,3,30799.95,2023-05-02,1963.02,5.0334,29641.99,1157.96,3.76,2023,5,2023-05
8003,32,51,11,670461.55,2024-11-21,11769.05,5.8173,753105.04,-82643.49,-12.33,2024,11,2024-11
8006,29,61,12,319412.8,2023-11-06,5396.92,4.8999,317332.42,2080.38,0.65,2023,11,2023-11
8025,18,140,5,14889.35,2024-05-20,612.49,5.1085,15644.53,-755.18,-5.07,2024,5,2024-05
8035,34,98,4,317445.0,2023-09-02,15262.93,4.9318,301094.87,16350.13,5.15,2023,9,2023-09
8049,14,127,4,6197.0,2024-08-17,296.24,5.4632,6473.67,-276.67,-4.46,2024,8,2024-08
8087,20,91,10,1348860.0,2023-10-22,27671.77,5.0528,1398199.19,-49339.19,-3.66,2023,10,2023-10
8104,37,128,2,8835.95,2024-07-26,853.09,5.6465,9633.95,-798.0,-9.03,2024,7,2024-07
8139,26,80,5,613813.05,2023-08-04,24177.04,4.8609,587610.87,26202.18,4.27,2023,8,2023-08
8148,25,40,1,13474.8,2024-08-13,2867.26,5.4875,15734.09,-2259.29,-16.77,2024,8,2024-08
8171,19,3,5,42864.95,2024-11-10,1753.77,5.7648,50550.67,-7685.72,-17.93,2024,11,2024-11
8185,32,124,1,3581.5,2024-04-01,725.63,5.0532,3666.75,-85.25,-2.38,2024,4,2024-04
8190,30,90,10,751424.35,2023-07-28,14083.78,4.7253,665500.86,85923.49,11.43,2023,7,2023-07
8257,23,55,1,104487.65,2023-03-11,23326.09,5.1822,120880.46,-16392.81,-15.69,2023,3,2023-03
8273,48,98,14,1111056.0,2023-01-11,15262.93,5.202,1111568.67,-512.67,-0.05,2023,1,2023-01
8342,7,108,7,22248.05,2023-04-22,653.47,5.0497,23098.79,-850.74,-3.82,2023,4,2023-04
8351,32,52,13,178153.0,2023-07-12,2634.69,4.8058,164603.31,13549.69,7.61,2023,7,2023-07
8355,37,132,12,17818.2,2023-05-05,276.61,4.9696,16495.69,1322.51,7.42,2023,5,2023-05
8360,24,146,11,5456.0,2023-07-08,99.02,4.8799,5315.28,140.72,2.58,2023,7,2023-07
8364,29,62,13,1328886.0,2024-09-27,20000.78,5.4431,1415261.19,-86375.19,-6.5,2024,9,2024-09
8394,24,78,2,231346.85,2023-05-27,23053.04,5.0114,231056.01,290.84,0.13,2023,5,2023-05
8398,1,121,9,31585.6,2023-06-08,746.8,4.9119,33013.86,-1428.26,-4.52,2023,6,2023-06
8399,40,115,12,9967.0,2024-08-15,167.9,5.4651,11011.08,-1044.08,-10.48,2024,8,2024-08
8407,44,69,2,90530.0,2023-09-08,9219.51,4.9835,91890.86,-1360.86,-1.5,2023,9,2023-09
8423,37,144,14,30998.0,2023-01-09,422.52,5.2967,31331.46,-333.46,-1.08,2023,1,2023-01
8424,7,140,14,41689.8,2024-07-29,612.49,5.6479,48429.95,-6740.15,-16.17,2024,7,2024-07
8439,34,16,6,171034.2,2023-04-26,5615.94,5.0585,170449.39,584.81,0.34,2023,4,2023-04
8458,13,39,8,225209.85,2024-04-30,5270.87,5.1718,218079.08,7130.77,3.17,2024,4,2024-04
8465,12,59,5,435831.0,2023-08-09,16694.98,4.9015,409152.22,26678.78,6.12,2023,8,2023-08
8498,24,136,2,3749.65,2023-05-10,533.84,4.9547,5290.03,-1540.38,-41.08,2023,5,2023-05
8519,21,43,6,210581.0,2024-06-24,6219.32,5.4,201505.97,9075.03,4.31,2024,6,2024-06
8522,4,80,10,1292238.0,2024-10-08,24177.04,5.5197,1334500.08,-42262.08,-3.27,2024,10,2024-10
8530,48,72,7,662769.4,2024-08-18,30675.48,5.4632,1173103.98,-510334.58,-77.0,2024,8,2024-08
8540,38,114,7,5595.0,2023-12-11,152.46,4.944,5276.34,318.66,5.7,2023,12,2023-12
8548,38,43,6,200051.95,2023-12-19,6219.32,4.8663,181590.46,18461.49,9.23,2023,12,2023-12
8557,37,89,1,78678.0,2024-07-01,14832.32,5.5893,82902.29,-4224.29,-5.37,2024,7,2024-07
8566,28,14,3,102061.35,2023-04-25,6767.66,5.0613,102759.47,-698.12,-0.68,2023,4,2023-04
8595,33,6,6,67374.95,2024-12-02,2172.43,6.0634,79033.87,-11658.92,-17.3,2024,12,2024-12
8600,40,31,11,86558.3,2023-10-14,1686.13,5.0625,93896.36,-7338.06,-8.48,2023,10,2023-10
8610,31,31,11,91114.0,2024-06-01,1686.13,5.2416,97218.21,-6104.21,-6.7,2024,6,2024-06
8623,19,141,15,68140.65,2023-12-28,972.86,4.8413,70648.61,-2507.96,-3.68,2023,12,2023-12
8634,15,44,10,108068.0,2024-07-06,2159.34,5.497,118698.92,-10630.92,-9.84,2024,7,2024-07
8679,41,106,1,4165.75,2023-06-25,837.06,4.7799,4001.06,164.69,3.95,2023,6,2023-06
8683,28,92,10,844113.95,2024-02-10,16745.97,4.9717,832559.39,11554.56,1.37,2024,2,2024-02
8728,16,123,5,13190.75,2024-03-23,535.37,4.9897,13356.68,-165.93,-1.26,2024,3,2024-03
8742,5,109,8,4982.0,2023-03-24,169.23,5.2921,7164.66,-2182.66,-43.81,2023,3,2023-03
8747,15,16,4,120024.0,2023-12-11,5615.94,4.944,111060.83,8963.17,7.47,2023,12,2023-12
8749,29,84,14,607934.0,2024-06-30,8456.45,5.5589,658119.84,-50185.84,-8.26,2024,6,2024-06
8797,3,129,5,15514.45,2024-03-18,661.98,5.0124,16590.54,-1076.09,-6.94,2024,3,2024-03
8801,21,57,11,1306696.0,2024-11-26,20486.78,5.799,1306831.21,-135.21,-0.01,2024,11,2024-11
8808,46,65,7,169958.8,2023-11-23,5225.24,4.8931,178973.35,-9014.55,-5.3,2023,11,2023-11
8810,22,108,6,19069.35,2024-12-21,688.83,6.078,25120.25,-6050.9,-31.73,2024,12,2024-12
8933,22,56,2,85978.0,2024-03-22,8087.59,4.9897,80709.3,5268.7,6.13,2024,3,2024-03
8938,26,54,14,1616412.65,2024-08-14,23191.9,5.4502,1769606.91,-153194.26,-9.48,2024,8,2024-08
8947,34,126,9,22889.3,2024-11-12,467.05,5.7694,24251.38,-1362.08,-5.95,2024,11,2024-11
8951,18,80,11,1350388.9,2024-11-15,24177.04,5.7885,1539436.76,-189047.86,-14.0,2024,11,2024-11
8958,7,139,8,10829.05,2023-05-16,246.89,4.9122,9702.18,1126.87,10.41,2023,5,2023-05
8972,25,69,5,226325.0,2023-06-01,9219.51,5.035,232101.16,-5776.16,-2.55,2023,6,2023-06
8983,26,26,4,65676.35,2024-08-31,3378.85,5.6562,76445.81,-10769.46,-16.4,2024,8,2024-08
8984,4,37,9,51878.55,2023-02-19,1132.29,5.2012,53003.4,-1124.85,-2.17,2023,2,2023-02
9011,38,149,12,13264.85,2024-05-30,225.94,5.1972,14091.06,-826.21,-6.23,2024,5,2024-05
9030,24,15,5,139499.0,2024-12-17,5097.71,6.1685,157226.12,-17727.12,-12.71,2024,12,2024-12
9100,17,128,8,37206.0,2024-12-07,853.09,6.0293,41148.28,-3942.28,-10.6,2024,12,2024-12
9102,22,5,15,355035.0,2024-08-07,4752.24,5.6093,399851.1,-44816.1,-12.62,2024,8,2024-08
9114,13,40,12,161697.6,2023-05-13,2757.45,4.9234,162912.35,-1214.75,-0.75,2023,5,2023-05
9119,32,132,3,4689.0,2023-04-01,276.61,5.0804,4215.87,473.13,10.09,2023,4,2023-04
9121,14,37,4,24271.0,2023-05-16,1181.71,4.9122,23219.18,1051.82,4.33,2023,5,2023-05
9124,49,26,7,114932.9,2024-04-03,3412.88,5.0724,121180.45,-6247.55,-5.44,2024,4,2024-04
9127,44,47,12,69802.2,2023-07-31,1496.29,4.7415,85135.91,-15333.71,-21.97,2023,7,2023-07
9239,7,9,8,317644.0,2023-05-19,7933.96,4.9858,316457.1,1186.9,0.37,2023,5,2023-05
9240,6,14,11,393922.0,2024-07-16,6832.87,5.4274,407931.91,-14009.91,-3.56,2024,7,2024-07
9282,31,21,6,52407.0,2023-05-12,1674.22,4.9234,49457.13,2949.87,5.63,2023,5,2023-05
9298,27,85,6,219898.4,2023-07-03,7499.89,4.7876,215438.84,4459.56,2.03,2023,7,2023-07
9311,24,132,13,20319.0,2024-01-20,276.61,4.9223,17700.25,2618.75,12.89,2024,1,2024-01
9326,18,5,14,331366.0,2023-07-04,4920.79,4.8056,331062.88,303.12,0.09,2023,7,2023-07
9377,16,18,9,227194.4,2023-01-06,4834.43,5.2855,229971.42,-2777.02,-1.22,2023,1,2023-01
9386,23,139,10,14249.0,2024-11-09,246.89,5.7648,14232.71,16.29,0.11,2024,11,2024-11
9397,35,98,14,1111056.0,2023-04-02,15262.93,5.0804,1085585.05,25470.95,2.29,2023,4,2023-04
9402,35,21,7,61142.0,2024-10-06,1584.96,5.4686,60672.59,469.41,0.77,2024,10,2024-10
9405,22,95,15,1047121.0,2024-10-15,12945.63,5.6378,1094773.09,-47652.09,-4.55,2024,10,2024-10
9435,21,69,14,633710.0,2023-12-25,9219.51,4.8619,627540.7,6169.3,0.97,2023,12,2023-12
9454,38,37,4,23057.45,2023-12-21,1211.89,4.8755,23634.28,-576.83,-2.5,2023,12,2023-12
9459,32,44,12,123197.9,2024-10-19,2159.34,5.6672,146848.94,-23651.04,-19.2,2024,10,2024-10
9505,15,31,7,57982.0,2023-05-03,2418.07,5.0227,85016.68,-27034.68,-46.63,2023,5,2023-05
9513,23,132,2,2969.7,2024-04-04,314.46,5.0237,3159.51,-189.81,-6.39,2024,4,2024-04
9521,45,139,10,13536.55,2024-06-08,246.89,5.2802,13036.29,500.26,3.7,2024,6,2024-06
9525,40,48,2,29473.0,2024-08-28,2940.57,5.5315,32531.53,-3058.53,-10.38,2024,8,2024-08
9530,18,42,15,89893.0,2024-01-20,1263.57,4.9223,93295.06,-3402.06,-3.78,2024,1,2024-01
9536,16,41,10,100700.0,2023-02-07,2005.71,5.1695,103685.18,-2985.18,-2.96,2023,2,2023-02
9543,22,131,15,14454.0,2024-02-20,196.2,4.9408,14540.77,-86.77,-0.6,2024,2,2024-02
9546,43,143,9,37931.6,2023-09-09,896.83,4.9835,40224.17,-2292.57,-6.04,2023,9,2023-09
9571,10,48,13,181994.35,2024-11-27,2605.99,5.8291,197477.49,-15483.14,-8.51,2024,11,2024-11
9593,47,70,2,65275.45,2024-09-03,6083.51,5.6224,68407.85,-3132.4,-4.8,2024,9,2024-09
9604,26,28,11,149001.8,2023-11-28,2921.84,4.8867,157059.71,-8057.91,-5.41,2023,11,2023-11
9613,19,61,6,168112.0,2024-01-30,5396.92,4.9638,160735.39,7376.61,4.39,2024,1,2024-01
9626,42,53,13,697775.0,2024-04-28,11332.93,5.1184,754084.1,-56309.1,-8.07,2024,4,2024-04
9645,38,107,3,4313.0,2023-05-24,295.48,4.9474,4385.57,-72.57,-1.68,2023,5,2023-05
9646,5,121,7,24567.0,2023-03-20,718.35,5.2467,26382.77,-1815.77,-7.39,2023,3,2023-03
9648,21,149,10,11636.0,2023-10-27,225.94,4.948,11179.51,456.49,3.92,2023,10,2023-10
9660,48,76,8,1126306.7,2024-03-08,27945.06,4.9751,1112235.74,14070.96,1.25,2024,3,2024-03
9699,18,33,3,20147.0,2024-12-29,1325.97,6.1991,24659.46,-4512.46,-22.4,2024,12,2024-12
9767,49,126,9,22889.3,2023-12-15,467.05,4.9397,20763.78,2125.52,9.29,2023,12,2023-12
9768,48,65,3,72839.35,2023-05-10,5008.66,4.9547,74449.22,-1609.87,-2.21,2023,5,2023-05
9771,17,11,1,36232.0,2023-08-16,7246.24,4.9772,36065.99,166.01,0.46,2023,8,2023-08
9785,37,50,15,160683.0,2023-05-01,2179.61,5.0007,163493.64,-2810.64,-1.75,2023,5,2023-05
9799,44,145,4,17399.0,2024-10-17,875.03,5.6758,19865.98,-2466.98,-14.18,2024,10,2024-10
9801,14,123,3,8331.0,2024-03-14,535.37,4.9768,7993.29,337.71,4.05,2024,3,2024-03
9820,11,121,9,33248.0,2024-03-29,747.93,4.9962,33631.27,-383.27,-1.15,2024,3,2024-03
9834,1,98,1,79361.0,2024-01-06,15850.04,4.8899,77505.11,1855.89,2.34,2024,1,2024-01
9836,37,150,11,17196.9,2023-12-13,326.88,4.958,17827.38,-630.48,-3.67,2023,12,2023-12
9854,10,128,7,30927.25,2024-06-12,853.09,5.3891,32181.71,-1254.46,-4.06,2024,6,2024-06
9869,21,36,12,271217.0,2023-05-01,4221.25,5.0007,253310.46,17906.54,6.6,2023,5,2023-05
9894,1,26,15,259248.0,2023-01-03,3412.88,5.3759,275209.52,-15961.52,-6.16,2023,1,2023-01
9904,20,147,14,40299.95,2023-08-23,592.19,4.8977,40605.17,-305.22,-0.76,2023,8,2023-08
9915,49,85,12,439796.8,2024-04-03,7885.27,5.0724,479966.92,-40170.12,-9.13,2024,4,2024-04
9928,32,125,8,27217.0,2023-11-22,646.27,4.8968,25317.24,1899.76,6.98,2023,11,2023-11
9941,9,143,13,54790.3,2024-04-26,896.83,5.1184,59674.35,-4884.05,-8.91,2024,4,2024-04
9945,12,82,11,567974.0,2023-03-23,9770.29,5.2632,565652.89,2321.11,0.41,2023,3,2023-03
9994,43,39,10,296328.0,2023-02-20,5270.87,5.2012,274148.49,22179.51,7.48,2023,2,2023-02
1,3,136,9,16873.9,2024-09-15,390.62,5.5717,19587.76,-2713.86,-16.08,2024,9,2024-09
27,23,97,4,541340.0,2023-04-15,25607.88,4.9455,506575.08,34764.92,6.42,2023,4,2023-04
34,28,73,3,429480.0,2023-11-05,27541.35,4.891,404114.23,25365.77,5.91,2023,11,2023-11
69,34,139,8,11399.0,2023-09-18,246.89,4.8535,9586.24,1812.76,15.9,2023,9,2023-09
72,16,48,2,29473.0,2024-08-10,2940.57,5.5115,32413.9,-2940.9,-9.98,2024,8,2024-08
80,46,13,6,46483.0,2024-03-06,1356.5,4.9398,40205.03,6277.97,13.51,2024,3,2024-03
85,18,80,7,904567.0,2024-09-05,24177.04,5.6049,948569.24,-44002.24,-4.86,2024,9,2024-09
124,21,43,3,105291.0,2023-05-18,6219.32,4.9647,92631.17,12659.83,12.02,2023,5,2023-05
129,3,82,11,567974.0,2024-02-26,9770.29,4.9819,535420.69,32553.31,5.73,2024,2,2024-02
137,17,62,5,511110.0,2024-11-14,20000.78,5.7885,578872.58,-67762.58,-13.26,2024,11,2024-11
143,23,142,5,3925.4,2024-03-16,169.88,4.9937,4241.65,-316.25,-8.06,2024,3,2024-03
145,3,122,12,15076.5,2023-10-16,271.3,5.0618,16479.2,-1402.7,-9.3,2023,10,2023-10
154,22,137,10,32162.25,2024-02-17,619.79,4.9761,30841.37,1320.88,4.11,2024,2,2024-02
158,9,138,5,19869.25,2024-11-27,836.88,5.8291,24391.29,-4522.04,-22.76,2024,11,2024-11
162,12,147,15,43178.45,2024-06-25,592.19,5.429,48224.99,-5046.54,-11.69,2024,6,2024-06
166,28,111,2,8570.0,2023-02-17,821.82,5.2012,8548.9,21.1,0.25,2023,2,2023-02
178,6,143,6,25288.05,2023-07-10,896.83,4.8735,26224.21,-936.16,-3.7,2023,7,2023-07
193,7,144,6,12620.75,2024-03-01,422.52,4.9596,12573.18,47.57,0.38,2024,3,2024-03
211,17,108,14,44496.1,2023-08-31,653.47,4.9219,45028.4,-532.3,-1.2,2023,8,2023-08
215,43,144,13,28784.0,2023-09-16,422.52,4.8689,26743.7,2040.3,7.09,2023,9,2023-09
242,2,132,14,21882.0,2024-03-17,314.46,4.9937,21984.46,-102.46,-0.47,2024,3,2024-03
270,2,119,12,39070.0,2024-09-16,669.88,5.5207,44378.48,-5308.48,-13.59,2024,9,2024-09
272,6,106,8,33325.05,2023-05-10,837.06,4.9547,33179.05,146.0,0.44,2023,5,2023-05
281,16,33,13,87305.0,2023-09-04,1268.8,4.9176,81112.86,6192.14,7.09,2023,9,2023-09
286,42,35,3,33017.0,2024-06-29,2106.85,5.5589,35135.31,-2118.31,-6.42,2024,6,2024-06
289,29,75,8,262147.0,2024-02-03,6193.58,4.9471,245122.08,17024.92,6.49,2024,2,2024-02
345,36,89,3,236034.0,2024-10-21,14122.53,5.7068,241783.36,-5749.36,-2.44,2024,10,2024-10
356,14,22,1,37480.35,2023-11-20,7630.67,4.8723,37178.91,301.44,0.8,2023,11,2023-11
368,6,129,14,43440.65,2023-08-09,598.62,4.9015,41077.9,2362.75,5.44,2023,8,2023-08
376,33,88,15,725047.0,2024-10-17,9896.1,5.6758,842524.27,-117477.27,-16.2,2024,10,2024-10
398,21,139,14,18950.6,2023-08-12,246.89,4.8918,16908.31,2042.29,10.78,2023,8,2023-08
441,28,64,14,1483024.1,2024-03-24,21352.22,4.9897,1491576.41,-8552.31,-0.58,2024,3,2024-03
448,31,56,3,128966.0,2024-10-23,8087.59,5.7149,138659.3,-9693.3,-7.52,2024,10,2024-10
467,22,30,4,128991.0,2023-05-31,5636.75,5.0959,114897.26,14093.74,10.93,2023,5,2023-05
488,33,30,1,32248.0,2023-03-01,5636.75,5.207,29350.56,2897.44,8.98,2023,3,2023-03
490,14,73,10,1431599.0,2024-07-24,28694.54,5.6346,1616822.55,-185223.55,-12.94,2024,7,2024-07
505,25,124,13,49009.0,2024-07-24,665.23,5.6346,48727.96,281.04,0.57,2024,7,2024-07
515,28,83,10,1280637.05,2024-12-18,35839.7,6.1624,2208585.67,-927948.62,-72.46,2024,12,2024-12
530,32,92,8,675291.35,2024-01-04,16745.97,4.9188,658960.62,16330.73,2.42,2024,1,2024-01
571,9,43,11,386065.0,2023-08-06,6219.32,4.8609,332546.42,53518.58,13.86,2023,8,2023-08
575,19,136,14,27629.0,2023-10-15,533.84,5.0625,37835.91,-10206.91,-36.94,2023,10,2023-10
577,30,13,11,80957.1,2024-04-08,1356.5,5.0421,75235.7,5721.4,7.07,2024,4,2024-04
580,22,146,14,6596.8,2024-06-20,99.02,5.4254,7521.12,-924.32,-14.01,2024,6,2024-06
590,12,82,1,49052.3,2024-08-22,9770.29,5.5524,54248.56,-5196.26,-10.59,2024,8,2024-08
595,21,49,5,63004.95,2024-08-08,2627.0,5.6172,73781.92,-10776.97,-17.1,2024,8,2024-08
637,38,89,7,523208.7,2023-01-20,14832.32,5.1986,539751.09,-16542.39,-3.16,2023,1,2023-01
642,33,84,5,206263.05,2024-08-28,8456.45,5.5315,233884.27,-27621.22,-13.39,2024,8,2024-08
647,18,128,9,39763.2,2023-03-19,853.09,5.2679,40445.94,-682.74,-1.72,2023,3,2023-03
663,39,147,9,25907.45,2023-01-02,592.19,5.3436,28479.84,-2572.39,-9.93,2023,1,2023-01
680,6,21,12,104815.0,2023-12-08,1674.22,4.9158,98761.57,6053.43,5.78,2023,12,2023-12
781,45,101,12,5282.95,2024-10-28,82.96,5.6988,5673.27,-390.32,-7.39,2024,10,2024-10
796,12,133,12,22713.0,2023-09-15,348.47,4.8689,20359.99,2353.01,10.36,2023,9,2023-09
800,45,24,7,154493.75,2023-08-28,4129.65,4.8938,141467.77,13025.98,8.43,2023,8,2023-08
841,40,42,10,59928.0,2023-12-20,1263.57,4.8766,61619.25,-1691.25,-2.82,2023,12,2023-12
862,3,100,10,993701.9,2023-01-22,19807.28,5.1986,1029701.26,-35999.36,-3.62,2023,1,2023-01
877,18,111,15,61064.1,2024-02-17,821.82,4.9761,61341.88,-277.78,-0.45,2024,2,2024-02
878,23,13,2,15494.0,2024-12-31,1356.5,6.1923,16799.71,-1305.71,-8.43,2024,12,2024-12
888,22,24,15,348483.0,2023-10-27,4129.65,4.948,306502.62,41980.38,12.05,2023,10,2023-10
904,14,107,5,7567.0,2023-09-14,295.48,4.8751,7202.47,364.53,4.82,2023,9,2023-09
928,49,125,12,38783.75,2023-12-18,646.27,4.9399,38310.11,473.64,1.22,2023,12,2023-12
967,46,15,8,223198.0,2024-08-15,5267.98,5.4651,230320.3,-7122.3,-3.19,2024,8,2024-08
991,25,19,6,98594.0,2024-05-22,3358.13,5.1502,103770.25,-5176.25,-5.25,2024,5,2024-05
1008,11,55,14,1462829.95,2024-01-06,23326.09,4.8899,1596871.46,-134041.51,-9.16,2024,1,2024-01
1011,23,128,6,27904.0,2024-02-29,853.09,4.9833,25507.22,2396.78,8.59,2024,2,2024-02
1024,17,78,9,1095854.0,2024-11-06,24425.59,5.7648,1267277.77,-171423.77,-15.64,2024,11,2024-11
1062,30,58,8,827067.15,2023-02-18,20157.55,5.2012,838747.59,-11680.44,-1.41,2023,2,2023-02
1073,13,136,8,14998.6,2023-06-16,533.84,4.8286,20621.6,-5623.0,-37.49,2023,6,2023-06
1074,14,74,1,82231.05,2023-07-02,17160.36,4.8192,82699.21,-468.16,-0.57,2023,7,2023-07
1083,10,119,3,9278.65,2023-02-01,625.1,5.0721,9511.71,-233.06,-2.51,2023,2,2023-02
1113,30,40,11,148222.8,2023-11-30,2970.73,4.9355,161282.42,-13059.62,-8.81,2023,11,2023-11
1119,2,61,15,399265.05,2023-11-19,5396.92,4.8849,395451.22,3813.83,0.96,2023,11,2023-11
1152,40,45,3,28225.45,2023-06-06,1881.33,4.9292,27820.36,405.09,1.44,2023,6,2023-06
1180,8,103,1,1789.0,2023-01-20,341.7,5.1986,1776.36,12.64,0.71,2023,1,2023-01
1181,46,70,9,293739.05,2023-07-10,6655.06,4.8735,291900.91,1838.14,0.63,2023,7,2023-07
1188,42,142,8,6611.0,2024-08-01,169.88,5.6681,7703.17,-1092.17,-16.52,2024,8,2024-08
1200,12,83,9,1152573.25,2023-02-15,35839.7,5.2243,1685136.1,-532562.85,-46.21,2023,2,2023-02
1218,25,127,11,17043.0,2023-05-23,296.24,4.9674,16186.97,856.03,5.02,2023,5,2023-05
1232,45,29,1,34684.5,2024-10-23,7689.63,5.7149,43945.47,-9260.97,-26.7,2024,10,2024-10
1309,27,14,15,510307.7,2024-08-31,6832.87,5.6562,579721.19,-69413.49,-13.6,2024,8,2024-08
1321,8,2,14,195974.0,2024-01-05,2829.74,4.8899,193720.04,2253.96,1.15,2024,1,2024-01
1326,11,139,6,8121.55,2024-08-21,246.89,5.4707,8103.97,17.58,0.22,2024,8,2024-08
1338,3,142,10,7850.8,2023-04-26,160.09,5.0585,8098.15,-247.35,-3.15,2023,4,2023-04
1344,36,125,11,37423.0,2023-05-29,646.27,4.9954,35512.15,1910.85,5.11,2023,5,2023-05
1357,20,23,1,10620.05,2024-11-01,2244.66,5.8073,13035.41,-2415.36,-22.74,2024,11,2024-11
1380,31,88,4,193346.0,2023-05-10,9351.41,4.9547,185333.72,8012.28,4.14,2023,5,2023-05
1383,8,65,13,332250.0,2023-04-15,5008.66,4.9455,322014.26,10235.74,3.08,2023,4,2023-04
1389,5,43,2,66684.3,2024-11-25,6219.32,5.8002,72146.6,-5462.3,-8.19,2024,11,2024-11
1391,49,99,13,1394467.0,2023-10-19,21330.89,5.054,1401482.13,-7015.13,-0.5,2023,10,2023-10
1404,30,148,15,71783.0,2023-03-30,919.03,5.1254,70655.95,1127.05,1.57,2023,3,2023-03
1428,29,43,4,140387.0,2024-07-02,6219.32,5.6677,140996.96,-609.96,-0.43,2024,7,2024-07
1431,18,4,1,3212.9,2024-01-10,692.14,4.8901,3384.63,-171.73,-5.35,2024,1,2024-01
1456,42,100,15,1490553.8,2024-03-11,19807.28,4.9777,1478920.46,11633.34,0.78,2024,3,2024-03
1463,26,107,10,14377.3,2024-06-18,311.59,5.4074,16848.92,-2471.62,-17.19,2024,6,2024-06
1467,5,80,9,1104864.25,2023-06-20,24177.04,4.793,1042924.97,61939.28,5.61,2023,6,2023-06
1502,43,8,1,4734.8,2024-03-02,1006.07,4.9596,4989.7,-254.9,-5.38,2024,3,2024-03
1504,29,108,15,50183.0,2024-07-01,688.83,5.5893,57751.16,-7568.16,-15.08,2024,7,2024-07
1516,2,116,7,18029.0,2024-11-13,502.24,5.7713,20290.04,-2261.04,-12.54,2024,11,2024-11
1524,29,103,12,21470.0,2023-01-31,341.7,5.0993,20909.17,560.83,2.61,2023,1,2023-01
1530,20,30,10,322479.0,2023-10-10,6558.44,5.0862,333575.38,-11096.38,-3.44,2023,10,2023-10
1537,18,70,4,130550.9,2023-02-09,6655.06,5.2315,139263.79,-8712.89,-6.67,2023,2,2023-02
1560,16,105,11,3405.0,2024-12-17,53.37,6.1685,3621.34,-216.34,-6.35,2024,12,2024-12
1563,39,51,15,962385.0,2024-05-11,12243.38,5.1464,945139.96,17245.04,1.79,2024,5,2024-05
1564,16,72,15,1420221.5,2024-09-25,30675.48,5.4736,2518579.61,-1098358.11,-77.34,2024,9,2024-09
1584,16,48,12,167994.2,2023-10-30,3020.3,5.0074,181486.2,-13492.0,-8.03,2023,10,2023-10
1600,44,10,11,334744.85,2023-10-09,6445.41,5.1666,366309.41,-31564.56,-9.43,2023,10,2023-10
1615,15,63,4,559831.0,2024-10-30,27618.14,5.7801,638542.44,-78711.44,-14.06,2024,10,2024-10
1635,15,107,8,12107.0,2024-08-20,311.59,5.4547,13597.04,-1490.04,-12.31,2024,8,2024-08
1674,43,3,13,117314.0,2024-04-08,1753.77,5.0421,114954.89,2359.11,2.01,2024,4,2024-04
1679,43,116,11,26914.45,2023-07-04,502.24,4.8056,26549.21,365.24,1.36,2023,7,2023-07
1707,21,127,4,5887.15,2023-03-03,293.17,5.2037,6102.27,-215.12,-3.65,2023,3,2023-03
1735,49,52,12,156226.55,2023-05-16,2634.69,4.9122,155305.49,921.06,0.59,2023,5,2023-05
1765,2,133,6,11356.0,2024-06-15,381.67,5.363,12281.38,-925.38,-8.15,2024,6,2024-06
1777,42,27,8,125487.4,2024-08-25,3051.23,5.5263,134896.1,-9408.7,-7.5,2024,8,2024-08
1778,38,56,11,449232.2,2023-11-02,8087.59,5.0194,446543.34,2688.86,0.6,2023,11,2023-11
1818,26,99,5,536333.0,2024-02-28,21330.89,4.9557,528547.46,7785.54,1.45,2024,2,2024-02
1820,1,141,5,23909.0,2023-04-21,942.08,5.0497,23786.11,122.89,0.51,2023,4,2023-04
1834,16,45,9,89133.0,2024-06-12,1881.33,5.3891,91248.08,-2115.08,-2.37,2024,6,2024-06
1852,26,140,5,15673.0,2023-06-20,586.81,4.793,14062.9,1610.1,10.27,2023,6,2023-06
1857,47,86,3,280569.0,2023-05-29,17824.79,4.9954,267125.87,13443.13,4.79,2023,5,2023-05
1859,32,139,7,9475.3,2023-02-18,246.89,5.2012,8988.87,486.43,5.13,2023,2,2023-02
1872,49,144,1,2214.0,2024-10-27,402.54,5.6969,2293.23,-79.23,-3.58,2024,10,2024-10
1910,23,119,9,29302.0,2023-08-25,669.88,4.8772,29404.25,-102.25,-0.35,2023,8,2023-08
1924,31,113,2,8790.0,2024-01-31,815.5,4.9535,8079.16,710.84,8.09,2024,1,2024-01
1933,4,102,3,2496.0,2024-11-15,199.93,5.7885,3471.88,-975.88,-39.1,2024,11,2024-11
1944,26,5,9,213021.0,2024-02-05,4752.24,5.0053,214077.48,-1056.48,-0.5,2024,2,2024-02
1975,37,140,13,38712.5,2024-07-24,612.49,5.6346,44864.77,-6152.27,-15.89,2024,7,2024-07
1983,29,60,8,826508.55,2023-07-08,19341.09,4.8799,755060.68,71447.87,8.64,2023,7,2023-07
1987,49,30,15,483718.0,2023-08-20,5636.75,4.9724,420422.64,63295.36,13.09,2023,8,2023-08
2022,21,63,8,1119661.0,2024-02-13,27618.14,4.9717,1098472.85,21188.15,1.89,2024,2,2024-02
2041,8,109,12,7472.0,2024-02-07,169.23,4.9608,10074.19,-2602.19,-34.83,2024,2,2024-02
2048,18,77,10,447047.0,2024-03-08,8959.75,4.9751,445756.52,1290.48,0.29,2024,3,2024-03
2049,32,8,5,23674.95,2024-01-07,1006.07,4.8899,24597.91,-922.96,-3.9,2024,1,2024-01
2058,7,113,10,43950.0,2024-10-04,777.57,5.4686,42522.19,1427.81,3.25,2024,10,2024-10
2065,48,140,8,23823.15,2023-10-19,586.81,5.054,23725.9,97.25,0.41,2023,10,2023-10
2068,17,122,5,6612.0,2023-01-30,255.46,5.0959,6508.99,103.01,1.56,2023,1,2023-01
2072,21,145,2,8265.0,2023-02-23,820.56,5.133,8423.87,-158.87,-1.92,2023,2,2023-02
2073,43,116,11,28331.0,2024-06-15,502.24,5.363,29628.64,-1297.64,-4.58,2024,6,2024-06
2107,39,90,5,375712.65,2024-04-28,16081.27,5.1184,411551.86,-35839.21,-9.54,2024,4,2024-04
2110,4,116,2,4893.45,2023-02-16,502.24,5.2432,5266.69,-373.24,-7.63,2023,2,2023-02
2171,24,117,6,23387.1,2023-02-01,823.4,5.0721,25058.2,-1671.1,-7.15,2023,2,2023-02
2174,45,101,13,6024.0,2023-05-14,87.95,4.9234,5629.17,394.83,6.55,2023,5,2023-05
2192,20,127,12,18592.0,2024-05-13,296.24,5.1412,18276.35,315.65,1.7,2024,5,2024-05
2196,45,26,6,103699.0,2024-07-08,3378.85,5.472,110934.4,-7235.4,-6.98,2024,7,2024-07
2200,22,136,6,11248.95,2024-04-22,390.62,5.2043,12197.42,-948.47,-8.43,2024,4,2024-04
2229,29,150,7,11520.0,2023-10-22,326.88,5.0528,11561.61,-41.61,-0.36,2023,10,2023-10
2252,36,121,10,35095.85,2023-05-13,718.35,4.9234,35367.24,-271.39,-0.77,2023,5,2023-05
2268,12,62,14,1359552.6,2024-02-29,20000.78,4.9833,1395378.42,-35825.82,-2.64,2024,2,2024-02
2272,49,128,8,35345.7,2023-06-18,853.09,4.8286,32953.84,2391.86,6.77,2023,6,2023-06
2335,8,76,7,985518.6,2024-02-01,27945.06,4.935,965362.1,20156.5,2.05,2024,2,2024-02
2338,41,96,1,67089.95,2024-12-26,14776.4,6.1656,91105.37,-24015.42,-35.8,2024,12,2024-12
2354,3,31,6,49699.0,2023-09-30,1686.13,5.0076,50660.79,-961.79,-1.94,2023,9,2023-09
2362,33,12,5,13631.0,2024-07-09,527.97,5.4387,14357.35,-726.35,-5.33,2024,7,2024-07
2372,20,69,2,90530.0,2024-08-30,8620.92,5.6562,97523.3,-6993.3,-7.72,2024,8,2024-08
2397,19,112,3,6543.0,2024-05-07,430.01,5.061,6528.84,14.16,0.22,2024,5,2024-05
2405,42,57,15,1692766.05,2024-10-03,23810.02,5.485,1958969.4,-266203.35,-15.73,2024,10,2024-10
2413,31,134,1,4482.1,2023-04-09,899.33,5.0683,4558.07,-75.97,-1.7,2023,4,2023-04
2416,9,119,14,45581.0,2023-08-31,669.88,4.9219,46159.15,-578.15,-1.27,2023,8,2023-08
2417,24,110,7,17469.0,2023-02-24,476.03,5.1791,17257.85,211.15,1.21,2023,2,2023-02
2435,32,122,5,6612.0,2024-05-20,271.3,5.1085,6929.68,-317.68,-4.8,2024,5,2024-05
2439,21,115,6,4734.8,2023-08-29,160.69,4.8706,4695.94,38.86,0.82,2023,8,2023-08
2443,24,106,11,48234.0,2023-12-05,918.37,4.9522,50027.47,-1793.47,-3.72,2023,12,2023-12
2464,42,99,6,611420.0,2023-02-23,21330.89,5.133,656948.75,-45528.75,-7.45,2023,2,2023-02
2481,3,31,5,41416.0,2024-07-22,1482.91,5.5598,41223.42,192.58,0.47,2024,7,2024-07
2502,2,16,15,427585.5,2024-06-13,6212.42,5.3974,502963.74,-75378.24,-17.63,2024,6,2024-06
2514,11,13,12,88316.75,2024-03-18,1356.5,5.0124,81591.85,6724.9,7.61,2024,3,2024-03
2525,46,55,8,835903.1,2024-11-09,22138.68,5.7648,1021000.5,-185097.4,-22.14,2024,11,2024-11
2537,23,136,12,23682.0,2024-05-29,390.62,5.1972,24361.56,-679.56,-2.87,2024,5,2024-05
2540,7,144,5,11071.0,2024-04-17,444.87,5.2469,11670.94,-599.94,-5.42,2024,4,2024-04
2546,49,125,2,6463.8,2023-11-09,646.27,4.9007,6334.35,129.45,2.0,2023,11,2023-11
2550,20,149,11,12800.0,2024-11-05,225.94,5.7846,14376.7,-1576.7,-12.32,2024,11,2024-11
2562,14,84,2,82505.6,2023-05-16,8663.64,4.9122,85115.06,-2609.46,-3.16,2023,5,2023-05
2573,22,133,13,24605.0,2024-06-28,381.67,5.5589,27581.65,-2976.65,-12.1,2024,6,2024-06
2590,47,143,15,66546.0,2023-02-14,845.69,5.1507,65338.43,1207.57,1.81,2023,2,2023-02
2597,3,72,10,996646.0,2023-04-20,30675.48,5.0497,1549019.71,-552373.71,-55.42,2023,4,2023-04
2612,35,12,14,36258.65,2024-04-18,527.97,5.2512,38814.66,-2556.01,-7.05,2024,4,2024-04
2650,42,70,10,326376.3,2024-06-08,6655.06,5.2802,351400.48,-25024.18,-7.67,2024,6,2024-06
2660,9,35,4,44022.0,2023-10-11,2106.85,5.0496,42555.0,1467.0,3.33,2023,10,2023-10
2663,2,93,6,602862.0,2023-08-08,19409.47,4.9217,573165.53,29696.47,4.93,2023,8,2023-08
2694,42,56,3,128966.0,2023-06-03,8087.59,4.9558,120241.44,8724.56,6.77,2023,6,2023-06
2709,24,110,3,7112.65,2023-04-18,476.03,4.9678,7094.47,18.18,0.26,2023,4,2023-04
2710,14,136,3,5920.0,2023-12-22,390.62,4.8619,5697.47,222.53,3.76,2023,12,2023-12
2748,5,58,3,310150.3,2023-11-25,20157.55,4.8927,295874.53,14275.77,4.6,2023,11,2023-11
2754,1,121,2,7019.55,2023-04-14,718.35,4.9455,7105.2,-85.65,-1.22,2023,4,2023-04
2756,6,35,4,41820.9,2023-12-26,2106.85,4.8368,40761.65,1059.25,2.53,2023,12,2023-12
2775,47,79,12,793762.0,2023-04-18,11724.63,4.9678,698947.4,94814.6,11.94,2023,4,2023-04
2780,42,98,8,634889.0,2024-02-08,15850.04,4.9804,631516.31,3372.69,0.53,2024,2,2024-02
2783,42,69,6,271590.0,2023-05-25,9219.51,4.999,276529.98,-4939.98,-1.82,2023,5,2023-05
2817,27,40,12,161697.6,2023-01-26,2757.45,5.0951,168593.8,-6896.2,-4.26,2023,1,2023-01
2824,11,78,9,1041061.3,2024-05-30,24425.59,5.1972,1142502.09,-101440.79,-9.74,2024,5,2024-05
2888,24,122,8,10051.0,2023-01-11,255.46,5.202,10631.22,-580.22,-5.77,2023,1,2023-01
2923,3,133,4,7571.0,2024-06-09,381.67,5.2802,8061.18,-490.18,-6.47,2024,6,2024-06
2935,34,85,4,154315.0,2023-03-03,7499.89,5.2037,156108.71,-1793.71,-1.16,2023,3,2023-03
2972,21,31,1,8283.0,2024-12-31,1482.91,6.1923,9182.62,-899.62,-10.86,2024,12,2024-12
2973,32,81,7,855039.0,2023-01-23,23345.09,5.1922,848486.63,6552.37,0.77,2023,1,2023-01
2978,4,101,10,4634.0,2023-11-08,96.64,4.8855,4721.35,-87.35,-1.88,2023,11,2023-11
2980,43,42,14,83900.0,2023-12-27,1263.57,4.8306,85453.22,-1553.22,-1.85,2023,12,2023-12
3041,33,21,14,116169.8,2023-04-01,1674.22,5.0804,119079.9,-2910.1,-2.51,2023,4,2023-04
3089,26,8,12,59810.0,2024-03-28,1006.07,4.9962,60318.32,-508.32,-0.85,2024,3,2024-03
3109,44,47,13,75618.1,2023-06-28,1496.29,4.8563,94463.63,-18845.53,-24.92,2023,6,2023-06
3125,29,121,11,40637.0,2024-02-24,747.93,4.9851,41013.56,-376.56,-0.93,2024,2,2024-02
3133,13,126,11,27975.6,2024-05-23,467.05,5.1443,26429.1,1546.5,5.53,2024,5,2024-05
3152,10,147,2,6060.0,2023-02-07,592.19,5.1695,6122.65,-62.65,-1.03,2023,2,2023-02
3208,2,110,14,33190.15,2023-02-25,476.03,5.1791,34515.7,-1325.55,-3.99,2023,2,2023-02
3211,4,22,8,315623.0,2023-02-22,7630.67,5.173,315787.65,-164.65,-0.05,2023,2,2023-02
3220,48,103,1,1789.0,2023-08-27,341.7,4.8772,1666.54,122.46,6.85,2023,8,2023-08
3235,12,57,10,1187906.0,2023-10-05,22497.79,5.1713,1163428.21,24477.79,2.06,2023,10,2023-10
3250,30,109,3,1774.6,2024-09-21,123.24,5.4775,2025.14,-250.54,-14.12,2024,9,2024-09
3277,27,90,4,300569.55,2023-08-17,14083.78,4.9816,280639.03,19930.52,6.63,2023,8,2023-08
3278,41,4,12,40583.0,2023-02-10,654.31,5.2526,41241.94,-658.94,-1.62,2023,2,2023-02
3289,40,87,13,869179.0,2023-02-20,11794.37,5.2012,797483.4,71695.6,8.25,2023,2,2023-02
3348,11,118,7,30206.0,2023-05-01,797.41,5.0007,27913.26,2292.74,7.59,2023,5,2023-05
3367,39,61,2,56037.0,2023-06-04,5396.92,4.9558,53492.11,2544.89,4.54,2023,6,2023-06
3375,5,8,14,69778.0,2024-05-05,947.05,5.0668,67179.18,2598.82,3.72,2024,5,2024-05
3466,9,109,6,3736.0,2023-08-15,169.23,4.9812,5057.81,-1321.81,-35.38,2023,8,2023-08
3469,15,22,13,512887.0,2024-11-06,7630.67,5.7648,571860.72,-58973.72,-11.5,2024,11,2024-11
3487,44,106,15,65773.0,2023-02-13,837.06,5.1834,65082.25,690.75,1.05,2023,2,2023-02
3490,18,90,14,1051994.85,2023-10-09,14083.78,5.1666,1018713.61,33281.24,3.16,2023,10,2023-10
3492,30,113,14,61529.0,2023-10-31,815.5,5.0575,57741.48,3787.52,6.16,2023,10,2023-10
3509,10,33,7,44659.5,2024-06-04,1325.97,5.2687,48902.97,-4243.47,-9.5,2024,6,2024-06
3535,3,81,10,1221485.0,2024-05-11,23685.5,5.1464,1218950.57,2534.43,0.21,2024,5,2024-05
3550,6,116,8,19573.8,2023-10-11,502.24,5.0496,20288.89,-715.09,-3.65,2023,10,2023-10
3551,18,17,4,56155.0,2023-12-07,2833.14,4.8949,55471.75,683.25,1.22,2023,12,2023-12
3574,14,139,7,9974.0,2024-07-31,246.89,5.6621,9785.41,188.59,1.89,2024,7,2024-07
3585,35,67,12,1029469.0,2023-04-25,16720.73,5.0613,1015543.57,13925.43,1.35,2023,4,2023-04
3589,37,40,8,113472.0,2024-07-21,2867.26,5.5543,127404.98,-13932.98,-12.28,2024,7,2024-07
3592,19,94,13,503272.95,2024-04-22,8022.13,5.2043,542744.43,-39471.48,-7.84,2024,4,2024-04
3594,17,89,4,314712.0,2023-02-08,14832.32,5.2036,308725.84,5986.16,1.9,2023,2,2023-02
3605,14,24,8,185857.0,2024-03-19,4129.65,5.0352,166348.91,19508.09,10.5,2024,3,2024-03
3614,21,115,9,7475.0,2024-11-14,167.9,5.7885,8747.0,-1272.0,-17.02,2024,11,2024-11
3615,31,74,12,986767.85,2023-11-29,17160.36,4.8933,1007649.48,-20881.63,-2.12,2023,11,2023-11
3620,6,6,9,106382.0,2023-07-01,2104.66,4.8192,91285.0,15097.0,14.19,2023,7,2023-07
3627,3,94,6,244505.0,2024-07-16,8022.13,5.4274,261235.85,-16730.85,-6.84,2024,7,2024-07
3645,38,136,8,14998.6,2023-04-02,533.84,5.0804,21696.97,-6698.37,-44.66,2023,4,2023-04
3647,25,50,6,64273.2,2024-06-13,2378.45,5.3974,77024.68,-12751.48,-19.84,2024,6,2024-06
3711,19,123,6,15828.9,2024-10-12,535.37,5.6263,18072.91,-2244.01,-14.18,2024,10,2024-10
3723,7,25,1,12126.0,2024-12-30,2139.99,6.1923,13251.46,-1125.46,-9.28,2024,12,2024-12
3743,12,64,1,105930.7,2024-10-18,21352.22,5.6672,121007.3,-15076.6,-14.23,2024,10,2024-10
3796,38,92,7,590880.05,2023-12-22,16745.97,4.8619,569920.62,20959.43,3.55,2023,12,2023-12
3809,6,125,8,25856.15,2024-05-13,646.27,5.1412,26580.83,-724.68,-2.8,2024,5,2024-05
3820,40,15,10,265048.1,2023-11-22,5267.98,4.8968,257962.44,7085.66,2.67,2023,11,2023-11
3822,11,77,5,212346.85,2023-03-31,8959.75,5.0804,227595.57,-15248.72,-7.18,2023,3,2023-03
3828,38,52,2,26037.6,2024-07-03,2634.69,5.5863,29436.34,-3398.74,-13.05,2024,7,2024-07
3876,6,97,13,1759356.0,2023-02-21,25607.88,5.2012,1731492.17,27863.83,1.58,2023,2,2023-02
3908,44,115,15,11836.05,2024-05-09,167.9,5.1577,12989.67,-1153.62,-9.75,2024,5,2024-05
3932,34,125,9,29088.05,2023-01-02,630.46,5.3436,30320.33,-1232.28,-4.24,2023,1,2023-01
3943,22,57,1,118791.0,2024-07-04,23810.02,5.4839,130571.77,-11780.77,-9.92,2024,7,2024-07
3954,37,73,8,1145279.0,2024-01-20,27541.35,4.9223,1084534.3,60744.7,5.3,2024,1,2024-01
3971,41,76,9,1333784.0,2023-08-11,27945.06,4.8918,1230314.8,103469.2,7.76,2023,8,2023-08
3986,8,44,14,151296.0,2024-02-11,2159.34,4.9717,150298.27,997.73,0.66,2024,2,2024-02
4013,38,128,8,35345.7,2023-11-04,853.09,4.891,33379.71,1965.99,5.56,2023,11,2023-11
4014,28,26,11,180609.25,2023-12-17,3412.88,4.9397,185444.64,-4835.39,-2.68,2023,12,2023-12
4017,17,51,15,962385.0,2023-02-03,12243.38,5.103,937169.52,25215.48,2.62,2023,2,2023-02
4035,15,51,11,670461.55,2023-07-23,12243.38,4.7732,642841.12,27620.43,4.12,2023,7,2023-07
4076,47,76,13,1926577.0,2023-11-30,27945.06,4.9355,1792996.97,133580.03,6.93,2023,11,2023-11
4078,29,20,3,92500.0,2024-08-24,5689.04,5.5263,94318.03,-1818.03,-1.97,2024,8,2024-08
4110,31,52,1,13018.8,2023-12-28,2634.69,4.8413,12755.32,263.48,2.02,2023,12,2023-12
4166,15,19,6,98594.0,2023-03-19,3163.35,5.2679,99985.27,-1391.27,-1.41,2023,3,2023-03
4172,44,35,6,66033.0,2023-11-16,2106.85,4.8575,61404.14,4628.86,7.01,2023,11,2023-11
4188,11,77,3,134114.0,2024-08-28,8959.75,5.5315,148682.57,-14568.57,-10.86,2024,8,2024-08
4202,25,20,12,370001.0,2023-03-17,5689.04,5.2679,359631.53,10369.47,2.8,2023,3,2023-03
4227,36,111,1,4285.0,2024-11-20,860.37,5.7743,4968.03,-683.03,-15.94,2024,11,2024-11
4231,4,38,2,50275.9,2024-01-29,5439.42,4.9225,53551.09,-3275.19,-6.51,2024,1,2024-01
4234,9,132,12,17818.2,2024-10-09,314.46,5.5737,21032.47,-3214.27,-18.04,2024,10,2024-10
4239,25,15,3,83699.0,2024-04-11,5267.98,5.0765,80228.7,3470.3,4.15,2024,4,2024-04
4249,21,144,10,22141.0,2024-02-07,422.52,4.9608,20960.37,1180.63,5.33,2024,2,2024-02
4287,34,50,2,22552.0,2023-03-13,2179.61,5.24,22842.31,-290.31,-1.29,2023,3,2023-03
4292,10,136,13,24373.2,2023-06-17,533.84,4.8286,33510.1,-9136.9,-37.49,2023,6,2023-06
4321,18,49,11,145907.0,2023-03-26,2627.0,5.2921,152925.81,-7018.81,-4.81,2023,3,2023-03
4338,42,18,15,378657.65,2023-01-13,4834.43,5.1146,370892.64,7765.01,2.05,2023,1,2023-01
4358,46,73,12,1717919.0,2024-12-24,25649.93,6.1541,1894226.81,-176307.81,-10.26,2024,12,2024-12
4363,28,40,12,161697.6,2024-02-05,2881.94,5.0053,173099.69,-11402.09,-7.05,2024,2,2024-02
4364,7,3,11,94302.7,2024-08-26,1753.77,5.4921,105950.68,-11647.98,-12.35,2024,8,2024-08
4367,5,31,1,7868.85,2023-07-04,2418.07,4.8056,11620.28,-3751.43,-47.67,2023,7,2023-07
4379,22,71,9,1171567.0,2024-11-03,23100.17,5.8073,1207346.56,-35779.56,-3.05,2024,11,2024-11
4388,48,79,11,727615.0,2024-05-17,13344.4,5.1157,750925.42,-23310.42,-3.2,2024,5,2024-05
4454,25,140,12,35734.25,2024-07-13,612.49,5.4529,40078.16,-4343.91,-12.16,2024,7,2024-07
4458,17,19,2,32865.0,2023-12-28,3358.13,4.8413,32515.43,349.57,1.06,2023,12,2023-12
4481,10,17,11,154427.0,2023-09-22,2833.14,4.9131,153114.5,1312.5,0.85,2023,9,2023-09
4490,15,52,15,205562.0,2024-09-27,2426.66,5.4431,198128.3,7433.7,3.62,2024,9,2024-09
4495,43,85,12,462944.0,2023-05-15,7499.89,4.9103,441920.52,21023.48,4.54,2023,5,2023-05
4517,24,64,14,1483024.1,2024-10-29,21352.22,5.714,1708092.19,-225068.09,-15.18,2024,10,2024-10
4571,26,108,10,31783.2,2024-11-06,688.83,5.7648,39709.67,-7926.47,-24.94,2024,11,2024-11
4587,44,125,4,13608.0,2023-07-12,646.27,4.8058,12423.38,1184.62,8.71,2023,7,2023-07
4640,24,93,1,95453.15,2023-09-16,19409.47,4.8689,94502.77,950.38,1.0,2023,9,2023-09
4642,33,127,7,10845.0,2023-11-11,296.24,4.9219,10206.45,638.55,5.89,2023,11,2023-11
4648,38,11,5,172102.0,2023-05-02,6839.44,5.0334,172128.19,-26.19,-0.02,2023,5,2023-05
4660,19,30,14,451470.0,2024-11-04,6558.44,5.7898,531608.78,-80138.78,-17.75,2024,11,2024-11
4673,38,148,9,43070.0,2024-03-10,979.78,4.9751,43870.53,-800.53,-1.86,2024,3,2024-03
4674,6,49,6,75606.7,2024-10-30,2352.61,5.7801,81589.93,-5983.23,-7.91,2024,10,2024-10
4684,12,44,12,123197.9,2024-05-18,2159.34,5.1157,132558.43,-9360.53,-7.6,2024,5,2024-05
4699,22,46,12,56814.75,2024-11-03,1000.64,5.8073,69732.2,-12917.45,-22.74,2024,11,2024-11
4706,3,91,9,1213974.0,2023-01-10,26303.31,5.2395,1240345.73,-26371.73,-2.17,2023,1,2023-01
4708,3,69,8,344014.0,2024-10-07,8620.92,5.4626,376741.1,-32727.1,-9.51,2024,10,2024-10
4735,41,136,14,26247.55,2023-09-25,533.84,4.9606,37074.33,-10826.78,-41.25,2023,9,2023-09
4758,3,88,8,386692.0,2024-08-24,9896.1,5.5263,437510.54,-50818.54,-13.14,2024,8,2024-08
4760,34,25,8,92161.4,2023-09-21,2389.36,4.9229,94100.64,-1939.24,-2.1,2023,9,2023-09
4774,25,1,1,31466.85,2024-10-19,5774.5,5.6672,32725.25,-1258.4,-4.0,2024,10,2024-10
4777,29,135,15,24668.0,2023-10-24,328.1,5.0065,24639.49,28.51,0.12,2023,10,2023-10
4790,21,145,12,52198.0,2023-04-28,820.56,5.0007,49240.49,2957.51,5.67,2023,4,2023-04
4791,39,141,9,40884.2,2024-03-03,972.86,4.9596,43424.97,-2540.77,-6.21,2024,3,2024-03
4803,24,31,11,91114.0,2024-06-03,1686.13,5.2373,97138.46,-6024.46,-6.61,2024,6,2024-06
4806,16,103,7,12524.0,2023-02-18,341.7,5.2012,12440.75,83.25,0.66,2023,2,2023-02
4851,20,70,10,326376.3,2023-06-19,6655.06,4.7803,318131.83,8244.47,2.53,2023,6,2023-06
4852,24,92,5,444270.0,2024-10-18,16239.74,5.6672,460169.27,-15899.27,-3.58,2024,10,2024-10
4863,37,92,2,177708.0,2024-03-25,16745.97,4.9869,167020.96,10687.04,6.01,2024,3,2024-03
4869,27,143,6,26619.0,2023-04-06,845.69,5.0683,25717.26,901.74,3.39,2023,4,2023-04
4897,26,85,8,293198.5,2024-09-09,7885.27,5.6097,353871.99,-60673.49,-20.69,2024,9,2024-09
4909,5,146,4,1884.8,2024-11-09,87.83,5.7648,2025.29,-140.49,-7.45,2024,11,2024-11
4912,7,143,14,59004.5,2024-12-20,766.33,6.078,65208.55,-6204.05,-10.51,2024,12,2024-12
4930,2,106,10,41656.55,2024-04-26,918.37,5.1184,47005.85,-5349.3,-12.84,2024,4,2024-04
4931,40,27,3,49534.0,2023-07-19,3051.23,4.8,43937.71,5596.29,11.3,2023,7,2023-07
4932,34,102,11,9152.0,2024-03-17,199.93,4.9937,10982.29,-1830.29,-20.0,2024,3,2024-03
4963,2,122,5,6612.0,2024-05-21,271.3,5.1037,6923.17,-311.17,-4.71,2024,5,2024-05
4964,32,87,4,267440.0,2024-08-08,13597.7,5.6172,305524.0,-38084.0,-14.24,2024,8,2024-08
4965,13,59,4,348665.0,2023-01-24,16694.98,5.1696,345225.47,3439.53,0.99,2023,1,2023-01
4975,28,89,1,78678.0,2024-03-26,14832.32,4.987,73968.78,4709.22,5.99,2024,3,2024-03
4997,23,133,1,1893.0,2023-01-01,348.47,5.3436,1862.08,30.92,1.63,2023,1,2023-01
5017,47,11,4,137681.6,2023-12-29,7246.24,4.8413,140324.89,-2643.29,-1.92,2023,12,2023-12
5029,23,110,14,34937.0,2024-02-18,476.03,4.9761,33162.82,1774.18,5.08,2024,2,2024-02
5066,24,105,5,1470.6,2024-11-04,57.36,5.7898,1660.51,-189.91,-12.91,2024,11,2024-11
5074,5,85,2,77157.0,2024-06-15,7885.27,5.363,84577.41,-7420.41,-9.62,2024,6,2024-06
5083,6,34,3,14753.0,2024-09-06,951.66,5.5702,15902.81,-1149.81,-7.79,2024,9,2024-09
5124,39,72,15,1494970.0,2024-11-23,30675.48,5.8124,2674472.4,-1179502.4,-78.9,2024,11,2024-11
5126,30,73,14,2004239.0,2024-04-27,28694.54,5.1184,2056181.87,-51942.87,-2.59,2024,4,2024-04
5155,24,86,9,799622.6,2023-05-01,17824.79,5.0007,802227.85,-2605.25,-0.33,2023,5,2023-05
5165,45,128,15,69761.0,2024-01-02,853.09,4.8916,62594.63,7166.37,10.27,2024,1,2024-01
5174,23,127,11,17043.0,2024-08-12,296.24,5.4911,17893.52,-850.52,-4.99,2024,8,2024-08
5192,11,54,13,1579953.0,2024-08-02,23191.9,5.7366,1729554.5,-149601.5,-9.47,2024,8,2024-08
5205,43,62,7,679776.3,2023-05-18,20000.78,4.9647,695085.11,-15308.81,-2.25,2023,5,2023-05
5223,18,147,4,11514.0,2024-11-14,592.19,5.7885,13711.57,-2197.57,-19.09,2024,11,2024-11
5224,10,38,12,301657.3,2023-11-07,5439.42,4.867,317683.89,-16026.59,-5.31,2023,11,2023-11
5230,23,110,14,33190.15,2024-03-12,476.03,4.9813,33197.48,-7.33,-0.02,2024,3,2024-03
5244,2,111,14,59993.0,2024-11-28,860.37,5.9871,72115.7,-12122.7,-20.21,2024,11,2024-11
5272,9,149,15,17454.0,2023-02-04,217.62,5.103,16657.72,796.28,4.56,2023,2,2023-02
5274,26,130,13,51179.35,2023-12-15,859.48,4.9397,55192.45,-4013.1,-7.84,2023,12,2023-12
5291,1,50,3,32136.6,2024-07-11,2378.45,5.41,38602.24,-6465.64,-20.12,2024,7,2024-07
5296,44,115,13,10798.0,2023-07-24,160.69,4.7457,9913.62,884.38,8.19,2023,7,2023-07
5299,38,118,10,40993.45,2023-05-11,797.41,4.9696,39628.09,1365.36,3.33,2023,5,2023-05
5308,20,83,9,1213235.0,2024-11-18,35839.7,5.7603,1858026.82,-644791.82,-53.15,2024,11,2024-11
5332,19,61,13,364242.0,2023-03-26,5396.92,5.2921,371293.52,-7051.52,-1.94,2023,3,2023-03
5352,25,135,14,23023.0,2023-02-22,318.15,5.173,23041.06,-18.06,-0.08,2023,2,2023-02
5357,15,75,11,342429.4,2024-08-31,5924.6,5.6562,368617.95,-26188.55,-7.65,2024,8,2024-08
5367,39,37,9,54609.0,2024-05-06,1211.89,5.0727,55327.99,-718.99,-1.32,2024,5,2024-05
5387,38,55,5,549936.0,2023-03-07,23326.09,5.1901,605323.7,-55387.7,-10.07,2023,3,2023-03
5428,14,147,2,6060.0,2024-09-03,592.19,5.6224,6659.06,-599.06,-9.89,2024,9,2024-09
5484,12,99,3,321800.0,2023-05-10,21330.89,4.9547,317064.48,4735.52,1.47,2023,5,2023-05
5491,43,115,12,9967.0,2023-12-24,167.9,4.8619,9795.76,171.24,1.72,2023,12,2023-12
5497,18,98,10,753930.45,2023-12-05,15850.04,4.9522,784925.68,-30995.23,-4.11,2023,12,2023-12
5519,4,30,9,290231.0,2024-10-07,6558.44,5.4626,322435.21,-32204.21,-11.1,2024,10,2024-10
5566,11,17,15,210582.0,2023-01-09,2706.74,5.2967,215051.85,-4469.85,-2.12,2023,1,2023-01
5586,4,142,15,12396.0,2023-07-28,160.09,4.7253,11347.1,1048.9,8.46,2023,7,2023-07
5625,25,72,6,568088.6,2024-10-26,30675.48,5.6969,1048530.85,-480442.25,-84.57,2024,10,2024-10
5630,6,6,4,47281.0,2023-08-11,2104.66,4.8918,41182.3,6098.7,12.9,2023,8,2023-08
5640,35,120,15,44523.65,2024-11-03,635.45,5.8073,55353.73,-10830.08,-24.32,2024,11,2024-11
5676,10,36,8,180811.0,2024-11-21,4476.41,5.8173,208324.96,-27513.96,-15.22,2024,11,2024-11
5728,5,10,10,304313.5,2024-09-19,6547.91,5.4189,354824.69,-50511.19,-16.6,2024,9,2024-09
5741,46,79,12,754073.9,2023-12-23,11724.63,4.8619,684047.74,70026.16,9.29,2023,12,2023-12
5750,48,122,8,10580.0,2023-02-09,255.46,5.2315,10691.51,-111.51,-1.05,2023,2,2023-02
5758,40,105,15,4643.0,2023-02-26,59.15,5.1791,4595.16,47.84,1.03,2023,2,2023-02
5759,2,26,15,246285.6,2024-11-20,3378.85,5.7743,292657.4,-46371.8,-18.83,2024,11,2024-11
5779,6,118,2,8198.5,2023-01-23,797.41,5.1922,8280.62,-82.12,-1.0,2023,1,2023-01
5784,4,128,1,4418.45,2023-03-20,853.09,5.2467,4475.91,-57.46,-1.3,2023,3,2023-03
5811,3,56,5,214944.0,2024-06-22,8087.59,5.4416,220047.15,-5103.15,-2.37,2024,6,2024-06
5812,4,49,7,88207.5,2023-11-29,2627.0,4.8933,89982.89,-1775.39,-2.01,2023,11,2023-11
5816,41,5,8,189352.0,2023-10-05,4752.24,5.1713,196602.07,-7250.07,-3.83,2023,10,2023-10
5838,45,49,8,106114.0,2023-10-12,2627.0,5.0496,106122.39,-8.39,-0.01,2023,10,2023-10
5843,17,138,10,39738.5,2023-10-06,836.88,5.1918,43449.14,-3710.64,-9.34,2023,10,2023-10
5875,14,114,3,2278.1,2024-01-08,152.46,4.885,2234.3,43.8,1.92,2024,1,2024-01
5910,13,22,5,187400.8,2024-02-26,7630.67,4.9819,190076.17,-2675.37,-1.43,2024,2,2024-02
5919,36,50,11,117834.2,2023-10-31,2378.45,5.0575,132319.12,-14484.92,-12.29,2023,10,2023-10
5928,27,94,2,81502.0,2023-09-09,8022.13,4.9835,79956.57,1545.43,1.9,2023,9,2023-09
6005,22,149,12,13264.85,2023-10-02,225.94,5.0679,13740.5,-475.65,-3.59,2023,10,2023-10
6025,48,143,4,16858.7,2023-11-01,896.83,5.0194,18006.19,-1147.49,-6.81,2023,11,2023-11
6028,34,39,4,118531.0,2024-10-15,5270.87,5.6378,118864.44,-333.44,-0.28,2024,10,2024-10
6031,42,78,13,1503755.0,2024-10-24,24425.59,5.7087,1812698.75,-308943.75,-20.54,2024,10,2024-10
6086,8,44,11,118875.0,2023-11-09,1963.02,4.9007,105821.89,13053.11,10.98,2023,11,2023-11
6089,15,79,10,661468.0,2023-05-27,11724.63,5.0114,587568.11,73899.89,11.17,2023,5,2023-05
6115,23,10,14,426039.85,2024-10-31,5864.71,5.7779,474399.91,-48360.06,-11.35,2024,10,2024-10
6124,40,88,3,145009.0,2023-09-29,9954.59,5.0076,149545.81,-4536.81,-3.13,2023,9,2023-09
6151,25,105,7,2167.0,2024-05-17,62.64,5.1157,2243.13,-76.13,-3.51,2024,5,2024-05
6210,2,84,2,86848.0,2024-04-23,8951.16,5.1626,92422.52,-5574.52,-6.42,2024,4,2024-04
6211,6,48,7,97996.3,2023-01-13,2836.04,5.1146,101536.47,-3540.17,-3.61,2023,1,2023-01
6230,41,122,4,5025.5,2024-01-21,271.3,4.9223,5341.68,-316.18,-6.29,2024,1,2024-01
6309,37,74,7,575614.5,2024-01-24,17160.36,4.9192,590906.7,-15292.2,-2.66,2024,1,2024-01
6313,24,134,12,53780.45,2024-08-14,948.15,5.4502,62011.29,-8230.84,-15.3,2024,8,2024-08
6324,34,46,11,54821.0,2024-04-04,1000.64,5.0237,55296.07,-475.07,-0.87,2024,4,2024-04
6326,7,37,4,24271.0,2024-12-17,1006.02,6.1685,24822.54,-551.54,-2.27,2024,12,2024-12
6345,47,55,13,1429834.0,2024-07-16,22138.68,5.4274,1562021.13,-132187.13,-9.24,2024,7,2024-07
6373,19,23,1,10620.05,2024-10-05,2244.66,5.4686,12275.15,-1655.1,-15.58,2024,10,2024-10
6387,22,112,12,24862.45,2024-12-10,406.44,6.0529,29521.69,-4659.24,-18.74,2024,12,2024-12
6428,14,118,4,16397.0,2024-07-18,893.4,5.5426,19807.04,-3410.04,-20.8,2024,7,2024-07
6445,20,5,6,142014.0,2023-11-15,4752.24,4.8682,138809.13,3204.87,2.26,2023,11,2023-11
6446,9,124,4,15080.0,2024-10-22,665.23,5.6958,15156.07,-76.07,-0.5,2024,10,2024-10
6448,16,58,15,1632369.0,2023-08-03,20157.55,4.8797,1475441.95,156927.05,9.61,2023,8,2023-08
6488,19,81,7,855039.0,2023-03-05,23345.09,5.2037,850365.91,4673.09,0.55,2023,3,2023-03
6489,34,8,6,29905.0,2024-12-23,947.05,6.1612,35009.79,-5104.79,-17.07,2024,12,2024-12
6504,12,91,14,1888404.0,2024-03-04,27671.77,4.9475,1916685.15,-28281.15,-1.5,2024,3,2024-03
6523,4,59,6,522997.0,2023-08-26,16694.98,4.8772,488548.54,34448.46,6.59,2023,8,2023-08
6549,8,124,5,17907.5,2023-08-05,725.63,4.8609,17636.07,271.43,1.52,2023,8,2023-08
6570,7,50,4,42848.8,2024-12-05,2378.45,5.9849,56939.14,-14090.34,-32.88,2024,12,2024-12
6577,7,34,11,51388.35,2024-08-16,951.66,5.4632,57190.2,-5801.85,-11.29,2024,8,2024-08
6588,18,123,13,34296.9,2023-04-27,535.37,5.015,34903.45,-606.55,-1.77,2023,4,2023-04
6597,8,29,5,173424.4,2023-02-27,7689.63,5.196,199776.59,-26352.19,-15.2,2023,2,2023-02
6598,16,48,14,206309.0,2023-05-29,2836.04,4.9954,198340.16,7968.84,3.86,2023,5,2023-05
6629,40,67,8,686312.0,2024-11-13,16720.73,5.7713,772002.79,-85690.79,-12.49,2024,11,2024-11
6643,25,130,1,4144.0,2023-10-21,859.48,5.0528,4342.78,-198.78,-4.8,2023,10,2023-10
6682,18,1,14,440529.25,2023-12-13,6574.8,4.958,456370.02,-15840.77,-3.6,2023,12,2023-12
6683,36,18,14,353413.3,2023-11-06,5536.62,4.8999,379804.38,-26391.08,-7.47,2023,11,2023-11
6710,19,22,12,449762.3,2024-08-23,7630.67,5.5263,506032.46,-56270.16,-12.51,2024,8,2024-08
6715,7,60,8,870009.0,2023-04-01,19341.09,5.0804,786083.79,83925.21,9.65,2023,4,2023-04
6770,33,10,12,365176.2,2024-03-05,6547.91,4.9488,388851.56,-23675.36,-6.48,2024,3,2024-03
6780,41,142,7,5785.0,2023-11-11,169.88,4.9219,5852.93,-67.93,-1.17,2023,11,2023-11
6788,25,53,13,662886.25,2023-09-14,11332.93,4.8751,718239.17,-55352.92,-8.35,2023,9,2023-09
6800,46,106,5,20827.8,2023-10-15,918.37,5.0625,23246.24,-2418.44,-11.61,2023,10,2023-10
6801,46,21,1,8298.25,2023-06-02,1674.22,4.9558,8297.1,1.15,0.01,2023,6,2023-06
6807,22,50,7,78932.0,2024-03-20,2378.45,5.012,83445.54,-4513.54,-5.72,2024,3,2024-03
6822,15,30,9,275719.45,2023-02-25,5636.75,5.1791,262739.63,12979.82,4.71,2023,2,2023-02
6826,34,104,4,14852.0,2024-05-23,742.54,5.1443,15279.39,-427.39,-2.88,2024,5,2024-05
6829,39,108,6,20073.0,2023-07-04,653.47,4.8056,18841.89,1231.11,6.13,2023,7,2023-07
6844,15,118,13,53291.2,2023-11-12,880.76,4.9219,56355.16,-3063.96,-5.75,2023,11,2023-11
6851,2,26,14,229866.75,2023-06-06,3412.88,4.9292,235518.75,-5652.0,-2.46,2023,6,2023-06
6878,45,61,1,26618.05,2024-01-06,5396.92,4.8899,26390.4,227.65,0.86,2024,1,2024-01
6908,31,72,3,298994.0,2023-04-04,30675.48,5.0762,467144.61,-168150.61,-56.24,2023,4,2023-04
6925,29,147,3,9090.0,2023-12-22,592.19,4.8619,8637.51,452.49,4.98,2023,12,2023-12
6931,47,118,6,24596.45,2024-12-01,787.87,6.0535,28616.23,-4019.78,-16.34,2024,12,2024-12
6936,45,46,3,14203.45,2023-01-27,959.01,5.0767,14605.82,-402.37,-2.83,2023,1,2023-01
6950,1,86,12,1066164.1,2024-08-24,17824.79,5.5263,1182061.64,-115897.54,-10.87,2024,8,2024-08
6959,7,81,3,348122.75,2024-08-19,23685.5,5.4237,385389.14,-37266.39,-10.7,2024,8,2024-08
6960,42,22,6,236717.0,2023-07-14,7630.67,4.7957,219566.42,17150.58,7.25,2023,7,2023-07
7019,26,126,9,22889.3,2023-05-29,467.05,4.9954,20997.91,1891.39,8.26,2023,5,2023-05
7022,5,144,11,23138.2,2023-02-05,422.52,5.103,23717.32,-579.12,-2.5,2023,2,2023-02
7038,8,14,11,374225.9,2024-01-17,6767.66,4.9346,367352.65,6873.25,1.84,2024,1,2024-01
7059,20,138,15,59608.7,2023-08-11,836.88,4.8918,61407.74,-1799.04,-3.02,2023,8,2023-08
7072,13,142,6,4958.0,2023-03-03,160.09,5.2037,4998.36,-40.36,-0.81,2023,3,2023-03
7098,40,53,4,203965.0,2023-12-22,11332.93,4.8619,220398.29,-16433.29,-8.06,2023,12,2023-12
7103,47,141,11,52600.0,2023-09-14,962.15,4.8751,51596.35,1003.65,1.91,2023,9,2023-09
7110,14,80,5,646119.0,2023-10-30,24177.04,5.0074,605320.55,40798.45,6.31,2023,10,2023-10
7116,9,20,8,234334.6,2023-10-18,5689.04,5.0568,230146.7,4187.9,1.79,2023,10,2023-10
7125,32,62,14,1431108.0,2023-06-13,20000.78,4.8533,1358977.0,72131.0,5.04,2023,6,2023-06
7126,32,17,14,196543.0,2024-08-29,2833.14,5.6358,223538.15,-26995.15,-13.73,2024,8,2024-08
7142,3,43,3,100026.45,2023-10-10,6219.32,5.0862,94898.12,5128.33,5.13,2023,10,2023-10
7151,35,80,3,387672.0,2024-12-08,24177.04,6.0293,437311.88,-49639.88,-12.8,2024,12,2024-12
7158,24,102,15,12480.0,2024-04-05,199.93,5.052,15150.7,-2670.7,-21.4,2024,4,2024-04
7171,1,39,4,112604.45,2024-09-08,5270.87,5.5702,117439.2,-4834.75,-4.29,2024,9,2024-09
7175,2,20,9,277501.0,2023-11-01,5689.04,5.0194,257000.11,20500.89,7.39,2023,11,2023-11
7190,35,80,10,1227626.1,2023-12-02,24177.04,4.9191,1189292.77,38333.33,3.12,2023,12,2023-12
7195,40,2,1,13298.1,2024-04-28,2829.74,5.1184,14483.74,-1185.64,-8.92,2024,4,2024-04
7207,11,26,15,246285.6,2024-09-22,3378.85,5.4775,277614.76,-31329.16,-12.72,2024,9,2024-09
7226,24,26,1,17283.0,2023-01-03,3412.88,5.3759,18347.3,-1064.3,-6.16,2023,1,2023-01
7243,46,110,13,32442.0,2023-02-05,476.03,5.103,31579.35,862.65,2.66,2023,2,2023-02
7251,14,104,5,18565.0,2024-04-30,742.54,5.1718,19201.34,-636.34,-3.43,2024,4,2024-04
7294,38,140,15,47019.0,2024-02-25,586.81,4.9851,43879.6,3139.4,6.68,2024,2,2024-02
7312,44,148,10,45463.2,2024-01-23,979.78,4.9715,48709.76,-3246.56,-7.14,2024,1,2024-01
7317,46,91,7,896991.9,2023-02-06,26303.31,5.1763,953076.76,-56084.86,-6.25,2023,2,2023-02
7327,26,132,6,8909.1,2023-08-06,276.61,4.8609,8067.44,841.66,9.45,2023,8,2023-08
7366,26,60,2,206626.9,2023-01-18,19341.09,5.0909,196927.11,9699.79,4.69,2023,1,2023-01
7377,1,102,8,6656.0,2024-10-22,199.93,5.6958,9110.09,-2454.09,-36.87,2024,10,2024-10
7386,44,35,15,156828.85,2024-11-01,2106.85,5.8073,183526.65,-26697.8,-17.02,2024,11,2024-11
7413,48,9,12,452642.7,2024-03-21,7933.96,4.9807,474200.09,-21557.39,-4.76,2024,3,2024-03
7427,15,42,6,34159.15,2023-05-06,1263.57,4.9696,37676.62,-3517.47,-10.3,2023,5,2023-05
7456,7,102,6,4742.4,2023-07-20,199.93,4.7888,5744.55,-1002.15,-21.13,2023,7,2023-07
7499,5,131,2,1830.65,2024-10-11,175.62,5.6263,1976.18,-145.53,-7.95,2024,10,2024-10
7506,20,111,5,21426.0,2023-12-16,821.82,4.9397,20297.72,1128.28,5.27,2023,12,2023-12
7520,19,63,1,132960.1,2024-09-22,27618.14,5.4775,151278.36,-18318.26,-13.78,2024,9,2024-09
7557,18,119,4,13023.0,2023-02-24,625.1,5.1791,12949.82,73.18,0.56,2023,2,2023-02
7564,45,94,14,570512.0,2023-03-01,7181.14,5.207,523490.74,47021.26,8.24,2023,3,2023-03
7587,44,149,6,6632.9,2023-07-07,225.94,4.8799,6615.39,17.51,0.26,2023,7,2023-07
7603,20,28,8,114068.0,2023-09-02,2723.39,4.9318,107449.72,6618.28,5.8,2023,9,2023-09
7644,2,144,1,2103.3,2024-05-16,444.87,5.127,2280.85,-177.55,-8.44,2024,5,2024-05
7645,27,79,10,628394.6,2023-08-16,11724.63,4.9772,583558.28,44836.32,7.14,2023,8,2023-08
7646,27,115,5,4153.0,2023-05-07,160.69,4.9696,3992.83,160.17,3.86,2023,5,2023-05
7647,43,12,3,8179.0,2024-03-11,527.97,4.9777,7884.23,294.77,3.6,2024,3,2024-03
7657,30,120,11,34369.0,2024-04-14,635.45,5.1364,35903.18,-1534.18,-4.46,2024,4,2024-04
7704,35,38,3,79383.0,2024-04-03,5439.42,5.0724,82772.74,-3389.74,-4.27,2024,4,2024-04
7720,1,38,12,317534.0,2023-01-12,5097.21,5.14,314395.91,3138.09,0.99,2023,1,2023-01
7728,37,97,4,514273.0,2023-03-07,25607.88,5.1901,531629.83,-17356.83,-3.38,2023,3,2023-03
7740,4,11,10,362319.0,2023-01-23,6733.8,5.1922,349632.36,12686.64,3.5,2023,1,2023-01
7742,49,41,14,140980.0,2023-04-19,2005.71,5.0467,141711.03,-731.03,-0.52,2023,4,2023-04
7755,26,115,9,7475.0,2023-11-23,160.69,4.8931,7076.45,398.55,5.33,2023,11,2023-11
7773,29,102,12,9484.8,2023-02-24,199.93,5.1791,12425.49,-2940.69,-31.0,2023,2,2023-02
7790,38,39,5,140755.8,2023-11-12,5270.87,4.9219,129713.48,11042.32,7.85,2023,11,2023-11
7813,46,55,11,1209859.0,2024-11-23,22138.68,5.8124,1415467.5,-205608.5,-16.99,2024,11,2024-11
7819,26,23,5,53098.35,2023-02-28,2108.74,5.2078,54909.48,-1811.13,-3.41,2023,2,2023-02
7830,8,46,3,14203.45,2023-12-14,1000.64,4.8912,14682.99,-479.54,-3.38,2023,12,2023-12
7843,32,93,3,301431.0,2023-02-18,19409.47,5.2012,302857.61,-1426.61,-0.47,2023,2,2023-02
7863,23,31,2,16566.0,2024-08-07,1482.91,5.6093,16636.17,-70.17,-0.42,2024,8,2024-08
7870,15,27,7,109801.0,2024-08-25,3051.23,5.5263,118034.09,-8233.09,-7.5,2024,8,2024-08
7890,9,12,13,33668.0,2023-12-26,527.97,4.8368,33197.91,470.09,1.4,2023,12,2023-12
7910,5,11,14,507247.0,2024-11-23,7246.24,5.8124,589652.64,-82405.64,-16.25,2024,11,2024-11
7970,32,50,10,107122.0,2023-02-07,2179.61,5.1695,112674.94,-5552.94,-5.18,2023,2,2023-02
8011,42,36,3,67804.0,2023-01-25,4221.25,5.1042,64638.31,3165.69,4.67,2023,1,2023-01
8023,46,6,12,141843.0,2023-01-18,2104.66,5.0909,128575.36,13267.64,9.35,2023,1,2023-01
8045,28,27,8,132092.0,2023-02-02,3051.23,4.9901,121807.54,10284.46,7.79,2023,2,2023-02
8046,45,100,15,1569004.0,2023-12-23,19807.28,4.8619,1444515.22,124488.78,7.93,2023,12,2023-12
8059,22,96,7,494346.0,2023-08-13,14776.4,4.8918,505982.35,-11636.35,-2.35,2023,8,2023-08
8076,44,30,9,275719.45,2024-06-22,6558.44,5.4416,321195.66,-45476.21,-16.49,2024,6,2024-06
8096,43,122,3,3768.65,2023-04-19,255.46,5.0467,3867.69,-99.04,-2.63,2023,4,2023-04
8107,37,1,1,33123.0,2023-09-23,6360.91,4.9131,31251.79,1871.21,5.65,2023,9,2023-09
8142,13,10,9,273882.15,2023-01-26,5615.0,5.0951,257480.88,16401.27,5.99,2023,1,2023-01
8154,40,12,5,12949.45,2024-04-11,527.97,5.0765,13401.2,-451.75,-3.49,2024,4,2024-04
8162,16,85,14,540102.0,2023-08-28,7499.89,4.8938,513841.46,26260.54,4.86,2023,8,2023-08
8163,5,69,5,215008.75,2023-03-25,8542.02,5.2921,226026.12,-11017.37,-5.12,2023,3,2023-03
8172,46,72,12,1136177.2,2023-01-03,30675.48,5.3759,1978899.76,-842722.56,-74.17,2023,1,2023-01
8182,5,115,5,4153.0,2024-11-03,167.9,5.8073,4875.23,-722.23,-17.39,2024,11,2024-11
8187,45,69,15,678975.0,2024-12-20,8046.11,6.078,733563.85,-54588.85,-8.04,2024,12,2024-12
8193,1,20,10,292917.3,2023-11-28,5689.04,4.8867,278006.32,14910.98,5.09,2023,11,2023-11
8203,35,67,3,244498.65,2023-05-03,16720.73,5.0227,251949.63,-7450.98,-3.05,2023,5,2023-05
8209,45,41,10,106000.0,2024-06-30,2005.71,5.5589,111495.41,-5495.41,-5.18,2024,6,2024-06
8215,10,33,15,100737.0,2023-09-09,1268.8,4.9835,94845.97,5891.03,5.85,2023,9,2023-09
8265,30,44,7,75648.0,2024-10-13,2159.34,5.6263,85043.66,-9395.66,-12.42,2024,10,2024-10
8302,13,7,4,78075.0,2023-10-10,3678.62,5.0862,74840.79,3234.21,4.14,2023,10,2023-10
8303,15,88,7,338355.0,2024-05-22,9896.1,5.1502,356768.26,-18413.26,-5.44,2024,5,2024-05
8305,10,94,12,489010.0,2024-11-19,8022.13,5.7743,555866.22,-66856.22,-13.67,2024,11,2024-11
8322,3,23,9,95577.6,2024-05-11,2244.66,5.1464,103967.26,-8389.66,-8.78,2024,5,2024-05
8329,6,61,14,392261.0,2023-03-08,5396.92,5.1387,388264.14,3996.86,1.02,2023,3,2023-03
8396,48,128,8,37206.0,2023-04-12,853.09,4.9496,33779.63,3426.37,9.21,2023,4,2023-04
8419,24,84,3,130272.0,2024-05-23,8456.45,5.1443,130507.55,-235.55,-0.18,2024,5,2024-05
8451,45,109,14,8282.1,2023-05-21,169.23,4.9858,11812.46,-3530.36,-42.63,2023,5,2023-05
8464,27,12,3,7770.05,2023-07-16,527.97,4.7957,7595.96,174.09,2.24,2023,7,2023-07
8470,33,94,14,541986.4,2024-02-07,8022.13,4.9608,557146.56,-15160.16,-2.8,2024,2,2024-02
8480,8,17,12,160041.75,2024-08-08,2833.14,5.6172,190971.77,-30930.02,-19.33,2024,8,2024-08
8485,31,36,10,226014.0,2024-10-17,4476.41,5.6758,254072.08,-28058.08,-12.41,2024,10,2024-10
8512,25,77,13,552102.95,2024-05-10,8959.75,5.1464,599435.95,-47333.0,-8.57,2024,5,2024-05
8533,36,111,3,12213.2,2024-05-02,860.37,5.1184,13211.15,-997.95,-8.17,2024,5,2024-05
8546,21,91,11,1409558.7,2023-07-20,26303.31,4.7888,1385574.2,23984.5,1.7,2023,7,2023-07
8563,4,126,15,40156.0,2024-01-13,467.05,4.8543,34008.01,6147.99,15.31,2024,1,2024-01
8621,45,126,9,22889.3,2023-11-01,467.05,5.0194,21098.8,1790.5,7.82,2023,11,2023-11
8631,34,4,1,3382.0,2023-04-15,654.31,4.9455,3235.89,146.11,4.32,2023,4,2023-04
8639,25,94,5,193566.3,2024-05-26,8022.13,5.1508,206601.94,-13035.64,-6.73,2024,5,2024-05
8647,34,148,12,54555.65,2024-05-21,979.78,5.1037,60006.04,-5450.39,-9.99,2024,5,2024-05
8656,30,5,8,189352.0,2023-03-31,4920.79,5.0804,199996.65,-10644.65,-5.62,2023,3,2023-03
8663,20,124,9,32232.55,2023-02-08,719.16,5.2036,33679.99,-1447.44,-4.49,2023,2,2023-02
8670,23,99,5,536333.0,2023-02-25,21330.89,5.1791,552374.06,-16041.06,-2.99,2023,2,2023-02
8671,31,88,10,483365.0,2023-06-07,9351.41,4.9119,459331.91,24033.09,4.97,2023,6,2023-06
8677,17,125,14,45247.55,2024-04-23,646.27,5.1626,46710.07,-1462.52,-3.23,2024,4,2024-04
8685,4,4,8,27055.0,2023-03-29,654.31,5.1493,26953.91,101.09,0.37,2023,3,2023-03
8691,14,11,11,398551.0,2023-06-10,7246.24,4.8922,389950.61,8600.39,2.16,2023,6,2023-06
8694,34,100,9,894331.9,2024-12-22,19807.28,6.078,1083497.83,-189165.93,-21.15,2024,12,2024-12
8703,40,129,5,15514.45,2023-02-15,598.62,5.2243,15636.85,-122.4,-0.79,2023,2,2023-02
8705,12,53,7,356938.75,2024-03-31,11332.93,4.9962,396351.09,-39412.34,-11.04,2024,3,2024-03
8709,40,27,11,172544.7,2023-12-05,3051.23,4.9522,166213.31,6331.39,3.67,2023,12,2023-12
8779,5,132,3,4454.55,2024-01-21,276.61,4.9223,4084.67,369.88,8.3,2024,1,2024-01
8783,26,31,13,102296.0,2024-06-13,1686.13,5.3974,118309.33,-16013.33,-15.65,2024,6,2024-06
8787,26,54,12,1458418.0,2023-05-21,23191.9,4.9858,1387562.1,70855.9,4.86,2023,5,2023-05
8791,20,67,11,896496.0,2024-08-29,16720.73,5.6358,1036581.59,-140085.59,-15.63,2024,8,2024-08
8818,23,26,8,131351.75,2024-05-24,3378.85,5.1508,139230.24,-7878.49,-6.0,2024,5,2024-05
8825,23,150,12,18760.6,2024-02-27,332.26,4.9575,19766.15,-1005.55,-5.36,2024,2,2024-02
8830,39,67,3,244498.65,2024-04-12,16720.73,5.1364,257653.07,-13154.42,-5.38,2024,4,2024-04
8832,2,22,12,449762.3,2024-10-18,7630.67,5.6672,518934.4,-69172.1,-15.38,2024,10,2024-10
8847,5,61,9,239559.6,2023-01-16,5564.33,5.1115,255978.66,-16419.06,-6.85,2023,1,2023-01
8849,44,80,3,368288.4,2023-10-02,24177.04,5.0679,367580.46,707.94,0.19,2023,10,2023-10
8860,1,31,11,86558.3,2024-02-02,1686.13,4.9471,91755.99,-5197.69,-6.0,2024,2,2024-02
8864,23,45,4,39615.0,2024-10-17,1881.33,5.6758,42712.21,-3097.21,-7.82,2024,10,2024-10
8869,15,121,3,11083.0,2023-05-12,718.35,4.9234,10610.17,472.83,4.27,2023,5,2023-05
8876,42,113,7,30765.0,2024-06-15,815.5,5.363,30614.69,150.31,0.49,2024,6,2024-06
8888,33,20,6,175750.95,2023-03-11,5689.04,5.1822,176890.46,-1139.51,-0.65,2023,3,2023-03
8890,7,33,5,31900.05,2024-07-02,1325.97,5.6677,37576.0,-5675.95,-17.79,2024,7,2024-07
8904,36,37,3,17292.85,2023-03-14,1181.71,5.2362,18563.01,-1270.16,-7.34,2023,3,2023-03
8911,48,85,1,36650.05,2023-07-05,7499.89,4.8577,36432.22,217.83,0.59,2023,7,2023-07
8941,9,19,14,218550.35,2023-08-22,3163.35,4.9431,218914.58,-364.23,-0.17,2023,8,2023-08
8943,14,127,3,4415.6,2024-11-15,296.24,5.7885,5144.36,-728.76,-16.5,2024,11,2024-11
8945,42,146,6,2976.0,2023-04-25,99.02,5.0613,3007.02,-31.02,-1.04,2023,4,2023-04
8946,3,21,6,52407.0,2024-08-26,1584.96,5.4921,52228.55,178.45,0.34,2024,8,2024-08
8955,34,89,3,224232.3,2023-05-18,14832.32,4.9647,220914.06,3318.24,1.48,2023,5,2023-05
8961,8,21,7,58084.9,2023-02-03,1674.22,5.103,59804.81,-1719.91,-2.96,2023,2,2023-02
8962,40,22,2,78906.0,2023-05-06,7630.67,4.9696,75842.76,3063.24,3.88,2023,5,2023-05
8982,4,96,8,536718.65,2024-03-27,14776.4,4.9856,589353.76,-52635.11,-9.81,2024,3,2024-03
9025,11,146,5,2480.0,2024-04-17,99.02,5.2469,2597.74,-117.74,-4.75,2024,4,2024-04
9045,12,96,8,564967.0,2024-05-01,14776.4,5.1718,611364.68,-46397.68,-8.21,2024,5,2024-05
9054,48,128,3,13254.4,2024-02-06,853.09,4.9687,12716.24,538.16,4.06,2024,2,2024-02
9110,10,92,7,590880.05,2023-12-19,16745.97,4.8663,570436.4,20443.65,3.46,2023,12,2023-12
9118,10,70,8,261100.85,2023-12-01,6655.06,4.9191,261895.25,-794.4,-0.3,2023,12,2023-12
9135,44,74,3,246692.2,2024-10-24,17160.36,5.7087,293890.04,-47197.84,-19.13,2024,10,2024-10
9160,4,125,3,10206.0,2024-09-10,646.27,5.6254,10906.58,-700.58,-6.86,2024,9,2024-09
9166,16,89,11,865459.0,2023-05-02,14832.32,5.0334,821226.99,44232.01,5.11,2023,5,2023-05
9169,48,150,7,10944.0,2024-08-17,332.26,5.4632,12706.42,-1762.42,-16.1,2024,8,2024-08
9209,3,74,10,865586.0,2023-12-29,17160.36,4.8413,830784.51,34801.49,4.02,2023,12,2023-12
9220,41,93,14,1336344.1,2024-07-19,19072.72,5.5543,1483098.52,-146754.42,-10.98,2024,7,2024-07
9236,46,136,12,22497.9,2023-12-11,390.62,4.944,23174.7,-676.8,-3.01,2023,12,2023-12
9251,29,89,11,822186.05,2023-11-23,14832.32,4.8931,798336.27,23849.78,2.9,2023,11,2023-11
9278,35,101,13,6024.0,2023-04-19,87.95,5.0467,5770.14,253.86,4.21,2023,4,2023-04
9305,32,92,6,506468.75,2024-04-05,16745.97,5.052,507603.84,-1135.09,-0.22,2024,4,2024-04
9308,20,54,2,230916.5,2024-06-25,23191.9,5.429,251817.65,-20901.15,-9.05,2024,6,2024-06
9309,33,16,12,360072.0,2024-06-26,5491.48,5.5097,363076.89,-3004.89,-0.83,2024,6,2024-06
9329,34,44,2,21614.0,2023-07-21,1963.02,4.7732,18739.77,2874.23,13.3,2023,7,2023-07
9331,8,78,13,1582900.0,2024-03-27,24425.59,4.9856,1583090.88,-190.88,-0.01,2024,3,2024-03
9345,3,113,2,8790.0,2023-10-10,815.5,5.0862,8295.59,494.41,5.62,2023,10,2023-10
9346,17,124,3,10744.5,2023-11-10,725.63,4.9219,10714.43,30.07,0.28,2023,11,2023-11
9362,30,28,5,67728.35,2024-06-08,2776.74,5.2802,73308.71,-5580.36,-8.24,2024,6,2024-06
9431,35,22,2,74960.7,2024-09-13,7630.67,5.5717,85031.61,-10070.91,-13.43,2024,9,2024-09
9440,4,45,14,138652.0,2023-12-01,1881.33,4.9191,129562.31,9089.69,6.56,2023,12,2023-12
9445,32,145,8,34799.0,2024-03-26,875.03,4.987,34910.2,-111.2,-0.32,2024,3,2024-03
9464,20,54,12,1385497.1,2024-05-27,23191.9,5.1704,1438936.8,-53439.7,-3.86,2024,5,2024-05
9467,42,100,5,496850.95,2023-02-14,19807.28,5.1507,510106.79,-13255.84,-2.67,2023,2,2023-02
9471,22,114,5,3796.2,2024-08-21,152.46,5.4707,4170.31,-374.11,-9.85,2024,8,2024-08
9491,40,66,1,12572.0,2023-10-16,2360.29,5.0618,11947.32,624.68,4.97,2023,10,2023-10
9497,14,43,6,210581.0,2023-01-10,6219.32,5.2395,195516.76,15064.24,7.15,2023,1,2023-01
9500,46,125,10,32319.95,2024-09-06,646.27,5.5702,35998.53,-3678.58,-11.38,2024,9,2024-09
9532,27,56,8,343910.0,2023-10-23,8087.59,5.0164,324564.69,19345.31,5.63,2023,10,2023-10
9548,44,33,5,31900.05,2024-11-16,1325.97,5.7885,38376.89,-6476.84,-20.3,2024,11,2024-11
9560,26,68,14,936559.0,2024-03-19,13998.43,5.0352,986788.53,-50229.53,-5.36,2024,3,2024-03
9567,46,140,14,41689.8,2024-11-04,612.49,5.7898,49646.72,-7956.92,-19.09,2024,11,2024-11
9581,25,2,15,199473.4,2023-01-04,2577.22,5.4459,210529.24,-11055.84,-5.54,2023,1,2023-01
9632,28,27,2,31371.85,2023-02-12,3051.23,5.2526,32053.78,-681.93,-2.17,2023,2,2023-02
9661,47,122,6,7538.25,2024-03-06,271.3,4.9398,8041.01,-502.76,-6.67,2024,3,2024-03
9668,18,59,11,958828.0,2024-11-02,15361.57,5.8073,981301.7,-22473.7,-2.34,2024,11,2024-11
9673,9,82,10,490523.0,2024-08-16,9770.29,5.4632,533770.48,-43247.48,-8.82,2024,8,2024-08
9702,14,30,5,153177.05,2024-12-06,6558.44,6.0293,197714.01,-44536.96,-29.08,2024,12,2024-12
9711,46,111,8,32567.9,2024-04-18,860.37,5.2512,36143.8,-3575.9,-10.98,2024,4,2024-04
9736,23,77,13,552102.95,2024-11-24,8959.75,5.8124,677009.46,-124906.51,-22.62,2024,11,2024-11
9762,7,1,13,409063.35,2023-11-17,6574.8,4.8849,417524.13,-8460.78,-2.07,2023,11,2023-11
9821,18,56,5,214944.0,2023-04-29,8087.59,5.0007,202218.06,12725.94,5.92,2023,4,2023-04
9833,26,20,1,29291.35,2024-03-31,5689.04,4.9962,28423.58,867.77,2.96,2024,3,2024-03
9835,42,84,10,412527.05,2023-10-06,8951.16,5.1918,464726.32,-52199.27,-12.65,2023,10,2023-10
9849,10,70,1,34355.0,2024-05-07,6655.06,5.061,33681.26,673.74,1.96,2024,5,2024-05
9870,22,134,12,56611.0,2024-11-10,948.15,5.7648,65590.74,-8979.74,-15.86,2024,11,2024-11
9877,1,148,6,27277.35,2023-06-09,919.03,4.8922,26976.47,300.88,1.1,2023,6,2023-06
9916,17,89,9,672696.9,2023-12-04,14832.32,4.9091,655320.08,17376.82,2.58,2023,12,2023-12
9935,38,4,11,37201.0,2023-03-10,654.31,5.1822,37298.42,-97.42,-0.26,2023,3,2023-03
9955,7,15,11,306897.0,2024-12-10,5097.71,6.0529,339415.22,-32518.22,-10.6,2024,12,2024-12
9990,39,75,5,163842.0,2024-11-09,5924.6,5.7648,170770.67,-6928.67,-4.23,2024,11,2024-11
37,24,32,13,162532.0,2023-08-29,2560.62,4.8706,162132.83,399.17,0.25,2023,8,2023-08
50,8,19,15,246485.0,2023-12-26,3358.13,4.8368,243639.05,2845.95,1.15,2023,12,2023-12
56,1,125,13,44227.0,2024-03-11,646.27,4.9777,41820.2,2406.8,5.44,2024,3,2024-03
65,21,4,7,22489.35,2024-10-14,679.13,5.6045,26643.29,-4153.94,-18.47,2024,10,2024-10
97,25,48,2,29473.0,2024-09-18,2605.99,5.4767,28544.45,928.55,3.15,2024,9,2024-09
109,39,96,7,494346.0,2024-09-18,14776.4,5.4767,566481.37,-72135.37,-14.59,2024,9,2024-09
115,27,85,1,36650.05,2023-10-08,7499.89,5.1918,38937.93,-2287.88,-6.24,2023,10,2023-10
126,29,80,5,613813.05,2024-07-14,24177.04,5.4529,659174.91,-45361.86,-7.39,2024,7,2024-07
135,14,22,11,433981.0,2024-09-26,7630.67,5.4412,456720.02,-22739.02,-5.24,2024,9,2024-09
140,20,83,5,640318.05,2024-05-29,35839.7,5.1972,931330.44,-291012.39,-45.45,2024,5,2024-05
172,15,123,13,34296.9,2023-07-26,535.37,4.7368,32967.23,1329.67,3.88,2023,7,2023-07
229,42,100,4,418401.0,2023-07-17,19807.28,4.8302,382692.5,35708.5,8.53,2023,7,2023-07
244,28,130,10,41441.0,2024-07-17,752.23,5.467,41124.41,316.59,0.76,2024,7,2024-07
292,49,74,1,82231.05,2023-08-10,17160.36,4.8518,83258.63,-1027.58,-1.25,2023,8,2023-08
328,38,78,12,1388082.05,2024-07-26,24425.59,5.6465,1655029.13,-266947.08,-19.23,2024,7,2024-07
347,17,63,11,1462557.3,2023-10-14,27618.14,5.0625,1537985.17,-75427.87,-5.16,2023,10,2023-10
363,49,130,8,33153.0,2024-08-20,752.23,5.4547,32825.51,327.49,0.99,2024,8,2024-08
369,27,114,3,2398.0,2024-06-23,152.46,5.4416,2488.88,-90.88,-3.79,2024,6,2024-06
378,49,80,5,646119.0,2023-10-01,24177.04,5.0076,605344.73,40774.27,6.31,2023,10,2023-10
383,24,121,5,18471.0,2023-07-11,746.8,4.8949,18277.56,193.44,1.05,2023,7,2023-07
407,23,59,15,1307492.0,2024-08-24,17522.59,5.5263,1452526.34,-145034.34,-11.09,2024,8,2024-08
411,38,89,15,1121162.45,2023-10-20,14832.32,5.0528,1124171.2,-3008.75,-0.27,2023,10,2023-10
413,42,66,6,71658.5,2023-06-25,2360.29,4.7799,67691.7,3966.8,5.54,2023,6,2023-06
416,13,16,4,120024.0,2023-10-29,5615.94,4.948,111150.68,8873.32,7.39,2023,10,2023-10
458,41,13,3,23241.0,2024-07-31,1356.5,5.6621,23041.92,199.08,0.86,2024,7,2024-07
484,22,110,6,14224.35,2023-07-21,476.03,4.7732,13633.12,591.23,4.16,2023,7,2023-07
508,36,109,13,7690.25,2024-09-19,123.24,5.4189,8681.73,-991.48,-12.89,2024,9,2024-09
521,29,109,4,2366.45,2024-11-04,123.24,5.7898,2854.14,-487.69,-20.61,2024,11,2024-11
522,24,146,15,7440.0,2023-07-24,99.02,4.7457,7048.79,391.21,5.26,2023,7,2023-07
541,1,72,2,189362.55,2023-08-11,30675.48,4.8918,300116.63,-110754.08,-58.49,2023,8,2023-08
543,3,6,2,23640.0,2024-08-18,2172.43,5.4632,23736.84,-96.84,-0.41,2024,8,2024-08
591,33,54,9,1039122.35,2023-11-13,23191.9,4.9247,1027918.35,11204.0,1.08,2023,11,2023-11
639,14,9,4,158822.0,2023-10-25,7933.96,4.9981,158618.9,203.1,0.13,2023,10,2023-10
707,36,62,11,1068219.9,2024-10-21,20000.78,5.7068,1255544.96,-187325.06,-17.54,2024,10,2024-10
716,12,15,12,334797.0,2024-04-10,5267.98,5.0654,320213.11,14583.89,4.36,2024,4,2024-04
729,43,18,2,53145.0,2024-05-05,5265.1,5.0668,53354.42,-209.42,-0.39,2024,5,2024-05
752,32,149,3,3316.45,2024-03-10,225.94,4.9751,3372.22,-55.77,-1.68,2024,3,2024-03
756,21,100,4,397480.95,2024-06-09,19807.28,5.2802,418345.6,-20864.65,-5.25,2024,6,2024-06
763,42,75,9,280169.25,2023-11-21,6193.58,4.8806,272055.48,8113.77,2.9,2023,11,2023-11
766,3,110,7,17469.0,2023-10-25,476.03,4.9981,16654.72,814.28,4.66,2023,10,2023-10
767,43,63,1,132960.1,2024-06-08,27618.14,5.2802,145829.3,-12869.2,-9.68,2024,6,2024-06
768,36,124,11,39395.55,2023-02-06,719.16,5.1763,40948.47,-1552.92,-3.94,2023,2,2023-02
790,3,30,8,257983.0,2024-08-06,6558.44,5.6528,296588.4,-38605.4,-14.96,2024,8,2024-08
825,22,61,15,420279.0,2023-07-20,5396.92,4.7888,387671.56,32607.44,7.76,2023,7,2023-07
828,15,21,5,43673.0,2023-05-26,1674.22,5.0114,41950.93,1722.07,3.94,2023,5,2023-05
883,11,9,13,516172.0,2023-03-04,7933.96,5.2037,536717.32,-20545.32,-3.98,2023,3,2023-03
923,31,7,8,148342.5,2024-10-31,3678.62,5.7779,170037.59,-21695.09,-14.62,2024,10,2024-10
960,47,19,6,98594.0,2023-09-29,3358.13,5.0076,100897.03,-2303.03,-2.34,2023,9,2023-09
983,38,73,5,715800.0,2023-09-06,27541.35,4.9762,685256.33,30543.67,4.27,2023,9,2023-09
1001,11,40,10,134748.0,2023-06-30,2757.45,4.8192,132887.03,1860.97,1.38,2023,6,2023-06
1017,18,121,14,51720.0,2023-03-09,718.35,5.1353,51645.2,74.8,0.14,2023,3,2023-03
1019,36,49,9,113409.1,2024-06-18,2627.0,5.4074,127847.16,-14438.06,-12.73,2024,6,2024-06
1033,14,145,11,47848.0,2023-05-24,820.56,4.9474,44656.02,3191.98,6.67,2023,5,2023-05
1035,42,131,8,7709.0,2023-06-23,196.2,4.7799,7502.53,206.47,2.68,2023,6,2023-06
1037,41,52,15,195283.9,2024-07-27,2634.69,5.6465,223151.66,-27867.76,-14.27,2024,7,2024-07
1040,43,145,4,16529.05,2024-10-18,875.03,5.6672,19835.88,-3306.83,-20.01,2024,10,2024-10
1054,17,138,2,8366.0,2024-08-09,836.88,5.5115,9224.93,-858.93,-10.27,2024,8,2024-08
1095,29,112,2,4362.0,2023-05-22,398.23,4.968,3956.81,405.19,9.29,2023,5,2023-05
1096,10,79,11,727615.0,2023-12-18,11724.63,4.9399,637103.5,90511.5,12.44,2023,12,2023-12
1106,15,94,8,309706.65,2023-06-25,8022.13,4.7799,306759.83,2946.82,0.95,2023,6,2023-06
1130,30,2,13,181976.0,2024-12-06,2829.74,6.0293,221797.57,-39821.57,-21.88,2024,12,2024-12
1147,14,120,15,44523.65,2024-08-09,635.45,5.5115,52534.24,-8010.59,-17.99,2024,8,2024-08
1165,23,19,7,109274.7,2024-04-22,3358.13,5.2043,122337.01,-13062.31,-11.95,2024,4,2024-04
1211,17,17,4,56155.0,2024-09-07,2833.14,5.5702,63124.63,-6969.63,-12.41,2024,9,2024-09
1214,37,23,11,116816.75,2024-03-02,2108.74,4.9596,115043.58,1773.17,1.52,2024,3,2024-03
1244,16,140,13,38712.5,2024-08-22,612.49,5.5524,44210.26,-5497.76,-14.2,2024,8,2024-08
1251,27,148,11,50008.95,2023-04-26,919.03,5.0585,51138.05,-1129.1,-2.26,2023,4,2023-04
1261,25,18,2,53145.0,2024-01-03,5536.62,4.9212,54493.63,-1348.63,-2.54,2024,1,2024-01
1269,18,52,2,26037.6,2024-07-14,2634.69,5.4529,28733.4,-2695.8,-10.35,2024,7,2024-07
1294,7,122,11,13819.65,2024-10-07,271.3,5.4626,16302.04,-2482.39,-17.96,2024,10,2024-10
1302,30,6,11,123520.9,2024-09-19,2172.43,5.4189,129493.99,-5973.09,-4.84,2024,9,2024-09
1362,5,55,7,769910.0,2023-02-18,23326.09,5.2012,849265.62,-79355.62,-10.31,2023,2,2023-02
1365,37,111,7,28497.15,2023-07-22,821.82,4.7732,27458.98,1038.17,3.64,2023,7,2023-07
1402,9,83,13,1664827.5,2023-01-08,35839.7,5.2855,2462599.55,-797772.05,-47.92,2023,1,2023-01
1423,48,63,14,1861436.65,2023-11-23,27618.14,4.8931,1891936.49,-30499.84,-1.64,2023,11,2023-11
1425,36,137,14,45027.15,2024-09-21,673.98,5.4775,51684.16,-6657.01,-14.78,2024,9,2024-09
1485,8,31,15,118034.65,2023-04-06,2418.07,5.0683,183832.56,-65797.91,-55.74,2023,4,2023-04
1498,9,127,6,8831.2,2024-05-03,296.24,5.0668,9005.93,-174.73,-1.98,2024,5,2024-05
1500,46,130,7,29009.0,2023-08-25,859.48,4.8772,29342.99,-333.99,-1.15,2023,8,2023-08
1509,42,129,12,37235.25,2024-07-31,661.98,5.6621,44978.36,-7743.11,-20.8,2024,7,2024-07
1545,8,18,3,75731.15,2023-04-24,4834.43,5.0595,73379.4,2351.75,3.11,2023,4,2023-04
1582,39,64,4,446022.0,2024-10-25,21352.22,5.6969,486565.85,-40543.85,-9.09,2024,10,2024-10
1606,18,99,8,858133.0,2023-06-06,21330.89,4.9292,841153.78,16979.22,1.98,2023,6,2023-06
1617,26,146,9,4464.0,2023-02-26,99.02,5.1791,4615.51,-151.51,-3.39,2023,2,2023-02
1624,43,65,7,178904.0,2023-03-18,5008.66,5.2679,184695.84,-5791.84,-3.24,2023,3,2023-03
1627,21,89,15,1180171.0,2023-04-28,14832.32,5.0007,1112579.74,67591.26,5.73,2023,4,2023-04
1631,17,107,10,15134.0,2023-09-26,295.48,4.9717,14690.38,443.62,2.93,2023,9,2023-09
1683,13,32,2,25005.0,2024-09-19,2240.54,5.4189,24282.52,722.48,2.89,2024,9,2024-09
1688,31,53,1,53675.0,2023-03-28,10045.86,5.1733,51970.25,1704.75,3.18,2023,3,2023-03
1740,6,138,11,46014.0,2023-05-18,826.61,4.9647,45142.58,871.42,1.89,2023,5,2023-05
1742,45,82,12,619608.0,2024-04-23,9770.29,5.1626,605281.19,14326.81,2.31,2024,4,2024-04
1745,5,2,14,186175.3,2023-03-22,2577.22,5.2648,189959.67,-3784.37,-2.03,2023,3,2023-03
1747,29,148,4,18184.9,2023-01-13,901.95,5.1146,18452.45,-267.55,-1.47,2023,1,2023-01
1767,11,1,1,33123.0,2023-01-03,6538.2,5.3759,35148.71,-2025.71,-6.12,2023,1,2023-01
1782,12,3,4,34292.15,2024-08-09,1753.77,5.5115,38663.61,-4371.46,-12.75,2024,8,2024-08
1784,15,27,1,15685.45,2024-04-08,3051.23,5.0421,15384.61,300.84,1.92,2024,4,2024-04
1798,25,138,7,29281.0,2023-04-11,826.61,5.0128,29005.41,275.59,0.94,2023,4,2023-04
1812,12,70,6,206133.0,2023-06-20,6655.06,4.793,191386.22,14746.78,7.15,2023,6,2023-06
1821,3,131,2,1927.0,2024-12-14,175.62,6.04,2121.49,-194.49,-10.09,2024,12,2024-12
1823,38,131,6,5492.9,2024-10-06,175.62,5.4686,5762.37,-269.47,-4.91,2024,10,2024-10
1899,10,123,9,23744.3,2023-05-11,535.37,4.9696,23945.17,-200.87,-0.85,2023,5,2023-05
1925,17,7,14,273263.0,2024-01-24,3678.62,4.9192,253342.15,19920.85,7.29,2024,1,2024-01
1934,26,98,13,1031695.0,2023-07-06,15262.93,4.8977,971792.28,59902.72,5.81,2023,7,2023-07
1948,28,115,2,1577.95,2023-11-30,160.69,4.9355,1586.17,-8.22,-0.52,2023,11,2023-11
1980,19,47,11,63985.35,2023-07-21,1496.29,4.7732,78563.01,-14577.66,-22.78,2023,7,2023-07
1999,24,103,5,8946.0,2023-04-02,341.7,5.0804,8679.86,266.14,2.97,2023,4,2023-04
2003,5,108,15,47673.85,2024-06-23,688.83,5.4416,56225.06,-8551.21,-17.94,2024,6,2024-06
2009,45,125,3,9695.7,2024-04-15,646.27,5.1746,10032.57,-336.87,-3.47,2024,4,2024-04
2039,11,72,7,662769.4,2023-04-17,30675.48,4.9421,1061209.03,-398439.63,-60.12,2023,4,2023-04
2047,18,81,11,1343633.0,2023-05-11,23345.09,4.9696,1276173.35,67459.65,5.02,2023,5,2023-05
2081,33,134,15,67225.8,2023-09-02,899.33,4.9318,66529.74,696.06,1.04,2023,9,2023-09
2089,9,147,9,27271.0,2024-03-22,592.19,4.9897,26593.65,677.35,2.48,2024,3,2024-03
2105,33,105,8,2476.0,2024-10-07,57.36,5.4626,2506.68,-30.68,-1.24,2024,10,2024-10
2112,17,118,15,64727.0,2023-11-09,880.76,4.9007,64745.11,-18.11,-0.03,2023,11,2023-11
2113,6,121,11,40637.0,2023-01-05,718.35,5.4026,42690.53,-2053.53,-5.05,2023,1,2023-01
2123,11,145,12,49588.1,2024-09-24,875.03,5.4702,57439.07,-7850.97,-15.83,2024,9,2024-09
2127,49,33,13,87305.0,2024-12-17,1325.97,6.1685,106330.2,-19025.2,-21.79,2024,12,2024-12
2133,41,43,8,266736.25,2024-07-11,6219.32,5.41,269172.17,-2435.92,-0.91,2024,7,2024-07
2177,40,26,1,16418.85,2023-07-03,3412.88,4.7876,16339.5,79.35,0.48,2023,7,2023-07
2190,17,39,3,84453.1,2024-06-23,5270.87,5.4416,86045.9,-1592.8,-1.89,2024,6,2024-06
2194,48,133,8,15142.0,2023-03-26,348.47,5.2921,14753.1,388.9,2.57,2023,3,2023-03
2215,22,115,5,4153.0,2024-03-03,167.9,4.9596,4163.58,-10.58,-0.25,2024,3,2024-03
2227,36,112,3,6543.0,2023-06-03,398.23,4.9558,5920.64,622.36,9.51,2023,6,2023-06
2241,9,150,13,20324.3,2023-01-12,321.31,5.14,21469.93,-1145.63,-5.64,2023,1,2023-01
2249,34,59,2,174332.0,2024-07-06,17522.59,5.497,192643.35,-18311.35,-10.5,2024,7,2024-07
2254,10,54,7,808206.8,2023-04-07,23191.9,5.0683,822804.55,-14597.75,-1.81,2023,4,2023-04
2258,10,96,5,353104.0,2024-05-29,14776.4,5.1972,383979.53,-30875.53,-8.74,2024,5,2024-05
2267,19,12,3,7770.05,2024-08-14,481.53,5.4502,7873.3,-103.25,-1.33,2024,8,2024-08
2282,9,18,9,239152.0,2024-01-27,5536.62,4.9125,244787.81,-5635.81,-2.36,2024,1,2024-01
2292,44,2,12,167978.0,2023-08-24,2829.74,4.8748,165533.0,2445.0,1.46,2023,8,2023-08
2306,7,11,1,36232.0,2024-07-10,7246.24,5.3967,39105.78,-2873.78,-7.93,2024,7,2024-07
2319,3,38,10,251380.45,2023-10-26,5439.42,5.0055,272270.17,-20889.72,-8.31,2023,10,2023-10
2331,12,49,6,75606.7,2023-06-15,2627.0,4.8222,76007.52,-400.82,-0.53,2023,6,2023-06
2342,34,30,10,322479.0,2023-02-18,5636.75,5.2012,293178.64,29300.36,9.09,2023,2,2023-02
2345,17,32,1,12502.0,2024-12-11,2288.99,6.032,13807.19,-1305.19,-10.44,2024,12,2024-12
2357,33,131,12,11563.0,2023-09-28,196.2,5.0475,11883.83,-320.83,-2.77,2023,9,2023-09
2359,31,69,12,543180.0,2023-02-17,8542.02,5.2012,533145.05,10034.95,1.85,2023,2,2023-02
2365,22,115,3,2367.4,2024-09-16,167.9,5.5207,2780.78,-413.38,-17.46,2024,9,2024-09
2392,14,63,13,1819450.0,2024-12-26,27618.14,6.1656,2213671.25,-394221.25,-21.67,2024,12,2024-12
2394,19,11,11,398551.0,2024-11-09,7246.24,5.7648,459504.37,-60953.37,-15.29,2024,11,2024-11
2395,14,49,12,159171.0,2023-01-24,2627.0,5.1696,162966.47,-3795.47,-2.38,2023,1,2023-01
2398,2,46,9,42611.3,2024-10-07,1000.64,5.4626,49194.86,-6583.56,-15.45,2024,10,2024-10
2406,45,111,2,8141.5,2024-02-22,821.82,4.9419,8122.7,18.8,0.23,2024,2,2024-02
2410,44,125,5,17010.0,2023-04-16,646.27,4.9455,15980.64,1029.36,6.05,2023,4,2023-04
2468,32,39,4,118531.0,2024-08-17,5270.87,5.4632,115183.27,3347.73,2.82,2024,8,2024-08
2472,36,21,11,96080.0,2024-03-16,1674.22,4.9937,91966.08,4113.92,4.28,2024,3,2024-03
2475,48,52,1,13018.8,2023-05-18,2634.69,4.9647,13080.45,-61.65,-0.47,2023,5,2023-05
2482,8,98,9,714250.0,2023-02-28,15262.93,5.2078,715376.58,-1126.58,-0.16,2023,2,2023-02
2515,23,133,5,8990.8,2024-09-26,381.67,5.4412,10383.71,-1392.91,-15.49,2024,9,2024-09
2533,13,18,14,372014.0,2024-06-15,5265.1,5.363,395314.24,-23300.24,-6.26,2024,6,2024-06
2578,36,20,2,61667.0,2024-09-01,5689.04,5.6562,64356.7,-2689.7,-4.36,2024,9,2024-09
2588,3,92,10,844113.95,2023-07-26,16745.97,4.7368,793223.11,50890.84,6.03,2023,7,2023-07
2619,10,135,5,8223.0,2023-04-01,320.27,5.0804,8135.5,87.5,1.06,2023,4,2023-04
2630,42,43,15,526453.0,2023-05-18,6219.32,4.9647,463155.87,63297.13,12.02,2023,5,2023-05
2631,17,10,13,416430.0,2024-07-16,6547.91,5.4274,461995.65,-45565.65,-10.94,2024,7,2024-07
2643,11,107,6,9080.0,2023-01-08,295.48,5.2855,9370.56,-290.56,-3.2,2023,1,2023-01
2651,21,74,10,822306.7,2024-03-31,17160.36,4.9962,857365.91,-35059.21,-4.26,2024,3,2024-03
2656,49,72,1,94681.75,2023-08-02,30675.48,4.8083,147496.91,-52815.16,-55.78,2023,8,2023-08
2668,23,59,11,958828.0,2023-12-20,17882.07,4.8766,959240.73,-412.73,-0.04,2023,12,2023-12
2672,28,113,14,61529.0,2024-01-07,815.5,4.8899,55827.99,5701.01,9.27,2024,1,2024-01
2677,4,104,1,3527.35,2024-08-16,742.54,5.4632,4056.64,-529.29,-15.01,2024,8,2024-08
2703,3,93,8,763625.2,2023-01-20,19409.47,5.1986,807216.57,-43591.37,-5.71,2023,1,2023-01
2720,18,92,10,844113.95,2023-05-16,16745.97,4.9122,822595.54,21518.41,2.55,2023,5,2023-05
2726,6,81,3,348122.75,2024-07-01,23685.5,5.5893,397156.1,-49033.35,-14.09,2024,7,2024-07
2730,13,98,2,150785.9,2024-07-05,15850.04,5.497,174255.34,-23469.44,-15.56,2024,7,2024-07
2731,10,54,3,346373.8,2024-08-23,23191.9,5.5263,384496.19,-38122.39,-11.01,2024,8,2024-08
2744,26,73,13,1768025.05,2024-02-09,27541.35,4.9717,1780055.29,-12030.24,-0.68,2024,2,2024-02
2751,4,112,15,31078.3,2023-09-08,398.23,4.9835,29768.69,1309.61,4.21,2023,9,2023-09
2772,19,85,10,385787.0,2024-03-22,7885.27,4.9897,393451.32,-7664.32,-1.99,2024,3,2024-03
2789,40,54,11,1270038.85,2024-01-21,23191.9,4.9223,1255732.38,14306.47,1.13,2024,1,2024-01
2792,1,81,13,1508533.5,2024-01-25,23345.09,4.9232,1494123.11,14410.39,0.96,2024,1,2024-01
2801,48,101,8,3521.65,2024-08-24,82.96,5.5263,3667.69,-146.04,-4.15,2024,8,2024-08
2810,45,94,13,529761.0,2023-11-13,8022.13,4.9247,513585.59,16175.41,3.05,2023,11,2023-11
2833,12,19,13,213621.0,2023-07-15,3163.35,4.7957,197216.21,16404.79,7.68,2023,7,2023-07
2847,39,143,2,8429.35,2023-07-24,896.83,4.7457,8512.17,-82.82,-0.98,2023,7,2023-07
2852,27,37,14,84948.0,2023-06-13,1181.71,4.8533,80292.7,4655.3,5.48,2023,6,2023-06
2883,31,65,14,357808.0,2023-11-01,5225.24,5.0194,367185.98,-9377.98,-2.62,2023,11,2023-11
2904,12,12,6,16357.0,2023-12-15,527.97,4.9397,15648.08,708.92,4.33,2023,12,2023-12
2907,13,134,10,44817.2,2024-05-18,948.15,5.1157,48504.51,-3687.31,-8.23,2024,5,2024-05
2912,17,49,5,63004.95,2023-06-29,2627.0,4.8584,63815.08,-810.13,-1.29,2023,6,2023-06
2983,3,62,4,408888.0,2023-10-01,20000.78,5.0076,400623.62,8264.38,2.02,2023,10,2023-10
2988,48,62,12,1226664.0,2024-04-20,20000.78,5.2269,1254504.92,-27840.92,-2.27,2024,4,2024-04
2998,26,85,15,578680.0,2024-01-26,7885.27,4.9125,581045.83,-2365.83,-0.41,2024,1,2024-01
3060,5,60,8,826508.55,2023-02-19,19341.09,5.2012,804775.02,21733.53,2.63,2023,2,2023-02
3061,7,148,13,62212.0,2024-03-19,979.78,5.0352,64134.05,-1922.05,-3.09,2024,3,2024-03
3071,38,102,5,3952.0,2024-09-05,199.93,5.6049,5602.94,-1650.94,-41.77,2024,9,2024-09
3110,36,78,7,809714.45,2023-05-10,23053.04,4.9547,799546.28,10168.17,1.26,2023,5,2023-05
3147,42,113,5,20876.25,2023-04-25,815.5,5.0613,20637.45,238.8,1.14,2023,4,2023-04
3150,45,48,3,44209.0,2023-05-15,2836.04,4.9103,41777.42,2431.58,5.5,2023,5,2023-05
3178,45,43,8,266736.25,2024-12-02,6219.32,6.0634,301681.8,-34945.55,-13.1,2024,12,2024-12
3184,29,88,15,725047.0,2023-12-31,9954.59,4.8413,722897.35,2149.65,0.3,2023,12,2023-12
3198,27,74,3,246692.2,2023-05-11,17160.36,4.9696,255840.38,-9148.18,-3.71,2023,5,2023-05
3212,12,33,7,44659.5,2023-03-24,1268.8,5.2921,47002.32,-2342.82,-5.25,2023,3,2023-03
3217,18,134,15,67225.8,2023-03-16,899.33,5.2892,71351.04,-4125.24,-6.14,2023,3,2023-03
3223,4,36,12,257656.15,2024-01-23,4476.41,4.9715,267053.67,-9397.52,-3.65,2024,1,2024-01
3225,13,18,1,26572.0,2023-04-11,4834.43,5.0128,24234.03,2337.97,8.8,2023,4,2023-04
3255,37,75,7,229379.0,2024-07-15,6193.58,5.4563,236558.21,-7179.21,-3.13,2024,7,2024-07
3257,17,85,9,347208.0,2023-04-11,7499.89,5.0128,338359.04,8848.96,2.55,2023,4,2023-04
3273,9,137,11,35378.0,2024-11-11,673.98,5.798,42985.1,-7607.1,-21.5,2024,11,2024-11
3285,7,35,2,22011.0,2023-05-17,2106.85,4.9513,20863.29,1147.71,5.21,2023,5,2023-05
3295,17,18,7,186007.0,2023-07-10,4834.43,4.8735,164924.16,21082.84,11.33,2023,7,2023-07
3299,42,52,1,13704.0,2024-03-01,2634.69,4.9596,13067.01,636.99,4.65,2024,3,2024-03
3300,15,53,11,590425.0,2024-08-13,9496.3,5.4875,573220.41,17204.59,2.91,2024,8,2024-08
3307,7,79,14,926056.0,2024-01-24,11724.63,4.9192,807461.2,118594.8,12.81,2024,1,2024-01
3315,2,100,15,1569004.0,2023-08-21,19807.28,4.9847,1481000.23,88003.77,5.61,2023,8,2023-08
3326,12,96,7,469628.7,2023-02-05,13063.42,5.103,466638.43,2990.27,0.64,2023,2,2023-02
3345,43,78,13,1503755.0,2023-03-06,23053.04,5.197,1557486.44,-53731.44,-3.57,2023,3,2023-03
3369,7,2,14,186175.3,2024-04-13,2829.74,5.1364,203485.47,-17310.17,-9.3,2024,4,2024-04
3377,15,24,1,23232.0,2023-05-30,4129.65,5.0593,20893.14,2338.86,10.07,2023,5,2023-05
3380,38,132,7,10941.0,2024-10-09,314.46,5.5737,12268.94,-1327.94,-12.14,2024,10,2024-10
3392,49,68,7,468280.0,2023-01-31,11988.94,5.0993,427946.41,40333.59,8.61,2023,1,2023-01
3413,44,122,11,14547.0,2023-06-10,266.89,4.8922,14362.47,184.53,1.27,2023,6,2023-06
3418,3,146,2,992.0,2024-11-09,87.83,5.7648,1012.64,-20.64,-2.08,2024,11,2024-11
3430,20,141,13,62163.0,2023-01-14,942.08,5.1146,62638.71,-475.71,-0.77,2023,1,2023-01
3467,47,58,1,108825.0,2023-05-02,20157.55,5.0334,101461.01,7363.99,6.77,2023,5,2023-05
3506,49,13,12,88316.75,2024-07-28,1356.5,5.6465,91913.73,-3596.98,-4.07,2024,7,2024-07
3522,48,4,7,23673.0,2024-08-31,679.13,5.6562,26889.07,-3216.07,-13.59,2024,8,2024-08
3557,35,134,15,70764.0,2023-08-05,899.33,4.8609,65573.3,5190.7,7.34,2023,8,2023-08
3558,6,9,3,119116.0,2023-02-18,7933.96,5.2012,123798.34,-4682.34,-3.93,2023,2,2023-02
3566,49,125,14,47629.0,2024-04-28,646.27,5.1184,46310.16,1318.84,2.77,2024,4,2024-04
3593,22,68,7,444866.0,2024-10-04,13317.89,5.4686,509811.49,-64945.49,-14.6,2024,10,2024-10
3616,17,62,15,1456663.5,2024-04-13,20000.78,5.1364,1540980.1,-84316.6,-5.79,2024,4,2024-04
3649,42,42,5,29964.0,2024-02-06,1263.57,4.9687,31391.5,-1427.5,-4.76,2024,2,2024-02
3731,39,52,11,143207.75,2024-06-10,2634.69,5.3666,155532.6,-12324.85,-8.61,2024,6,2024-06
3733,41,87,3,190551.0,2024-09-25,13597.7,5.4736,223285.11,-32734.11,-17.18,2024,9,2024-09
3750,3,143,8,33716.45,2024-05-27,896.83,5.1704,37095.76,-3379.31,-10.02,2024,5,2024-05
3767,31,45,6,56450.9,2024-01-29,1881.33,4.9225,55565.08,885.82,1.57,2024,1,2024-01
3774,4,41,14,148400.0,2023-12-11,2005.71,4.944,138827.22,9572.78,6.45,2023,12,2023-12
3807,21,30,4,128991.0,2024-07-23,6558.44,5.5807,146402.74,-17411.74,-13.5,2024,7,2024-07
3814,17,6,5,56145.95,2024-07-04,2172.43,5.4839,59566.94,-3420.99,-6.09,2024,7,2024-07
3834,6,45,5,49519.0,2024-04-24,1881.33,5.1592,48530.79,988.21,2.0,2024,4,2024-04
3837,12,66,6,75430.0,2023-12-07,2360.29,4.8949,69320.3,6109.7,8.1,2023,12,2023-12
3877,46,105,13,4024.0,2023-12-27,62.64,4.8306,3933.65,90.35,2.25,2023,12,2023-12
3881,22,17,14,186715.85,2024-03-21,2833.14,4.9807,197554.29,-10838.44,-5.8,2024,3,2024-03
3914,38,16,13,390078.0,2024-06-16,6212.42,5.363,433123.71,-43045.71,-11.04,2024,6,2024-06
3946,25,9,6,226321.35,2024-07-31,7544.56,5.6621,256308.32,-29986.97,-13.25,2024,7,2024-07
3948,14,121,7,24567.0,2023-11-14,746.8,4.8682,25449.0,-882.0,-3.59,2023,11,2023-11
3960,48,123,1,2638.15,2024-03-06,535.37,4.9398,2644.62,-6.47,-0.25,2024,3,2024-03
4000,6,63,9,1259619.0,2023-12-14,27618.14,4.8912,1215772.62,43846.38,3.48,2023,12,2023-12
4003,13,29,12,438124.0,2023-09-04,7689.63,4.9176,453774.29,-15650.29,-3.57,2023,9,2023-09
4031,44,95,11,729493.6,2024-06-08,12945.63,5.2802,751910.67,-22417.07,-3.07,2024,6,2024-06
4057,28,88,9,435028.0,2024-02-07,9896.1,4.9608,441833.16,-6805.16,-1.56,2024,2,2024-02
4063,20,102,6,4742.4,2024-04-15,199.93,5.1746,6207.35,-1464.95,-30.89,2024,4,2024-04
4070,5,79,14,879753.2,2023-06-03,11724.63,4.9558,813468.9,66284.3,7.53,2023,6,2023-06
4086,14,35,12,132066.0,2024-05-21,2106.85,5.1037,129032.76,3033.24,2.3,2024,5,2024-05
4095,34,129,14,45727.0,2023-11-08,598.62,4.8855,40943.81,4783.19,10.46,2023,11,2023-11
4116,34,65,13,332250.0,2024-05-31,4996.52,5.2416,340466.87,-8216.87,-2.47,2024,5,2024-05
4131,36,114,12,9591.0,2024-03-14,152.46,4.9768,9105.16,485.84,5.07,2024,3,2024-03
4179,14,117,15,61545.0,2023-08-16,823.4,4.9772,61473.4,71.6,0.12,2023,8,2023-08
4193,26,62,13,1262441.7,2023-04-23,20000.78,5.0497,1312973.2,-50531.5,-4.0,2023,4,2023-04
4217,45,116,6,15453.0,2023-02-11,502.24,5.2526,15828.39,-375.39,-2.43,2023,2,2023-02
4266,39,136,7,13123.3,2023-03-23,533.84,5.2632,19667.95,-6544.65,-49.87,2023,3,2023-03
4276,3,21,2,17469.0,2024-12-13,1584.96,6.04,19146.32,-1677.32,-9.6,2024,12,2024-12
4281,5,143,8,33716.45,2024-08-08,896.83,5.6172,40301.39,-6584.94,-19.53,2024,8,2024-08
4290,40,79,13,816913.55,2023-11-06,11724.63,4.8999,746843.69,70069.86,8.58,2023,11,2023-11
4294,7,44,5,51332.3,2023-01-01,1963.02,5.3436,52447.97,-1115.67,-2.17,2023,1,2023-01
4312,19,51,14,898226.0,2024-03-28,12243.38,4.9962,856385.25,41840.75,4.66,2024,3,2024-03
4356,26,74,12,986767.85,2024-04-20,17160.36,5.2269,1076345.83,-89577.98,-9.08,2024,4,2024-04
4383,49,118,13,56096.0,2023-01-11,797.41,5.202,53925.65,2170.35,3.87,2023,1,2023-01
4385,8,53,15,805125.0,2023-03-23,10045.86,5.2632,793100.56,12024.44,1.49,2023,3,2023-03
4408,13,36,12,257656.15,2024-03-25,4476.41,4.9869,267880.91,-10224.76,-3.97,2024,3,2024-03
4411,35,49,12,151212.45,2024-08-19,2627.0,5.4237,170976.72,-19764.27,-13.07,2024,8,2024-08
4437,2,49,9,119378.0,2024-05-08,2627.0,5.0887,120312.13,-934.13,-0.78,2024,5,2024-05
4457,5,118,9,38836.0,2023-10-02,797.41,5.0679,36370.75,2465.25,6.35,2023,10,2023-10
4463,21,56,12,515865.0,2024-06-30,8087.59,5.5589,539497.25,-23632.25,-4.58,2024,6,2024-06
4464,38,130,9,35432.15,2023-08-26,859.48,4.8772,37726.7,-2294.55,-6.48,2023,8,2023-08
4466,20,56,3,128966.0,2024-03-12,8087.59,4.9813,120860.14,8105.86,6.29,2024,3,2024-03
4478,32,46,6,29903.0,2023-01-05,959.01,5.4026,31086.88,-1183.88,-3.96,2023,1,2023-01
4488,36,126,7,17802.05,2023-06-01,467.05,5.035,16461.18,1340.87,7.53,2023,6,2023-06
4493,49,44,8,86455.0,2023-07-26,1963.02,4.7368,74387.47,12067.53,13.96,2023,7,2023-07
4498,21,4,15,50728.0,2023-12-01,692.14,4.9191,51070.59,-342.59,-0.68,2023,12,2023-12
4500,20,145,10,41324.05,2023-02-12,820.56,5.2526,43100.73,-1776.68,-4.3,2023,2,2023-02
4528,13,60,2,217502.0,2023-11-25,22190.02,4.8927,217138.22,363.78,0.17,2023,11,2023-11
4533,19,39,4,112604.45,2024-06-10,5270.87,5.3666,113146.6,-542.15,-0.48,2024,6,2024-06
4536,27,70,15,489564.45,2023-07-13,6655.06,4.8038,479543.66,10020.79,2.05,2023,7,2023-07
4553,29,42,11,65921.0,2024-09-08,1263.57,5.5702,77421.71,-11500.71,-17.45,2024,9,2024-09
4603,45,98,1,75392.95,2024-08-25,15850.04,5.5263,87592.08,-12199.13,-16.18,2024,8,2024-08
4605,36,85,8,308630.0,2023-08-08,7499.89,4.9217,295297.67,13332.33,4.32,2023,8,2023-08
4613,21,55,1,109987.0,2023-12-13,23326.09,4.958,115650.75,-5663.75,-5.15,2023,12,2023-12
4628,12,93,6,572718.9,2024-02-13,19409.47,4.9717,578988.37,-6269.47,-1.09,2024,2,2024-02
4635,22,122,8,10580.0,2023-01-24,255.46,5.1696,10565.01,14.99,0.14,2023,1,2023-01
4658,34,21,4,33191.1,2024-10-30,1584.96,5.7801,36644.91,-3453.81,-10.41,2024,10,2024-10
4683,9,147,8,23028.95,2024-11-09,592.19,5.7648,27310.86,-4281.91,-18.59,2024,11,2024-11
4698,25,29,1,34684.5,2024-03-02,7689.63,4.9596,38137.49,-3452.99,-9.96,2024,3,2024-03
4732,7,7,5,97594.0,2023-09-12,3678.62,4.9505,91055.04,6538.96,6.7,2023,9,2023-09
4750,20,23,5,53098.35,2024-10-19,2244.66,5.6672,63604.69,-10506.34,-19.79,2024,10,2024-10
4811,41,19,9,147891.0,2023-12-10,3358.13,4.9158,148571.06,-680.06,-0.46,2023,12,2023-12
4815,7,131,1,964.0,2023-10-07,196.2,5.1918,1018.63,-54.63,-5.67,2023,10,2023-10
4825,35,51,15,914265.75,2024-08-31,12243.38,5.6562,1038765.09,-124499.34,-13.62,2024,8,2024-08
4831,18,31,2,15737.7,2024-03-20,1686.13,5.012,16901.77,-1164.07,-7.4,2024,3,2024-03
4865,12,80,4,491050.25,2024-11-22,24177.04,5.8124,562106.51,-71056.26,-14.47,2024,11,2024-11
4866,37,86,9,841708.0,2023-10-08,17824.79,5.1918,832884.7,8823.3,1.05,2023,10,2023-10
4867,30,18,6,151463.25,2024-11-26,5265.1,5.799,183193.89,-31730.64,-20.95,2024,11,2024-11
4876,4,53,3,161025.0,2024-12-18,9496.3,6.1624,175560.0,-14535.0,-9.03,2024,12,2024-12
4887,10,95,15,994764.95,2023-08-08,12945.63,4.9217,955717.61,39047.34,3.93,2023,8,2023-08
4913,29,81,8,928328.6,2023-07-24,23345.09,4.7457,886310.35,42018.25,4.53,2023,7,2023-07
4917,48,76,10,1407882.9,2023-07-03,27945.06,4.7876,1337897.69,69985.21,4.97,2023,7,2023-07
4919,3,64,12,1271163.65,2023-01-28,21352.22,5.0767,1300785.78,-29622.13,-2.33,2023,1,2023-01
4927,21,88,4,183678.7,2024-05-24,9896.1,5.1508,203891.33,-20212.63,-11.0,2024,5,2024-05
4955,33,65,13,315637.5,2024-04-23,5225.24,5.1626,350685.71,-35048.21,-11.1,2024,4,2024-04
4989,24,57,14,1579914.6,2023-12-05,22497.79,4.9522,1559789.78,20124.82,1.27,2023,12,2023-12
4992,43,104,1,3527.35,2024-10-16,742.54,5.6749,4213.84,-686.49,-19.46,2024,10,2024-10
4994,38,131,7,6745.0,2023-03-31,185.47,5.0804,6595.83,149.17,2.21,2023,3,2023-03
5020,42,14,1,35811.0,2024-08-31,6832.87,5.6562,38648.08,-2837.08,-7.92,2024,8,2024-08
5024,21,21,15,124467.1,2024-09-06,1584.96,5.5702,132428.16,-7961.06,-6.4,2024,9,2024-09
5043,39,45,12,112902.75,2023-07-03,1881.33,4.7876,108084.67,4818.08,4.27,2023,7,2023-07
5051,16,35,4,41820.9,2023-04-23,2106.85,5.0497,42555.84,-734.94,-1.76,2023,4,2023-04
5123,47,66,1,11943.4,2023-11-22,2360.29,4.8968,11557.87,385.53,3.23,2023,11,2023-11
5146,11,59,2,174332.0,2024-06-15,17522.59,5.363,187947.3,-13615.3,-7.81,2024,6,2024-06
5160,8,14,6,214866.0,2023-11-03,6767.66,4.891,198603.75,16262.25,7.57,2023,11,2023-11
5162,34,134,9,40335.1,2023-07-26,899.33,4.7368,38339.52,1995.58,4.95,2023,7,2023-07
5190,46,82,2,103268.0,2023-07-16,9770.29,4.7957,93710.76,9557.24,9.25,2023,7,2023-07
5217,31,101,14,6163.6,2023-03-28,87.95,5.1733,6369.88,-206.28,-3.35,2023,3,2023-03
5221,7,93,9,904293.0,2024-09-17,19072.72,5.501,944271.29,-39978.29,-4.42,2024,9,2024-09
5293,9,50,14,157864.0,2024-07-18,2378.45,5.5426,184559.16,-26695.16,-16.91,2024,7,2024-07
5305,41,71,7,865657.1,2023-10-29,27484.92,4.948,951967.69,-86310.59,-9.97,2023,10,2023-10
5325,35,68,6,381313.85,2023-11-20,13998.43,4.8723,409227.3,-27913.45,-7.32,2023,11,2023-11
5335,24,40,10,141840.0,2023-09-09,2970.73,4.9835,148046.33,-6206.33,-4.38,2023,9,2023-09
5353,1,43,7,233394.1,2023-04-28,6219.32,5.0007,217706.67,15687.43,6.72,2023,4,2023-04
5381,41,23,3,31859.2,2024-10-18,2244.66,5.6672,38162.81,-6303.61,-19.79,2024,10,2024-10
5389,49,150,11,18102.0,2024-01-19,326.88,4.9223,17699.02,402.98,2.23,2024,1,2024-01
5403,16,137,13,41810.45,2024-08-15,673.98,5.4651,47883.79,-6073.34,-14.53,2024,8,2024-08
5406,46,77,15,670570.0,2024-03-30,8959.75,4.9962,671470.54,-900.54,-0.13,2024,3,2024-03
5421,32,76,8,1185586.0,2023-12-02,27945.06,4.9191,1099716.36,85869.64,7.24,2023,12,2023-12
5433,6,148,14,63648.1,2024-11-01,885.1,5.8073,71960.58,-8312.48,-13.06,2024,11,2024-11
5439,48,46,3,14951.0,2024-03-28,1000.64,4.9962,14998.19,-47.19,-0.32,2024,3,2024-03
5453,3,53,12,611895.0,2023-04-12,10045.86,4.9496,596675.86,15219.14,2.49,2023,4,2023-04
5458,3,112,9,18647.55,2023-09-09,398.23,4.9835,17861.21,786.34,4.22,2023,9,2023-09
5507,45,122,8,10580.0,2024-07-17,271.3,5.467,11865.58,-1285.58,-12.15,2024,7,2024-07
5515,29,1,12,397470.0,2023-12-14,6574.8,4.8912,385903.94,11566.06,2.91,2023,12,2023-12
5578,29,9,5,188601.6,2023-12-21,7933.96,4.8755,193410.11,-4808.51,-2.55,2023,12,2023-12
5597,49,125,10,32319.95,2023-10-06,646.27,5.1918,33553.05,-1233.1,-3.82,2023,10,2023-10
5600,30,148,3,13639.15,2024-07-16,885.1,5.4274,14411.38,-772.23,-5.66,2024,7,2024-07
5616,15,124,1,3770.0,2023-08-07,725.63,4.901,3556.31,213.69,5.67,2023,8,2023-08
5647,30,80,5,646119.0,2024-01-21,24177.04,4.9223,595033.22,51085.78,7.91,2024,1,2024-01
5669,45,80,14,1809134.0,2023-08-25,24177.04,4.8772,1650827.63,158306.37,8.75,2023,8,2023-08
5697,49,44,15,153997.85,2023-10-09,1963.02,5.1666,152132.09,1865.76,1.21,2023,10,2023-10
5740,7,146,12,5952.0,2024-11-27,87.83,5.8291,6143.64,-191.64,-3.22,2024,11,2024-11
5748,17,70,15,489564.45,2023-09-04,6655.06,4.9176,490903.85,-1339.4,-0.27,2023,9,2023-09
5769,36,52,14,191857.0,2023-11-25,2634.69,4.8927,180470.47,11386.53,5.93,2023,11,2023-11
5772,10,73,14,1904027.05,2023-03-06,27541.35,5.197,2003853.54,-99826.49,-5.24,2023,3,2023-03
5789,40,123,9,24994.0,2023-05-05,535.37,4.9696,23945.17,1048.83,4.2,2023,5,2023-05
5790,30,21,7,58084.9,2024-01-07,1674.22,4.8899,57307.38,777.52,1.34,2024,1,2024-01
5813,8,122,1,1255.9,2024-12-23,222.63,6.1612,1371.67,-115.77,-9.22,2024,12,2024-12
5819,27,6,3,35461.0,2024-09-11,2172.43,5.6387,36749.04,-1288.04,-3.63,2024,9,2024-09
5823,37,106,2,8770.0,2024-11-28,918.37,5.9871,10996.75,-2226.75,-25.39,2024,11,2024-11
5829,12,36,9,203413.0,2024-03-28,4476.41,4.9962,201285.36,2127.64,1.05,2024,3,2024-03
5833,16,45,13,122310.6,2024-08-18,1881.33,5.4632,133615.07,-11304.47,-9.24,2024,8,2024-08
5834,45,72,10,996646.0,2023-02-23,30675.48,5.133,1574572.39,-577926.39,-57.99,2023,2,2023-02
5837,40,7,12,222513.75,2023-10-30,3678.62,5.0074,221043.86,1469.89,0.66,2023,10,2023-10
5860,16,44,3,32421.0,2023-03-04,1963.02,5.2037,30644.9,1776.1,5.48,2023,3,2023-03
5863,29,4,14,44978.7,2023-12-11,692.14,4.944,47907.16,-2928.46,-6.51,2023,12,2023-12
5871,22,86,2,177693.7,2024-08-28,17824.79,5.5315,197195.65,-19501.95,-10.98,2024,8,2024-08
5872,5,7,5,92714.3,2023-10-21,3678.62,5.0528,92936.66,-222.36,-0.24,2023,10,2023-10
5907,7,29,10,346847.85,2023-05-10,7689.63,4.9547,380998.1,-34150.25,-9.85,2023,5,2023-05
5918,40,96,3,211863.0,2023-05-18,13063.42,4.9647,194567.88,17295.12,8.16,2023,5,2023-05
5924,33,45,2,19807.0,2023-12-24,1881.33,4.8619,18293.68,1513.32,7.64,2023,12,2023-12
5927,7,24,6,139393.0,2024-01-19,4129.65,4.9223,121964.26,17428.74,12.5,2024,1,2024-01
5943,32,17,5,70194.0,2024-05-25,2833.14,5.1508,72964.69,-2770.69,-3.95,2024,5,2024-05
5956,40,111,15,64278.0,2023-11-15,821.82,4.8682,60011.76,4266.24,6.64,2023,11,2023-11
5983,33,72,4,378726.05,2024-10-22,30675.48,5.6958,698885.6,-320159.55,-84.54,2024,10,2024-10
6000,5,49,2,25201.6,2024-03-17,2627.0,4.9937,26236.9,-1035.3,-4.11,2024,3,2024-03
6014,26,142,10,8264.0,2023-01-05,160.09,5.4026,8649.02,-385.02,-4.66,2023,1,2023-01
6040,16,69,1,43001.75,2023-02-09,8542.02,5.2315,44687.58,-1685.83,-3.92,2023,2,2023-02
6056,1,65,10,255577.0,2024-07-06,4996.52,5.497,274658.7,-19081.7,-7.47,2024,7,2024-07
6077,19,66,13,155259.45,2023-06-24,2360.29,4.7799,146665.35,8594.1,5.54,2023,6,2023-06
6084,20,95,14,977313.0,2023-10-13,12945.63,5.0625,917521.53,59791.47,6.12,2023,10,2023-10
6104,39,63,2,279915.0,2023-07-15,27618.14,4.7957,264896.63,15018.37,5.37,2023,7,2023-07
6178,47,98,15,1190417.0,2023-03-08,15262.93,5.1387,1176474.28,13942.72,1.17,2023,3,2023-03
6184,13,11,4,137681.6,2024-02-01,7246.24,4.935,143040.78,-5359.18,-3.89,2024,2,2024-02
6186,38,58,12,1240600.25,2024-02-20,20157.55,4.9408,1195133.08,45467.17,3.66,2024,2,2024-02
6202,14,93,10,954531.5,2024-07-23,19072.72,5.5807,1064391.29,-109859.79,-11.51,2024,7,2024-07
6214,11,115,9,7475.0,2023-04-03,160.69,5.0637,7323.17,151.83,2.03,2023,4,2023-04
6224,12,119,4,12371.85,2024-08-31,669.88,5.6562,15155.9,-2784.05,-22.5,2024,8,2024-08
6228,26,9,11,436760.0,2023-09-18,7933.96,4.8535,423582.22,13177.78,3.02,2023,9,2023-09
6284,17,44,15,153997.85,2023-12-14,1963.02,4.8912,144022.85,9975.0,6.48,2023,12,2023-12
6290,44,36,3,64413.8,2023-05-13,4221.25,4.9234,62348.71,2065.09,3.21,2023,5,2023-05
6291,26,126,15,40156.0,2024-11-19,467.05,5.7743,40453.3,-297.3,-0.74,2024,11,2024-11
6297,13,78,10,1156735.2,2023-06-12,23053.04,4.8832,1125726.05,31009.15,2.68,2023,6,2023-06
6301,10,73,6,858960.0,2024-07-06,28694.54,5.497,946403.32,-87443.32,-10.18,2024,7,2024-07
6302,41,94,11,448259.0,2023-01-20,7181.14,5.1986,410650.62,37608.38,8.39,2023,1,2023-01
6314,31,99,15,1528550.0,2024-01-15,21330.89,4.8765,1560301.28,-31751.28,-2.08,2024,1,2024-01
6389,33,17,11,146705.65,2024-12-30,2833.14,6.1923,192980.18,-46274.53,-31.54,2024,12,2024-12
6394,37,129,10,32662.0,2023-04-13,598.62,4.9097,29390.45,3271.55,10.02,2023,4,2023-04
6402,10,77,4,178819.0,2024-07-27,8959.75,5.6465,202364.91,-23545.91,-13.17,2024,7,2024-07
6418,30,74,1,82231.05,2023-04-18,17160.36,4.9678,85249.24,-3018.19,-3.67,2023,4,2023-04
6434,31,119,7,21651.45,2023-11-23,669.88,4.8931,22944.53,-1293.08,-5.97,2023,11,2023-11
6454,40,26,3,51850.0,2024-07-02,3378.85,5.6677,57450.92,-5600.92,-10.8,2024,7,2024-07
6472,46,116,3,7727.0,2024-12-08,502.24,6.0293,9084.47,-1357.47,-17.57,2024,12,2024-12
6481,9,44,14,151296.0,2023-10-11,1963.02,5.0496,138774.52,12521.48,8.28,2023,10,2023-10
6484,31,108,6,20073.0,2024-11-27,688.83,5.8291,24091.55,-4018.55,-20.02,2024,11,2024-11
6515,15,16,9,256551.3,2023-12-02,5615.94,4.9191,248628.33,7922.97,3.09,2023,12,2023-12
6517,35,101,7,3244.0,2023-03-05,87.95,5.2037,3203.66,40.34,1.24,2023,3,2023-03
6561,17,131,2,1927.0,2023-03-01,185.47,5.207,1931.48,-4.48,-0.23,2023,3,2023-03
6562,46,44,9,97262.0,2023-11-08,1963.02,4.8855,86313.01,10948.99,11.26,2023,11,2023-11
6565,15,38,7,185228.0,2023-06-07,5097.21,4.9119,175258.9,9969.1,5.38,2023,6,2023-06
6579,45,82,9,464706.0,2023-10-22,9770.29,5.0528,444305.89,20400.11,4.39,2023,10,2023-10
6599,13,104,3,11139.0,2023-01-29,742.54,5.0767,11308.96,-169.96,-1.53,2023,1,2023-01
6601,2,106,6,24993.55,2023-08-09,918.37,4.9015,27008.34,-2014.79,-8.06,2023,8,2023-08
6604,24,136,3,5624.0,2024-12-22,390.62,6.078,7122.57,-1498.57,-26.65,2024,12,2024-12
6606,33,36,13,293818.0,2024-06-28,4476.41,5.5589,323490.9,-29672.9,-10.1,2024,6,2024-06
6621,41,43,1,33342.15,2023-05-28,6219.32,5.0114,31167.5,2174.65,6.52,2023,5,2023-05
6624,13,20,6,185001.0,2024-04-12,5689.04,5.1364,175327.11,9673.89,5.23,2024,4,2024-04
6651,8,4,9,30437.0,2024-09-06,679.13,5.5702,34046.01,-3609.01,-11.86,2024,9,2024-09
6669,4,37,12,69172.35,2023-02-25,1132.29,5.1791,70370.92,-1198.57,-1.73,2023,2,2023-02
6684,1,74,15,1298378.0,2023-09-25,17160.36,4.9606,1276885.23,21492.77,1.66,2023,9,2023-09
6704,47,125,2,6804.0,2024-05-06,646.27,5.0727,6556.67,247.33,3.64,2024,5,2024-05
6738,22,71,11,1431915.0,2024-10-25,23100.17,5.6969,1447592.94,-15677.94,-1.09,2024,10,2024-10
6764,9,74,2,173117.0,2023-06-27,17160.36,4.7903,164406.55,8710.45,5.03,2023,6,2023-06
6776,46,80,9,1163015.0,2024-08-24,24177.04,5.5263,1202486.19,-39471.19,-3.39,2024,8,2024-08
6803,2,135,2,3289.0,2023-09-11,328.1,4.9366,3239.4,49.6,1.51,2023,9,2023-09
6828,24,8,8,39873.0,2024-09-30,947.05,5.4481,41276.98,-1403.98,-3.52,2024,9,2024-09
6839,2,143,13,57674.0,2024-03-14,896.83,4.9768,58023.47,-349.47,-0.61,2024,3,2024-03
6843,17,129,15,46543.35,2023-06-06,598.62,4.9292,44260.77,2282.58,4.9,2023,6,2023-06
6865,31,77,11,491751.0,2024-12-10,8959.75,6.0529,596557.18,-104806.18,-21.31,2024,12,2024-12
6927,15,136,12,23682.0,2024-10-27,390.62,5.6969,26703.88,-3021.88,-12.76,2024,10,2024-10
6930,34,102,13,10275.2,2024-11-13,199.93,5.7713,15000.13,-4724.93,-45.98,2024,11,2024-11
6938,46,11,14,507247.0,2023-03-04,6733.8,5.2037,490569.45,16677.55,3.29,2023,3,2023-03
6941,4,2,13,172877.2,2023-06-16,2829.74,4.8286,177627.87,-4750.67,-2.75,2023,6,2023-06
6945,40,132,14,20787.9,2023-06-04,276.61,4.9558,19191.53,1596.37,7.68,2023,6,2023-06
6946,7,79,1,62839.65,2024-07-27,11935.56,5.6465,67394.14,-4554.49,-7.25,2024,7,2024-07
6962,46,5,8,179884.4,2023-05-18,4920.79,4.9647,195441.97,-15557.57,-8.65,2023,5,2023-05
6972,20,140,11,34480.0,2024-01-04,586.81,4.9188,31750.41,2729.59,7.92,2024,1,2024-01
7097,30,6,8,94562.0,2024-12-31,1951.33,6.1923,96665.77,-2103.77,-2.22,2024,12,2024-12
7122,28,90,5,375712.65,2023-06-06,14083.78,4.9292,347108.84,28603.81,7.61,2023,6,2023-06
7129,16,42,2,11986.0,2024-02-03,1263.57,4.9471,12502.01,-516.01,-4.31,2024,2,2024-02
7152,10,91,13,1753518.0,2024-07-08,27671.77,5.472,1968459.03,-214941.03,-12.26,2024,7,2024-07
7154,23,6,7,78603.95,2024-08-07,2172.43,5.6093,85300.68,-6696.73,-8.52,2024,8,2024-08
7173,46,17,2,28078.0,2023-03-20,2706.74,5.2467,28402.91,-324.91,-1.16,2023,3,2023-03
7199,12,113,3,13185.0,2023-05-09,815.5,5.0007,12234.21,950.79,7.21,2023,5,2023-05
7203,24,53,15,805125.0,2023-12-04,11332.93,4.9091,834517.3,-29392.3,-3.65,2023,12,2023-12
7214,22,16,13,370574.1,2023-12-10,5615.94,4.9158,358888.89,11685.21,3.15,2023,12,2023-12
7224,38,79,9,595322.0,2024-10-06,11873.21,5.4686,584368.53,10953.47,1.84,2024,10,2024-10
7227,46,4,1,3212.9,2023-01-16,654.31,5.1115,3344.51,-131.61,-4.1,2023,1,2023-01
7229,30,89,13,971674.25,2024-03-23,14832.32,4.9897,962114.75,9559.5,0.98,2024,3,2024-03
7231,26,132,2,2969.7,2023-03-04,276.61,5.2037,2878.79,90.91,3.06,2023,3,2023-03
7232,25,34,9,42045.1,2024-01-04,1022.84,4.9188,45280.31,-3235.21,-7.69,2024,1,2024-01
7256,48,73,2,286320.0,2023-09-28,27541.35,5.0475,278029.93,8290.07,2.9,2023,9,2023-09
7268,7,142,13,10743.0,2024-02-08,169.88,4.9804,10998.91,-255.91,-2.38,2024,2,2024-02
7301,9,114,6,4556.2,2023-10-03,152.46,5.11,4674.42,-118.22,-2.59,2023,10,2023-10
7320,1,119,8,24744.65,2023-03-11,625.1,5.1822,25915.15,-1170.5,-4.73,2023,3,2023-03
7328,48,69,5,215008.75,2024-04-03,9219.51,5.0724,233825.21,-18816.46,-8.75,2024,4,2024-04
7341,35,44,9,92398.9,2023-09-01,1963.02,4.9318,87131.0,5267.9,5.7,2023,9,2023-09
7345,5,84,5,217119.0,2023-04-30,8663.64,5.0007,216621.32,497.68,0.23,2023,4,2023-04
7364,26,42,2,11386.7,2023-11-25,1263.57,4.8927,12364.54,-977.84,-8.59,2023,11,2023-11
7380,2,49,14,185700.0,2023-08-07,2627.0,4.901,180248.98,5451.02,2.94,2023,8,2023-08
7391,43,16,6,171034.2,2023-09-21,5615.94,4.9229,165880.27,5153.93,3.01,2023,9,2023-09
7393,49,145,2,8700.0,2023-12-29,820.56,4.8413,7945.15,754.85,8.68,2023,12,2023-12
7415,5,138,4,16732.0,2023-07-01,836.88,4.8192,16132.37,599.63,3.58,2023,7,2023-07
7436,26,59,4,348665.0,2024-12-24,15361.57,6.1541,378146.55,-29481.55,-8.46,2024,12,2024-12
7468,44,128,6,27904.0,2024-02-28,853.09,4.9557,25365.95,2538.05,9.1,2024,2,2024-02
7498,30,92,15,1266171.4,2023-06-13,16745.97,4.8533,1219098.24,47073.16,3.72,2023,6,2023-06
7576,24,81,12,1465782.0,2023-08-13,23345.09,4.8918,1370394.14,95387.86,6.51,2023,8,2023-08
7582,48,89,6,472068.0,2023-01-05,14832.32,5.4026,480798.55,-8730.55,-1.85,2023,1,2023-01
7621,36,12,3,8179.0,2024-12-16,481.53,6.0509,8741.07,-562.07,-6.87,2024,12,2024-12
7632,8,109,11,6850.0,2023-02-10,169.23,5.2526,9777.87,-2927.87,-42.74,2023,2,2023-02
7663,30,137,15,48242.9,2024-10-18,673.98,5.6672,57293.69,-9050.79,-18.76,2024,10,2024-10
7680,25,143,14,62110.0,2024-09-03,896.83,5.6224,70592.72,-8482.72,-13.66,2024,9,2024-09
7701,5,108,6,19069.35,2023-04-13,653.47,4.9097,19250.05,-180.7,-0.95,2023,4,2023-04
7744,2,55,6,626926.85,2023-04-18,23326.09,4.9678,695276.1,-68349.25,-10.9,2023,4,2023-04
7772,34,98,4,317445.0,2023-08-08,15262.93,4.9217,300478.25,16966.75,5.34,2023,8,2023-08
7806,38,141,9,40884.2,2023-03-15,942.08,5.2981,44921.11,-4036.91,-9.87,2023,3,2023-03
7824,46,53,4,214700.0,2024-04-29,11332.93,5.1155,231894.41,-17194.41,-8.01,2024,4,2024-04
7826,2,11,11,378623.45,2023-12-13,7246.24,4.958,395195.44,-16571.99,-4.38,2023,12,2023-12
7872,25,25,15,181897.0,2023-01-23,2389.36,5.1922,186090.52,-4193.52,-2.31,2023,1,2023-01
7888,27,20,6,175750.95,2023-08-06,5689.04,4.8609,165923.13,9827.82,5.59,2023,8,2023-08
7920,25,9,12,476466.0,2023-02-12,7933.96,5.2526,500087.02,-23621.02,-4.96,2023,2,2023-02
7949,34,32,13,154405.4,2024-02-18,2562.61,4.9761,165773.45,-11368.05,-7.36,2024,2,2024-02
7956,28,27,7,115580.0,2024-07-16,3051.23,5.4274,115921.72,-341.72,-0.3,2024,7,2024-07
7985,3,53,4,203965.0,2023-08-16,11332.93,4.9772,225625.04,-21660.04,-10.62,2023,8,2023-08
7994,2,77,7,312933.0,2023-11-18,8959.75,4.8849,306372.38,6560.62,2.1,2023,11,2023-11
8031,8,93,3,301431.0,2024-03-27,19409.47,4.9856,290303.56,11127.44,3.69,2024,3,2024-03
8041,48,113,7,30765.0,2024-12-31,777.57,6.1923,33704.63,-2939.63,-9.56,2024,12,2024-12
8048,47,4,11,35340.95,2024-08-15,679.13,5.4651,40826.65,-5485.7,-15.52,2024,8,2024-08
8053,20,56,15,612590.4,2024-06-25,8087.59,5.429,658612.89,-46022.49,-7.51,2024,6,2024-06
8075,24,74,6,493383.45,2023-12-28,17160.36,4.8413,498470.71,-5087.26,-1.03,2023,12,2023-12
8081,20,50,3,32136.6,2024-11-09,2378.45,5.7648,41133.87,-8997.27,-28.0,2024,11,2024-11
8101,13,94,15,611263.0,2023-12-03,8022.13,4.9191,591924.9,19338.1,3.16,2023,12,2023-12
8180,43,55,10,1099872.0,2023-10-12,23326.09,5.0496,1177874.24,-78002.24,-7.09,2023,10,2023-10
8191,25,126,11,29448.0,2024-03-09,467.05,4.9751,25559.83,3888.17,13.2,2024,3,2024-03
8211,14,67,3,257367.0,2023-01-01,16720.73,5.3436,268046.68,-10679.68,-4.15,2023,1,2023-01
8212,29,47,11,67353.0,2024-06-25,1496.29,5.429,89356.94,-22003.94,-32.67,2024,6,2024-06
8237,49,74,10,822306.7,2024-11-22,17160.36,5.8124,997428.76,-175122.06,-21.3,2024,11,2024-11
8246,38,90,5,375712.65,2024-03-13,16081.27,4.9803,400447.74,-24735.09,-6.58,2024,3,2024-03
8254,8,119,15,48837.0,2023-08-09,669.88,4.9015,49251.25,-414.25,-0.85,2023,8,2023-08
8300,48,65,10,242798.15,2024-01-04,5225.24,4.9188,257019.11,-14220.96,-5.86,2024,1,2024-01
8339,15,43,6,210581.0,2023-07-24,6219.32,4.7457,177090.16,33490.84,15.9,2023,7,2023-07
8345,22,147,7,21211.0,2024-12-18,592.19,6.1624,25545.18,-4334.18,-20.43,2024,12,2024-12
8347,37,41,3,31800.0,2023-10-13,2005.71,5.0625,30461.72,1338.28,4.21,2023,10,2023-10
8353,14,121,10,36943.0,2024-11-12,677.66,5.7694,39096.92,-2153.92,-5.83,2024,11,2024-11
8367,8,44,3,30799.95,2023-03-29,1963.02,5.1493,30324.54,475.41,1.54,2023,3,2023-03
8421,42,35,3,31366.15,2024-03-10,2106.85,4.9751,31445.37,-79.22,-0.25,2024,3,2024-03
8442,37,65,5,127788.0,2023-06-02,5008.66,4.9558,124109.59,3678.41,2.88,2023,6,2023-06
8454,34,38,9,238150.0,2024-08-25,4851.61,5.5263,241303.07,-3153.07,-1.32,2024,8,2024-08
8474,16,98,5,376965.7,2024-04-30,15850.04,5.1718,409866.18,-32900.48,-8.73,2024,4,2024-04
8501,42,14,13,442266.8,2024-02-29,6767.66,4.9833,438428.64,3838.16,0.87,2024,2,2024-02
8575,32,57,2,237581.0,2024-07-20,23810.02,5.5543,264495.99,-26914.99,-11.33,2024,7,2024-07
8577,36,132,5,7424.25,2024-07-31,314.46,5.6621,8902.52,-1478.27,-19.91,2024,7,2024-07
8607,44,57,13,1467063.15,2024-12-19,20486.78,6.1841,1646999.85,-179936.7,-12.27,2024,12,2024-12
8611,37,5,7,165683.0,2023-04-25,4920.79,5.0613,174339.16,-8656.16,-5.22,2023,4,2023-04
8636,13,19,6,98594.0,2023-07-14,3163.35,4.7957,91022.87,7571.13,7.68,2023,7,2023-07
8655,15,105,2,619.0,2023-05-18,62.64,4.9647,621.98,-2.98,-0.48,2023,5,2023-05
8687,42,116,13,33482.0,2023-06-18,502.24,4.8286,31526.51,1955.49,5.84,2023,6,2023-06
8729,5,76,7,985518.6,2024-01-05,27945.06,4.8899,956539.84,28978.76,2.94,2024,1,2024-01
8758,24,84,3,123758.4,2024-10-16,8456.45,5.6749,143968.52,-20210.12,-16.33,2024,10,2024-10
8768,19,130,15,62161.0,2024-04-22,826.87,5.2043,64549.19,-2388.19,-3.84,2024,4,2024-04
8790,12,64,14,1561078.0,2024-07-27,21352.22,5.6465,1687914.34,-126836.34,-8.12,2024,7,2024-07
8793,27,10,13,395608.5,2024-08-29,6547.91,5.6358,479735.25,-84126.75,-21.27,2024,8,2024-08
8794,32,97,4,541340.0,2023-09-13,25607.88,4.9171,503666.03,37673.97,6.96,2023,9,2023-09
8800,9,127,15,22078.0,2023-09-12,296.24,4.9505,21998.04,79.96,0.36,2023,9,2023-09
8813,7,131,11,10599.0,2023-02-27,185.47,5.196,10600.72,-1.72,-0.02,2023,2,2023-02
8826,35,46,8,37876.5,2023-11-04,1000.64,4.891,39153.04,-1276.54,-3.37,2023,11,2023-11
8836,46,42,15,85398.35,2023-07-21,1263.57,4.7732,90469.08,-5070.73,-5.94,2023,7,2023-07
8853,14,2,13,181976.0,2023-11-15,2829.74,4.8682,179084.62,2891.38,1.59,2023,11,2023-11
8861,10,76,13,1926577.0,2023-04-12,27945.06,4.9496,1798119.3,128457.7,6.67,2023,4,2023-04
8874,33,30,10,322479.0,2024-02-27,6558.44,4.9575,325134.66,-2655.66,-0.82,2024,2,2024-02
8912,37,29,1,36510.0,2024-03-27,7689.63,4.9856,38337.42,-1827.42,-5.01,2024,3,2024-03
8920,28,81,8,977188.0,2024-10-21,23685.5,5.7068,1081347.29,-104159.29,-10.66,2024,10,2024-10
8926,28,13,1,7359.65,2024-03-19,1356.5,5.0352,6830.25,529.4,7.19,2024,3,2024-03
8965,12,104,6,21164.1,2024-05-13,742.54,5.1412,22905.28,-1741.18,-8.23,2024,5,2024-05
8997,47,137,1,3215.75,2024-10-26,673.98,5.6969,3839.6,-623.85,-19.4,2024,10,2024-10
9027,2,7,6,111257.35,2024-03-07,3678.62,4.9364,108954.84,2302.51,2.07,2024,3,2024-03
9052,7,36,3,67804.0,2024-02-08,4476.41,4.9804,66882.94,921.06,1.36,2024,2,2024-02
9076,48,118,15,61490.65,2023-01-20,797.41,5.1986,62181.23,-690.58,-1.12,2023,1,2023-01
9083,7,128,2,9301.0,2023-07-18,853.09,4.804,8196.49,1104.51,11.88,2023,7,2023-07
9085,26,104,10,37130.0,2023-04-21,742.54,5.0497,37496.04,-366.04,-0.99,2023,4,2023-04
9101,24,2,7,93087.65,2024-10-21,2829.74,5.7068,113041.32,-19953.67,-21.44,2024,10,2024-10
9125,14,2,15,199473.4,2023-10-17,2829.74,5.0384,213860.43,-14387.03,-7.21,2023,10,2023-10
9149,18,115,10,8306.0,2024-07-09,167.9,5.4387,9131.58,-825.58,-9.94,2024,7,2024-07
9153,3,23,3,33536.0,2023-10-31,2108.74,5.0575,31994.86,1541.14,4.6,2023,10,2023-10
9188,47,64,13,1377093.4,2024-08-07,21352.22,5.6093,1557023.1,-179929.7,-13.07,2024,8,2024-08
9196,12,32,2,25005.0,2024-03-27,2562.61,4.9856,25552.3,-547.3,-2.19,2024,3,2024-03
9197,48,35,9,94097.5,2023-06-03,2106.85,4.9558,93970.15,127.35,0.14,2023,6,2023-06
9198,10,133,5,8990.8,2024-09-07,381.67,5.5702,10629.89,-1639.09,-18.23,2024,9,2024-09
9206,15,11,6,217391.0,2023-09-29,7246.24,5.0076,217717.63,-326.63,-0.15,2023,9,2023-09
9237,46,18,6,159435.0,2023-01-26,4834.43,5.0951,147791.43,11643.57,7.3,2023,1,2023-01
9241,17,9,14,555877.0,2024-06-08,7544.56,5.2802,557715.0,-1838.0,-0.33,2024,6,2024-06
9243,17,41,8,84800.0,2023-09-13,2005.71,4.9171,78898.21,5901.79,6.96,2023,9,2023-09
9259,41,138,10,39738.5,2024-12-02,836.88,6.0634,50743.38,-11004.88,-27.69,2024,12,2024-12
9260,10,136,4,7894.0,2024-04-13,390.62,5.1364,8025.52,-131.52,-1.67,2024,4,2024-04
9270,28,131,12,11563.0,2023-10-31,196.2,5.0575,11907.38,-344.38,-2.98,2023,10,2023-10
9277,15,81,9,1044369.2,2023-02-05,23345.09,5.103,1072169.95,-27800.75,-2.66,2023,2,2023-02
9352,37,145,12,49588.1,2024-04-06,875.03,5.052,53047.82,-3459.72,-6.98,2024,4,2024-04
9356,21,49,7,88207.5,2024-10-04,2352.61,5.4686,90058.38,-1850.88,-2.1,2024,10,2024-10
9372,7,33,2,13432.0,2024-01-04,1268.8,4.9188,12481.95,950.05,7.07,2024,1,2024-01
9379,43,5,4,94676.0,2024-08-28,4752.24,5.5315,105148.06,-10472.06,-11.06,2024,8,2024-08
9391,33,131,3,2891.0,2023-09-29,196.2,5.0076,2947.47,-56.47,-1.95,2023,9,2023-09
9392,31,104,7,24691.45,2024-12-22,742.54,6.078,31592.11,-6900.66,-27.95,2024,12,2024-12
9393,28,150,4,6583.0,2024-11-16,288.9,5.7885,6689.19,-106.19,-1.61,2024,11,2024-11
9401,24,101,10,4402.3,2024-07-23,82.96,5.5807,4629.75,-227.45,-5.17,2024,7,2024-07
9403,1,24,5,110352.95,2023-12-17,4129.65,4.9397,101996.16,8356.79,7.57,2023,12,2023-12
9408,22,119,12,39070.0,2024-11-13,669.88,5.7713,46392.94,-7322.94,-18.74,2024,11,2024-11
9428,18,19,5,82162.0,2024-02-01,3358.13,4.935,82861.86,-699.86,-0.85,2024,2,2024-02
9442,12,91,1,128141.7,2023-12-19,27671.77,4.8663,134659.13,-6517.43,-5.09,2023,12,2023-12
9456,20,30,1,32248.0,2024-07-16,6558.44,5.4274,35595.28,-3347.28,-10.38,2024,7,2024-07
9520,26,107,13,18690.3,2024-07-08,311.59,5.472,22165.27,-3474.97,-18.59,2024,7,2024-07
9559,29,137,2,6432.45,2023-05-25,619.79,4.999,6196.66,235.79,3.67,2023,5,2023-05
9569,11,114,4,3037.15,2024-04-11,152.46,5.0765,3095.85,-58.7,-1.93,2024,4,2024-04
9570,42,11,14,507247.0,2023-06-07,7246.24,4.9119,498299.29,8947.71,1.76,2023,6,2023-06
9612,22,46,12,56814.75,2024-04-01,1000.64,5.0532,60677.21,-3862.46,-6.8,2024,4,2024-04
9614,23,135,2,3289.0,2024-10-11,328.1,5.6263,3691.98,-402.98,-12.25,2024,10,2024-10
9615,29,59,15,1242117.4,2023-09-06,16694.98,4.9762,1246163.39,-4045.99,-0.33,2023,9,2023-09
9629,24,47,10,58168.5,2023-04-26,1496.29,5.0585,75689.83,-17521.33,-30.12,2023,4,2023-04
9635,7,67,10,814995.5,2023-05-18,16720.73,4.9647,830134.08,-15138.58,-1.86,2023,5,2023-05
9655,1,72,10,946813.7,2023-03-18,30675.48,5.2679,1615953.61,-669139.91,-70.67,2023,3,2023-03
9680,19,79,15,992203.0,2023-12-20,11724.63,4.8766,857644.96,134558.04,13.56,2023,12,2023-12
9684,16,67,14,1201047.0,2023-03-08,16720.73,5.1387,1202919.41,-1872.41,-0.16,2023,3,2023-03
9697,46,16,7,199539.9,2024-07-13,5491.48,5.4529,209611.44,-10071.54,-5.05,2024,7,2024-07
9707,19,34,14,65402.75,2023-11-09,1022.84,4.9007,70176.85,-4774.1,-7.3,2023,11,2023-11
9763,9,26,8,138265.0,2023-12-29,3412.88,4.8413,132182.21,6082.79,4.4,2023,12,2023-12
9774,17,67,13,1059495.1,2023-04-30,16720.73,5.0007,1086999.61,-27504.51,-2.6,2023,4,2023-04
9793,3,67,5,407497.75,2024-08-28,16720.73,5.5315,462453.59,-54955.84,-13.49,2024,8,2024-08
9808,13,118,2,8198.5,2024-05-22,893.4,5.1502,9202.38,-1003.88,-12.24,2024,5,2024-05
9815,4,141,6,27256.45,2024-08-07,972.86,5.6093,32742.38,-5485.93,-20.13,2024,8,2024-08
9816,43,82,12,588627.6,2023-02-04,9770.29,5.103,598293.48,-9665.88,-1.64,2023,2,2023-02
9823,7,16,6,171034.2,2023-06-27,5615.94,4.7903,161412.22,9621.98,5.63,2023,6,2023-06
9837,37,57,15,1781859.0,2024-08-14,23810.02,5.4502,1946540.57,-164681.57,-9.24,2024,8,2024-08
9839,24,130,12,49729.0,2023-01-13,749.89,5.1146,46024.65,3704.35,7.45,2023,1,2023-01
9843,7,40,15,212761.0,2023-04-29,2757.45,5.0007,206837.7,5923.3,2.78,2023,4,2023-04
9864,49,71,10,1236653.95,2024-02-11,27484.92,4.9717,1366467.77,-129813.82,-10.5,2024,2,2024-02
9896,6,145,8,34799.0,2024-03-18,875.03,5.0124,35088.0,-289.0,-0.83,2024,3,2024-03
9897,9,11,5,172102.0,2024-04-27,7246.24,5.1184,185445.77,-13343.77,-7.75,2024,4,2024-04
9905,45,5,15,355035.0,2024-06-17,4752.24,5.413,385858.13,-30823.13,-8.68,2024,6,2024-06
9908,32,32,13,162532.0,2023-06-29,2560.62,4.8584,161726.71,805.29,0.5,2023,6,2023-06
9927,8,94,6,232279.75,2023-12-14,8022.13,4.8912,235427.05,-3147.3,-1.35,2023,12,2023-12
9934,14,47,14,81434.95,2024-02-13,1496.29,4.9717,104147.47,-22712.52,-27.89,2024,2,2024-02
9936,8,16,15,427585.5,2024-01-27,6212.42,4.9125,457777.7,-30192.2,-7.06,2024,1,2024-01
9948,44,73,1,136002.0,2024-09-27,26171.36,5.4431,142453.33,-6451.33,-4.74,2024,9,2024-09
9964,31,44,13,140489.0,2024-07-28,2159.34,5.6465,158505.27,-18016.27,-12.82,2024,7,2024-07
9978,2,33,5,33579.0,2023-08-30,1268.8,4.8653,30865.46,2713.54,8.08,2023,8,2023-08
20,39,56,12,490071.75,2024-11-27,8087.59,5.8291,565720.45,-75648.7,-15.44,2024,11,2024-11
29,26,109,7,4359.0,2024-03-24,169.23,4.9897,5910.85,-1551.85,-35.6,2024,3,2024-03
44,39,81,8,928328.6,2024-12-03,23685.5,6.0707,1150300.52,-221971.92,-23.91,2024,12,2024-12
53,2,25,12,145518.0,2024-03-10,2478.48,4.9751,147968.23,-2450.23,-1.68,2024,3,2024-03
54,27,144,4,8857.0,2024-09-30,402.54,5.4481,8772.31,84.69,0.96,2024,9,2024-09
61,28,56,8,326714.5,2024-09-05,8087.59,5.6049,362641.07,-35926.57,-11.0,2024,9,2024-09
68,43,139,9,12824.0,2024-01-16,246.89,4.9038,10896.29,1927.71,15.03,2024,1,2024-01
71,43,70,5,163188.15,2023-09-09,6655.06,4.9835,165827.46,-2639.31,-1.62,2023,9,2023-09
84,25,35,1,10455.7,2023-05-01,2106.85,5.0007,10535.72,-80.02,-0.77,2023,5,2023-05
99,49,81,9,1099336.0,2024-01-06,23345.09,4.8899,1027396.4,71939.6,6.54,2024,1,2024-01
106,48,143,8,35491.0,2023-03-29,845.69,5.1493,34837.69,653.31,1.84,2023,3,2023-03
114,12,75,5,163842.0,2023-05-03,6193.58,5.0227,155542.47,8299.53,5.07,2023,5,2023-05
132,3,5,12,284028.0,2024-10-15,4327.37,5.6378,292762.16,-8734.16,-3.08,2024,10,2024-10
152,27,82,8,413072.0,2023-06-06,9770.29,4.9292,385277.71,27794.29,6.73,2023,6,2023-06
159,24,66,15,188574.0,2024-07-03,2360.29,5.5863,197779.32,-9205.32,-4.88,2024,7,2024-07
164,23,9,5,198528.0,2023-09-14,7933.96,4.8751,193394.24,5133.76,2.59,2023,9,2023-09
173,13,131,1,964.0,2023-07-25,196.2,4.7496,931.87,32.13,3.33,2023,7,2023-07
175,19,88,6,275518.05,2023-01-28,8866.48,5.0767,270074.75,5443.3,1.98,2023,1,2023-01
212,5,9,4,150880.9,2023-02-23,7933.96,5.133,162900.07,-12019.17,-7.97,2023,2,2023-02
220,29,23,14,148675.95,2024-08-29,2244.66,5.6358,177106.37,-28430.42,-19.12,2024,8,2024-08
228,6,78,6,730569.0,2024-01-24,25349.04,4.9192,748181.99,-17612.99,-2.41,2024,1,2024-01
255,10,74,9,740075.65,2023-09-21,17160.36,4.9229,760308.63,-20232.98,-2.73,2023,9,2023-09
260,3,59,1,87166.0,2024-01-03,17882.07,4.9212,88001.24,-835.24,-0.96,2024,1,2024-01
271,49,105,15,4643.0,2023-08-20,62.64,4.9724,4672.07,-29.07,-0.63,2023,8,2023-08
337,35,137,13,44011.0,2024-06-15,673.98,5.363,46989.21,-2978.21,-6.77,2024,6,2024-06
385,25,3,13,111448.3,2023-03-14,1753.77,5.2362,119380.18,-7931.88,-7.12,2023,3,2023-03
387,5,115,12,9967.0,2023-02-21,160.69,5.2012,10029.37,-62.37,-0.63,2023,2,2023-02
390,30,9,9,357350.0,2024-06-01,7544.56,5.2416,355910.09,1439.91,0.4,2024,6,2024-06
404,46,5,7,157398.85,2023-07-19,4920.79,4.8,165338.54,-7939.69,-5.04,2023,7,2023-07
423,31,24,8,185857.0,2023-06-06,4129.65,4.9292,162846.97,23010.03,12.38,2023,6,2023-06
429,7,108,10,33456.0,2024-01-24,688.83,4.9192,33884.93,-428.93,-1.28,2024,1,2024-01
453,22,96,9,603808.6,2024-07-23,14776.4,5.5807,742163.9,-138355.3,-22.91,2024,7,2024-07
461,10,23,4,42479.25,2024-10-29,2244.66,5.714,51303.95,-8824.7,-20.77,2024,10,2024-10
466,45,9,15,595582.0,2023-05-01,7933.96,5.0007,595130.31,451.69,0.08,2023,5,2023-05
494,32,46,2,9968.0,2024-02-19,1000.64,4.9585,9923.35,44.65,0.45,2024,2,2024-02
524,8,56,7,285874.95,2024-02-15,8087.59,4.971,281423.87,4451.08,1.56,2024,2,2024-02
527,48,53,1,53675.0,2024-02-13,11332.93,4.9717,56343.93,-2668.93,-4.97,2024,2,2024-02
533,25,4,15,48191.6,2023-08-15,654.31,4.9812,48888.73,-697.13,-1.45,2023,8,2023-08
551,23,27,1,16511.0,2024-06-06,3051.23,5.2681,16074.18,436.82,2.65,2024,6,2024-06
559,9,100,5,496850.95,2024-03-18,19807.28,5.0124,496410.05,440.9,0.09,2024,3,2024-03
601,11,56,11,449232.2,2023-12-23,8087.59,4.8619,432531.59,16700.61,3.72,2023,12,2023-12
669,25,110,4,9982.0,2023-02-25,476.03,5.1791,9861.63,120.37,1.21,2023,2,2023-02
671,2,66,5,59715.1,2024-07-30,2297.7,5.6532,64946.79,-5231.69,-8.76,2024,7,2024-07
674,14,108,15,47673.85,2024-05-30,688.83,5.1972,53699.81,-6025.96,-12.64,2024,5,2024-05
695,17,71,5,650870.0,2023-06-12,25647.03,4.8832,626197.88,24672.12,3.79,2023,6,2023-06
701,47,120,2,5936.55,2023-04-29,586.85,5.0007,5869.32,67.23,1.13,2023,4,2023-04
713,23,117,9,36927.0,2023-01-18,823.4,5.0909,37726.62,-799.62,-2.17,2023,1,2023-01
720,45,133,8,14384.9,2023-08-31,348.47,4.9219,13721.08,663.82,4.61,2023,8,2023-08
743,47,20,8,234334.6,2024-08-24,5689.04,5.5263,251514.73,-17180.13,-7.33,2024,8,2024-08
754,9,24,13,286917.1,2024-08-23,4113.86,5.5263,295547.52,-8630.42,-3.01,2024,8,2024-08
813,19,122,10,12563.75,2023-12-08,271.3,4.9158,13336.57,-772.82,-6.15,2023,12,2023-12
817,20,56,2,85978.0,2023-03-26,8087.59,5.2921,85600.67,377.33,0.44,2023,3,2023-03
819,18,51,11,670461.55,2024-04-05,12243.38,5.052,680389.11,-9927.56,-1.48,2024,4,2024-04
845,24,17,4,56155.0,2024-03-20,2833.14,5.012,56798.79,-643.79,-1.15,2024,3,2024-03
856,24,140,11,34480.0,2023-12-14,586.81,4.8912,31572.26,2907.74,8.43,2023,12,2023-12
863,2,94,8,309706.65,2024-03-10,8022.13,4.9751,319287.19,-9580.54,-3.09,2024,3,2024-03
874,42,59,10,871661.0,2023-12-01,17882.07,4.9191,879636.91,-7975.91,-0.92,2023,12,2023-12
875,13,92,12,1012936.55,2024-11-04,16239.74,5.7898,1128298.16,-115361.61,-11.39,2024,11,2024-11
908,42,98,13,1031695.0,2024-09-13,15850.04,5.5717,1148051.68,-116356.68,-11.28,2024,9,2024-09
916,42,112,15,31078.3,2023-01-20,398.23,5.1986,31053.58,24.72,0.08,2023,1,2023-01
937,39,2,10,132982.9,2023-08-17,2829.74,4.9816,140966.33,-7983.43,-6.0,2023,8,2023-08
939,47,34,1,4918.0,2024-09-28,951.66,5.4431,5179.98,-261.98,-5.33,2024,9,2024-09
942,28,147,10,30301.0,2024-08-23,592.19,5.5263,32726.2,-2425.2,-8.0,2024,8,2024-08
985,34,85,7,256548.45,2023-08-28,7499.89,4.8938,256920.73,-372.28,-0.15,2023,8,2023-08
990,15,134,11,49299.3,2023-08-30,899.33,4.8653,48130.61,1168.69,2.37,2023,8,2023-08
992,40,46,12,59805.0,2023-04-29,959.01,5.0007,57548.66,2256.34,3.77,2023,4,2023-04
1006,42,31,3,24849.0,2024-01-07,1686.13,4.8899,24735.02,113.98,0.46,2024,1,2024-01
1009,38,129,10,31028.9,2024-03-22,661.98,4.9897,33030.82,-2001.92,-6.45,2024,3,2024-03
1028,39,146,5,2356.0,2024-10-06,87.83,5.4686,2401.54,-45.54,-1.93,2024,10,2024-10
1038,46,20,5,146458.65,2024-07-01,5689.04,5.5893,158988.76,-12530.11,-8.56,2024,7,2024-07
1047,38,76,1,140788.1,2023-08-15,27945.06,4.9812,139199.93,1588.17,1.13,2023,8,2023-08
1063,15,60,5,516567.25,2024-04-25,22370.78,5.1679,578049.77,-61482.52,-11.9,2024,4,2024-04
1067,38,136,12,22497.9,2023-01-09,533.84,5.2967,33931.08,-11433.18,-50.82,2023,1,2023-01
1107,5,46,8,39870.0,2023-09-12,1000.64,4.9505,39629.35,240.65,0.6,2023,9,2023-09
1126,3,93,10,1004770.0,2023-08-07,19409.47,4.901,951258.12,53511.88,5.33,2023,8,2023-08
1134,5,72,14,1395305.0,2023-04-28,30675.48,5.0007,2147584.22,-752279.22,-53.92,2023,4,2023-04
1141,17,61,8,212941.55,2023-01-30,5396.92,5.0959,220017.32,-7075.77,-3.32,2023,1,2023-01
1149,21,60,5,516567.25,2024-08-25,22370.78,5.5263,618138.21,-101570.96,-19.66,2024,8,2024-08
1151,34,149,3,3491.0,2024-03-20,225.94,5.012,3397.23,93.77,2.69,2024,3,2024-03
1206,45,82,2,98104.6,2023-10-16,9770.29,5.0618,98910.51,-805.91,-0.82,2023,10,2023-10
1226,49,13,5,38736.0,2023-05-24,1356.5,4.9474,33555.74,5180.26,13.37,2023,5,2023-05
1249,30,138,1,3973.85,2024-07-07,836.88,5.497,4600.33,-626.48,-15.77,2024,7,2024-07
1275,21,81,10,1221485.0,2023-06-30,23345.09,4.8192,1125046.58,96438.42,7.9,2023,6,2023-06
1284,35,16,5,150030.0,2024-06-28,5491.48,5.5589,152632.94,-2602.94,-1.73,2024,6,2024-06
1343,29,124,12,45239.0,2023-06-30,725.63,4.8192,41963.47,3275.53,7.24,2023,6,2023-06
1358,16,122,12,15870.0,2023-09-28,271.3,5.0475,16432.64,-562.64,-3.55,2023,9,2023-09
1411,15,63,8,1063677.95,2023-10-21,27618.14,5.0528,1116391.5,-52713.55,-4.96,2023,10,2023-10
1421,12,40,13,175173.35,2024-12-30,2867.26,6.1923,230814.14,-55640.79,-31.76,2024,12,2024-12
1433,47,50,9,96409.8,2024-07-11,2378.45,5.41,115806.73,-19396.93,-20.12,2024,7,2024-07
1436,36,58,15,1632369.0,2023-12-25,20157.55,4.8619,1470059.89,162309.11,9.94,2023,12,2023-12
1437,35,47,12,69802.2,2024-05-08,1496.29,5.0887,91370.05,-21567.85,-30.9,2024,5,2024-05
1439,8,109,6,3549.2,2023-10-16,169.23,5.0618,5139.65,-1590.45,-44.81,2023,10,2023-10
1446,10,22,15,562203.35,2024-07-02,7630.67,5.6677,648725.23,-86521.88,-15.39,2024,7,2024-07
1472,32,6,2,23640.0,2023-02-07,2104.66,5.1695,21760.08,1879.92,7.95,2023,2,2023-02
1531,48,11,11,398551.0,2023-04-26,6839.44,5.0585,380570.38,17980.62,4.51,2023,4,2023-04
1546,5,10,6,182588.1,2024-07-16,6547.91,5.4274,213228.76,-30640.66,-16.78,2024,7,2024-07
1565,40,120,2,5936.55,2023-01-22,586.85,5.1986,6101.6,-165.05,-2.78,2023,1,2023-01
1585,15,42,15,85398.35,2023-03-03,1263.57,5.2037,98628.59,-13230.24,-15.49,2023,3,2023-03
1630,41,117,9,36927.0,2023-04-28,823.4,5.0007,37058.19,-131.19,-0.36,2023,4,2023-04
1639,10,103,14,23796.55,2023-05-21,341.7,4.9858,23851.07,-54.52,-0.23,2023,5,2023-05
1651,47,67,12,1029469.0,2023-03-19,16720.73,5.2679,1056997.6,-27528.6,-2.67,2023,3,2023-03
1695,34,129,15,46543.35,2024-04-15,661.98,5.1746,51382.23,-4838.88,-10.4,2024,4,2024-04
1698,26,9,14,528083.15,2023-11-03,7933.96,4.891,543269.98,-15186.83,-2.88,2023,11,2023-11
1712,1,68,4,267588.0,2024-04-16,13317.89,5.2635,280394.86,-12806.86,-4.79,2024,4,2024-04
1730,30,93,8,803816.0,2023-11-17,19409.47,4.8849,758506.56,45309.44,5.64,2023,11,2023-11
1791,47,103,9,15297.85,2024-11-23,326.91,5.8124,17101.19,-1803.34,-11.79,2024,11,2024-11
1804,13,66,15,188574.0,2024-05-05,2360.29,5.0668,179386.76,9187.24,4.87,2024,5,2024-05
1824,37,72,1,99665.0,2024-04-03,30675.48,5.0724,155598.3,-55933.3,-56.12,2024,4,2024-04
1844,22,143,5,22182.0,2023-06-14,896.83,4.8462,21731.09,450.91,2.03,2023,6,2023-06
1862,43,146,5,2480.0,2024-04-23,99.02,5.1626,2556.0,-76.0,-3.06,2024,4,2024-04
1865,15,148,6,27277.35,2024-01-19,979.78,4.9223,28936.63,-1659.28,-6.08,2024,1,2024-01
1869,39,7,1,18543.05,2024-05-05,3678.62,5.0668,18638.83,-95.78,-0.52,2024,5,2024-05
1913,22,133,13,23374.75,2023-08-23,348.47,4.8977,22187.12,1187.63,5.08,2023,8,2023-08
1995,6,140,1,3135.0,2024-01-30,586.81,4.9638,2912.81,222.19,7.09,2024,1,2024-01
2001,47,70,8,274843.0,2023-09-19,6655.06,4.8575,258615.63,16227.37,5.9,2023,9,2023-09
2005,7,122,5,6612.0,2023-03-03,255.46,5.2037,6646.69,-34.69,-0.52,2023,3,2023-03
2011,33,47,1,6123.0,2024-08-10,1116.66,5.5115,6154.47,-31.47,-0.51,2024,8,2024-08
2014,4,135,1,1645.0,2024-11-01,328.1,5.8073,1905.38,-260.38,-15.83,2024,11,2024-11
2029,35,69,7,316855.0,2023-05-21,9219.51,4.9858,321766.43,-4911.43,-1.55,2023,5,2023-05
2031,45,22,5,187400.8,2024-12-07,7630.67,6.0293,230037.99,-42637.19,-22.75,2024,12,2024-12
2033,9,64,4,423720.9,2024-08-24,21352.22,5.5263,471995.09,-48274.19,-11.39,2024,8,2024-08
2056,39,16,10,285057.0,2023-05-31,5615.94,5.0959,286182.69,-1125.69,-0.39,2023,5,2023-05
2067,49,58,1,108825.0,2023-03-14,20157.55,5.2362,105548.96,3276.04,3.01,2023,3,2023-03
2132,47,18,8,212580.0,2023-02-24,4834.43,5.1791,200303.97,12276.03,5.77,2023,2,2023-02
2139,33,71,13,1692263.0,2024-11-29,23100.17,6.0535,1817879.43,-125616.43,-7.42,2024,11,2024-11
2165,10,149,15,16581.3,2023-12-10,225.94,4.9158,16660.14,-78.84,-0.48,2023,12,2023-12
2175,15,90,12,949168.0,2023-01-20,14083.78,5.1986,878591.26,70576.74,7.44,2023,1,2023-01
2199,10,130,13,53873.0,2024-05-10,826.87,5.1464,55320.25,-1447.25,-2.69,2024,5,2024-05
2221,35,32,15,178160.15,2023-08-27,2560.62,4.8772,187329.84,-9169.69,-5.15,2023,8,2023-08
2243,44,112,6,12431.7,2023-11-26,435.58,4.8927,12786.97,-355.27,-2.86,2023,11,2023-11
2247,10,46,9,42611.3,2023-10-16,1000.64,5.0618,45585.36,-2974.06,-6.98,2023,10,2023-10
2253,41,132,13,19303.05,2024-10-26,314.46,5.6969,23288.81,-3985.76,-20.65,2024,10,2024-10
2308,9,71,2,260348.0,2023-04-13,25647.03,4.9097,251838.45,8509.55,3.27,2023,4,2023-04
2322,29,147,6,18180.0,2023-01-31,592.19,5.0993,18118.53,61.47,0.34,2023,1,2023-01
2340,13,109,11,6507.5,2023-09-20,169.23,4.8487,9026.0,-2518.5,-38.7,2023,9,2023-09
2346,2,30,11,354727.0,2023-08-07,5636.75,4.901,303882.83,50844.17,14.33,2023,8,2023-08
2391,1,142,4,3306.0,2023-03-19,160.09,5.2679,3373.35,-67.35,-2.04,2023,3,2023-03
2415,39,119,3,9767.0,2024-03-17,669.88,4.9937,10035.54,-268.54,-2.75,2024,3,2024-03
2459,35,64,8,847441.8,2023-05-18,21352.22,4.9647,848058.93,-617.13,-0.07,2023,5,2023-05
2480,5,53,9,458921.25,2024-05-30,11332.93,5.1972,530095.53,-71174.28,-15.51,2024,5,2024-05
2493,22,78,8,974092.0,2023-11-17,25349.04,4.8849,990620.2,-16528.2,-1.7,2023,11,2023-11
2495,19,109,8,4982.0,2023-11-01,169.23,5.0194,6795.46,-1813.46,-36.4,2023,11,2023-11
2500,20,86,2,187046.0,2024-05-18,17824.79,5.1157,182372.56,4673.44,2.5,2024,5,2024-05
2506,8,142,7,5785.0,2024-02-20,169.88,4.9408,5875.4,-90.4,-1.56,2024,2,2024-02
2532,6,125,3,9695.7,2023-09-10,646.27,4.9835,9662.06,33.64,0.35,2023,9,2023-09
2545,23,84,2,86848.0,2023-06-28,8663.64,4.8563,84146.47,2701.53,3.11,2023,6,2023-06
2577,36,6,7,82741.0,2023-12-12,2104.66,4.9476,72891.11,9849.89,11.9,2023,12,2023-12
2582,35,132,1,1484.85,2024-10-15,314.46,5.6378,1772.86,-288.01,-19.4,2024,10,2024-10
2599,35,6,5,56145.95,2023-10-28,2104.66,4.948,52069.29,4076.66,7.26,2023,10,2023-10
2637,5,99,8,858133.0,2023-06-17,21330.89,4.8286,823986.68,34146.32,3.98,2023,6,2023-06
2644,32,75,3,93389.75,2023-05-13,6193.58,4.9234,91480.42,1909.33,2.04,2023,5,2023-05
2648,39,42,8,45545.85,2023-05-05,1263.57,4.9696,50235.5,-4689.65,-10.3,2023,5,2023-05
2671,25,131,10,9636.0,2024-07-14,179.69,5.4529,9798.32,-162.32,-1.68,2024,7,2024-07
2676,6,69,2,86003.5,2023-01-21,8542.02,5.1986,88813.09,-2809.59,-3.27,2023,1,2023-01
2690,48,5,3,67456.65,2024-03-02,4752.24,4.9596,70707.63,-3250.98,-4.82,2024,3,2024-03
2742,25,13,6,46483.0,2024-01-31,1356.5,4.9535,40316.54,6166.46,13.27,2024,1,2024-01
2761,6,35,4,41820.9,2023-05-10,2106.85,4.9547,41755.24,65.66,0.16,2023,5,2023-05
2779,38,30,9,290231.0,2023-12-09,6558.44,4.9158,290159.81,71.19,0.02,2023,12,2023-12
2815,27,137,14,45027.15,2023-04-22,619.79,5.0497,43816.55,1210.6,2.69,2023,4,2023-04
2858,38,86,10,935231.0,2024-04-22,17824.79,5.2043,927655.55,7575.45,0.81,2024,4,2024-04
2860,1,37,11,63407.75,2023-02-03,1132.29,5.103,63558.83,-151.08,-0.24,2023,2,2023-02
2865,19,147,15,43178.45,2023-01-12,592.19,5.14,45657.85,-2479.4,-5.74,2023,1,2023-01
2869,4,110,7,16595.55,2024-08-31,476.03,5.6562,18847.65,-2252.1,-13.57,2024,8,2024-08
2913,36,25,9,103681.1,2023-09-02,2389.36,4.9318,106054.61,-2373.51,-2.29,2023,9,2023-09
2929,45,4,14,47346.0,2023-02-03,654.31,5.103,46745.22,600.78,1.27,2023,2,2023-02
2948,38,128,12,53018.55,2024-01-30,853.09,4.9638,50814.82,2203.73,4.16,2024,1,2024-01
2966,27,74,7,575614.5,2024-05-26,17160.36,5.1508,618727.08,-43112.58,-7.49,2024,5,2024-05
2967,47,3,14,126339.0,2024-01-05,1753.77,4.8899,120060.64,6278.36,4.97,2024,1,2024-01
3003,42,73,7,952014.0,2024-11-23,25649.93,5.8124,1043613.57,-91599.57,-9.62,2024,11,2024-11
3005,19,71,1,123665.3,2023-08-02,27484.92,4.8083,132155.74,-8490.44,-6.87,2023,8,2023-08
3009,39,1,5,157332.35,2024-01-06,6574.8,4.8899,160750.57,-3418.22,-2.17,2024,1,2024-01
3018,38,131,1,915.8,2024-06-20,179.69,5.4254,974.89,-59.09,-6.45,2024,6,2024-06
3019,2,121,4,14038.15,2024-11-25,677.66,5.8002,15722.25,-1684.1,-12.0,2024,11,2024-11
3028,35,14,10,358111.0,2024-08-22,6832.87,5.5524,379388.27,-21277.27,-5.94,2024,8,2024-08
3039,3,6,2,23640.0,2024-04-15,2394.79,5.1746,24784.16,-1144.16,-4.84,2024,4,2024-04
3042,30,104,4,14109.4,2024-01-06,742.54,4.8899,14523.79,-414.39,-2.94,2024,1,2024-01
3048,37,83,11,1482843.0,2023-12-14,35839.7,4.8912,1928290.55,-445447.55,-30.04,2023,12,2023-12
3069,48,90,15,1186460.0,2024-12-12,14571.29,5.9408,1298476.79,-112016.79,-9.44,2024,12,2024-12
3077,10,28,5,67728.35,2024-10-26,2776.74,5.6969,79094.05,-11365.7,-16.78,2024,10,2024-10
3103,29,114,15,11989.0,2023-11-30,152.46,4.9355,11286.99,702.01,5.86,2023,11,2023-11
3105,39,120,6,18747.0,2024-09-27,635.45,5.4431,20752.91,-2005.91,-10.7,2024,9,2024-09
3108,7,139,14,18950.6,2023-07-07,246.89,4.8799,16867.18,2083.42,10.99,2023,7,2023-07
3112,45,15,2,55800.0,2023-01-21,5267.98,5.1986,54772.24,1027.76,1.84,2023,1,2023-01
3113,2,105,4,1176.1,2023-06-03,62.64,4.9558,1241.73,-65.63,-5.58,2023,6,2023-06
3118,13,27,7,115580.0,2023-06-04,3051.23,4.9558,105849.0,9731.0,8.42,2023,6,2023-06
3123,10,33,7,44659.5,2023-09-29,1268.8,5.0076,44475.5,184.0,0.41,2023,9,2023-09
3136,33,16,9,256551.3,2024-05-16,6212.42,5.127,286659.7,-30108.4,-11.74,2024,5,2024-05
3160,21,65,9,218518.05,2023-09-01,5225.24,4.9318,231928.55,-13410.5,-6.14,2023,9,2023-09
3163,34,33,10,63800.1,2023-07-03,1268.8,4.7876,60745.07,3055.03,4.79,2023,7,2023-07
3169,41,113,8,35160.0,2024-02-25,815.5,4.9851,32522.79,2637.21,7.5,2024,2,2024-02
3183,31,59,9,784495.0,2023-09-26,17882.07,4.9717,800138.59,-15643.59,-1.99,2023,9,2023-09
3195,42,31,15,118034.65,2023-03-09,2418.07,5.1353,186262.72,-68228.07,-57.8,2023,3,2023-03
3209,20,108,9,30110.0,2024-03-27,688.83,4.9856,30908.08,-798.08,-2.65,2024,3,2024-03
3221,47,90,12,901709.6,2024-01-14,16092.39,4.8543,937407.47,-35697.87,-3.96,2024,1,2024-01
3287,15,27,10,156858.3,2024-08-24,3051.23,5.5263,168620.12,-11761.82,-7.5,2024,8,2024-08
3288,28,88,4,183678.7,2024-07-07,9896.1,5.497,217595.45,-33916.75,-18.47,2024,7,2024-07
3301,41,65,11,267078.25,2024-07-05,4996.52,5.497,302124.57,-35046.32,-13.12,2024,7,2024-07
3309,31,54,7,808206.8,2024-03-12,23191.9,4.9813,808680.68,-473.88,-0.06,2024,3,2024-03
3323,3,140,10,31346.0,2023-08-10,586.81,4.8518,28470.85,2875.15,9.17,2023,8,2023-08
3333,20,123,5,13190.75,2023-05-02,535.37,5.0334,13473.66,-282.91,-2.14,2023,5,2023-05
3372,39,41,7,74200.0,2024-02-01,2005.71,4.935,69287.25,4912.75,6.62,2024,2,2024-02
3382,20,83,14,1792891.3,2023-09-30,35839.7,5.0076,2512592.34,-719701.04,-40.14,2023,9,2023-09
3384,48,124,8,30159.0,2024-12-27,665.23,6.1991,32990.62,-2831.62,-9.39,2024,12,2024-12
3389,49,37,8,48542.0,2024-07-27,1211.89,5.6465,54743.5,-6201.5,-12.78,2024,7,2024-07
3415,48,46,12,56814.75,2023-07-23,1007.47,4.7732,57706.27,-891.52,-1.57,2023,7,2023-07
3429,31,15,7,195298.0,2023-05-06,5267.98,4.9696,183258.27,12039.73,6.16,2023,5,2023-05
3448,27,142,6,4958.0,2024-09-19,149.71,5.4189,4867.58,90.42,1.82,2024,9,2024-09
3453,13,39,14,414860.0,2023-05-28,5270.87,5.0114,369802.13,45057.87,10.86,2023,5,2023-05
3457,24,50,3,32136.6,2023-06-04,2179.61,4.9558,32405.13,-268.53,-0.84,2023,6,2023-06
3461,44,65,14,357808.0,2024-03-15,5225.24,4.9937,365305.93,-7497.93,-2.1,2024,3,2024-03
3481,6,38,14,370456.0,2024-12-29,4851.61,6.1991,421058.62,-50602.62,-13.66,2024,12,2024-12
3510,24,123,8,22217.0,2023-03-01,535.37,5.207,22301.37,-84.37,-0.38,2023,3,2023-03
3538,26,120,5,15622.0,2023-11-19,635.45,4.8849,15520.55,101.45,0.65,2023,11,2023-11
3542,29,77,1,42469.75,2023-01-08,8617.27,5.2855,45546.58,-3076.83,-7.24,2023,1,2023-01
3578,19,84,7,288768.65,2024-05-23,8456.45,5.1443,304517.61,-15748.96,-5.45,2024,5,2024-05
3586,12,118,15,61490.65,2024-01-21,893.4,4.9223,65963.74,-4473.09,-7.27,2024,1,2024-01
3600,34,62,6,613332.0,2024-09-23,20000.78,5.5446,665377.95,-52045.95,-8.49,2024,9,2024-09
3603,34,31,12,94427.15,2024-12-05,1482.91,5.9849,106500.82,-12073.67,-12.79,2024,12,2024-12
3611,24,48,5,69997.9,2023-05-24,2836.04,4.9474,70155.12,-157.22,-0.22,2023,5,2023-05
3631,44,8,1,4734.8,2024-10-26,947.05,5.6969,5395.25,-660.45,-13.95,2024,10,2024-10
3635,46,61,13,364242.0,2023-04-13,5396.92,4.9097,344464.36,19777.64,5.43,2023,4,2023-04
3638,24,15,6,159029.05,2023-01-26,5267.98,5.0951,161045.31,-2016.26,-1.27,2023,1,2023-01
3654,36,56,6,257933.0,2023-06-16,8087.59,4.8286,234310.42,23622.58,9.16,2023,6,2023-06
3656,20,29,14,485587.75,2023-12-23,7689.63,4.8619,523406.97,-37819.22,-7.79,2023,12,2023-12
3660,25,140,4,11911.1,2023-11-09,586.81,4.9007,11503.12,407.98,3.43,2023,11,2023-11
3667,18,33,11,70179.35,2024-11-26,1325.97,5.799,84582.3,-14402.95,-20.52,2024,11,2024-11
3669,24,3,2,18048.0,2024-10-29,1753.77,5.714,20042.08,-1994.08,-11.05,2024,10,2024-10
3673,21,140,14,41689.8,2023-01-25,586.81,5.1042,41932.74,-242.94,-0.58,2023,1,2023-01
3686,16,97,15,1928524.7,2023-03-25,25607.88,5.2921,2032791.93,-104267.23,-5.41,2023,3,2023-03
3708,10,68,14,936559.0,2024-09-12,13317.89,5.6554,1054451.93,-117892.93,-12.59,2024,9,2024-09
3719,4,137,7,22513.1,2023-08-08,619.79,4.9217,21352.94,1160.16,5.15,2023,8,2023-08
3734,47,128,6,27904.0,2024-10-26,853.09,5.6969,29159.81,-1255.81,-4.5,2024,10,2024-10
3744,36,90,9,676282.2,2023-11-30,14083.78,4.9355,625594.47,50687.73,7.5,2023,11,2023-11
3757,33,61,14,392261.0,2024-09-02,5102.18,5.623,401653.81,-9392.81,-2.39,2024,9,2024-09
3782,34,61,8,224149.0,2023-11-20,5396.92,4.8723,210363.31,13785.69,6.15,2023,11,2023-11
3810,15,72,10,996646.0,2024-05-11,30675.48,5.1464,1578682.9,-582036.9,-58.4,2024,5,2024-05
3827,37,92,8,710833.0,2023-05-17,16745.97,4.9513,663314.57,47518.43,6.68,2023,5,2023-05
3852,21,129,15,46543.35,2024-09-17,661.98,5.501,54623.28,-8079.93,-17.36,2024,9,2024-09
3857,40,122,3,3967.0,2024-11-18,271.3,5.7603,4688.31,-721.31,-18.18,2024,11,2024-11
3873,42,36,3,67804.0,2023-11-12,4476.41,4.9219,66097.33,1706.67,2.52,2023,11,2023-11
3888,30,117,9,35080.65,2024-04-02,823.4,5.0476,37405.74,-2325.09,-6.63,2024,4,2024-04
3905,30,58,1,103383.75,2024-05-03,20157.55,5.0668,102134.27,1249.48,1.21,2024,5,2024-05
3919,7,73,7,1002120.0,2023-09-09,27541.35,4.9835,960766.22,41353.78,4.13,2023,9,2023-09
3925,48,43,10,350969.0,2024-10-22,6219.32,5.6958,354240.03,-3271.03,-0.93,2024,10,2024-10
3933,20,31,3,23606.55,2023-06-30,2418.07,4.8192,34959.49,-11352.94,-48.09,2023,6,2023-06
3936,44,106,1,4385.0,2023-02-09,837.06,5.2315,4379.08,5.92,0.14,2023,2,2023-02
3947,45,83,15,2022058.0,2023-11-29,35839.7,4.8933,2630616.06,-608558.06,-30.1,2023,11,2023-11
3957,45,105,4,1176.1,2024-03-18,62.64,5.0124,1255.91,-79.81,-6.79,2024,3,2024-03
3979,11,148,9,43070.0,2023-07-01,919.03,4.8192,39860.9,3209.1,7.45,2023,7,2023-07
3993,23,118,10,40993.45,2023-11-22,880.76,4.8968,43129.06,-2135.61,-5.21,2023,11,2023-11
4015,16,121,13,48026.0,2023-04-14,718.35,4.9455,46183.8,1842.2,3.84,2023,4,2023-04
4072,45,77,13,581161.0,2024-11-12,8959.75,5.7694,672000.96,-90839.96,-15.63,2024,11,2024-11
4120,6,130,6,24865.0,2024-05-23,826.87,5.1443,25522.0,-657.0,-2.64,2024,5,2024-05
4141,36,141,14,63597.75,2023-07-25,942.08,4.7496,62643.04,954.71,1.5,2023,7,2023-07
4142,45,114,13,9871.45,2024-11-28,152.46,5.9871,11866.31,-1994.86,-20.21,2024,11,2024-11
4152,46,11,9,309782.65,2024-04-09,7246.24,5.008,326602.53,-16819.88,-5.43,2024,4,2024-04
4169,7,23,8,89429.0,2024-06-03,2244.66,5.2373,94047.66,-4618.66,-5.16,2024,6,2024-06
4199,47,33,4,26863.0,2023-11-01,1268.8,5.0194,25474.46,1388.54,5.17,2023,11,2023-11
4210,16,63,6,839746.0,2023-02-07,27618.14,5.1695,856631.85,-16885.85,-2.01,2023,2,2023-02
4215,4,133,7,12586.55,2024-12-18,381.67,6.1624,16464.02,-3877.47,-30.81,2024,12,2024-12
4218,9,103,13,22096.05,2023-12-12,341.7,4.9476,21977.73,118.32,0.54,2023,12,2023-12
4235,43,26,12,207398.0,2023-11-24,3412.88,4.8927,200378.38,7019.62,3.38,2023,11,2023-11
4246,28,4,9,28915.15,2024-02-29,692.14,4.9833,31042.27,-2127.12,-7.36,2024,2,2024-02
4260,7,26,2,32837.7,2024-12-22,3378.85,6.078,41073.3,-8235.6,-25.08,2024,12,2024-12
4267,40,82,4,206536.0,2024-01-01,9770.29,4.8413,189203.62,17332.38,8.39,2024,1,2024-01
4293,9,79,10,661468.0,2023-03-28,11724.63,5.1733,606550.28,54917.72,8.3,2023,3,2023-03
4298,47,3,15,128594.85,2023-05-17,1753.77,4.9513,130251.62,-1656.77,-1.29,2023,5,2023-05
4308,4,128,9,41856.0,2024-07-02,853.09,5.6677,43515.52,-1659.52,-3.96,2024,7,2024-07
4323,39,70,1,32637.25,2023-06-10,6655.06,4.8922,32557.88,79.37,0.24,2023,6,2023-06
4340,28,82,6,309804.0,2024-02-29,9770.29,4.9833,292129.72,17674.28,5.7,2024,2,2024-02
4347,44,145,13,53720.6,2024-09-25,875.03,5.4736,62264.33,-8543.73,-15.9,2024,9,2024-09
4392,23,20,13,380793.25,2023-06-22,5689.04,4.775,353147.16,27646.09,7.26,2023,6,2023-06
4433,27,103,2,3399.1,2023-01-19,341.7,5.2144,3563.52,-164.42,-4.84,2023,1,2023-01
4460,33,101,4,1854.0,2024-11-04,82.96,5.7898,1921.29,-67.29,-3.63,2024,11,2024-11
4470,21,27,6,94115.55,2024-02-28,3051.23,4.9557,90725.88,3389.67,3.6,2024,2,2024-02
4477,22,114,11,8792.0,2023-06-02,152.46,4.9558,8311.17,480.83,5.47,2023,6,2023-06
4497,15,88,5,241682.0,2023-05-10,9351.41,4.9547,231667.16,10014.84,4.14,2023,5,2023-05
4499,18,112,15,31078.3,2023-07-18,398.23,4.804,28696.45,2381.85,7.66,2023,7,2023-07
4518,25,59,6,496847.15,2024-09-23,15467.88,5.5446,514579.24,-17732.09,-3.57,2024,9,2024-09
4538,36,39,12,337814.3,2024-12-22,5270.87,6.078,384436.17,-46621.87,-13.8,2024,12,2024-12
4563,13,22,15,591793.0,2023-01-28,7630.67,5.0767,581079.34,10713.66,1.81,2023,1,2023-01
4569,18,78,11,1272408.15,2024-11-07,24425.59,5.6624,1521382.07,-248973.92,-19.57,2024,11,2024-11
4625,13,84,6,260543.0,2024-01-16,8951.16,4.9038,263368.19,-2825.19,-1.08,2024,1,2024-01
4629,5,147,15,45451.0,2024-03-11,592.19,4.9777,44216.16,1234.84,2.72,2024,3,2024-03
4631,46,67,3,257367.0,2023-11-04,16720.73,4.891,245343.27,12023.73,4.67,2023,11,2023-11
4636,45,111,7,28497.15,2024-08-10,860.37,5.5115,33193.5,-4696.35,-16.48,2024,8,2024-08
4666,14,91,5,640708.5,2024-07-28,27671.77,5.6465,781243.25,-140534.75,-21.93,2024,7,2024-07
4690,37,28,2,27091.15,2024-12-06,2776.74,6.0293,33483.6,-6392.45,-23.6,2024,12,2024-12
4694,4,50,9,96409.8,2023-05-15,2179.61,4.9103,96322.85,86.95,0.09,2023,5,2023-05
4720,43,109,8,4732.9,2023-02-16,169.23,5.2432,7098.45,-2365.55,-49.98,2023,2,2023-02
4729,40,2,13,181976.0,2023-07-12,2829.74,4.8058,176789.14,5186.86,2.85,2023,7,2023-07
4733,30,130,15,62161.0,2023-04-17,749.89,4.9421,55590.47,6570.53,10.57,2023,4,2023-04
4740,48,3,4,34292.15,2023-06-10,1753.77,4.8922,34319.17,-27.02,-0.08,2023,6,2023-06
4744,16,117,4,16412.0,2023-06-09,823.4,4.8922,16112.95,299.05,1.82,2023,6,2023-06
4749,29,101,5,2201.15,2024-09-29,82.96,5.4431,2257.8,-56.65,-2.57,2024,9,2024-09
4759,23,65,10,242798.15,2023-11-18,5225.24,4.8849,255247.75,-12449.6,-5.13,2023,11,2023-11
4837,18,106,14,61388.0,2023-10-02,918.37,5.0679,65158.9,-3770.9,-6.14,2023,10,2023-10
4849,35,93,12,1145437.8,2024-12-21,17444.83,6.078,1272356.12,-126918.32,-11.08,2024,12,2024-12
4857,17,14,1,34020.45,2024-01-26,6767.66,4.9125,33246.13,774.32,2.28,2024,1,2024-01
4889,23,10,7,224231.0,2024-04-05,6547.91,5.052,231560.29,-7329.29,-3.27,2024,4,2024-04
4896,43,57,7,831534.0,2023-10-17,22497.79,5.0384,793470.06,38063.94,4.58,2023,10,2023-10
4928,40,81,9,1044369.2,2024-01-06,23345.09,4.8899,1027396.4,16972.8,1.63,2024,1,2024-01
4943,41,139,3,4275.0,2023-04-02,246.89,5.0804,3762.9,512.1,11.98,2023,4,2023-04
4947,18,51,10,609510.5,2023-11-06,12243.38,4.8999,599913.38,9597.12,1.57,2023,11,2023-11
4948,5,71,12,1562089.0,2024-03-19,27484.92,5.0352,1660704.83,-98615.83,-6.31,2024,3,2024-03
4952,23,80,6,775343.0,2024-07-07,24177.04,5.497,797407.13,-22064.13,-2.85,2024,7,2024-07
4968,49,80,14,1809134.0,2023-03-15,24177.04,5.2981,1793293.26,15840.74,0.88,2023,3,2023-03
5060,39,33,6,40295.0,2023-01-14,1268.8,5.1146,38936.43,1358.57,3.37,2023,1,2023-01
5070,42,65,5,127788.0,2023-10-15,5225.24,5.0625,132263.89,-4475.89,-3.5,2023,10,2023-10
5097,35,93,8,803816.0,2024-07-11,19072.72,5.41,825467.32,-21651.32,-2.69,2024,7,2024-07
5104,18,43,12,421162.0,2024-10-08,6219.32,5.5197,411945.37,9216.63,2.19,2024,10,2024-10
5109,38,93,4,401908.0,2024-06-28,19072.72,5.5589,424093.37,-22185.37,-5.52,2024,6,2024-06
5122,32,145,15,61985.6,2023-08-29,820.56,4.8706,59949.29,2036.31,3.29,2023,8,2023-08
5127,37,8,9,42614.15,2024-07-16,947.05,5.4274,46260.17,-3646.02,-8.56,2024,7,2024-07
5148,42,67,7,600523.0,2023-04-28,16720.73,5.0007,585307.48,15215.52,2.53,2023,4,2023-04
5149,35,69,5,215008.75,2024-10-03,8620.92,5.485,236428.73,-21419.98,-9.96,2024,10,2024-10
5204,40,54,14,1701487.0,2023-11-15,23191.9,4.8682,1580639.31,120847.69,7.1,2023,11,2023-11
5214,1,134,4,18870.0,2024-04-18,948.15,5.2512,19915.7,-1045.7,-5.54,2024,4,2024-04
5227,25,132,9,14067.0,2024-09-04,314.46,5.6359,15950.39,-1883.39,-13.39,2024,9,2024-09
5233,20,35,6,62731.35,2024-07-14,2106.85,5.4529,68930.65,-6199.3,-9.88,2024,7,2024-07
5240,19,58,2,217649.0,2024-07-22,20157.55,5.5598,224143.89,-6494.89,-2.98,2024,7,2024-07
5252,11,90,3,237292.0,2023-07-24,14083.78,4.7457,200512.18,36779.82,15.5,2023,7,2023-07
5254,15,59,14,1220326.0,2023-11-12,17882.07,4.9219,1232192.64,-11866.64,-0.97,2023,11,2023-11
5255,46,63,10,1399577.0,2024-10-29,27618.14,5.714,1578100.52,-178523.52,-12.76,2024,10,2024-10
5268,46,112,15,32714.0,2024-11-10,406.44,5.7648,35145.68,-2431.68,-7.43,2024,11,2024-11
5288,38,133,9,16182.3,2023-10-31,348.47,5.0575,15861.48,320.82,1.98,2023,10,2023-10
5312,25,119,14,45581.0,2023-12-24,669.88,4.8619,45596.45,-15.45,-0.03,2023,12,2023-12
5319,4,43,14,491356.0,2024-10-26,6219.32,5.6969,496031.82,-4675.82,-0.95,2024,10,2024-10
5323,47,105,5,1470.6,2023-05-23,62.64,4.9674,1555.79,-85.19,-5.79,2023,5,2023-05
5336,42,25,2,23040.35,2024-06-06,2430.59,5.2681,25609.18,-2568.83,-11.15,2024,6,2024-06
5341,8,56,5,214944.0,2024-08-22,8087.59,5.5524,224527.67,-9583.67,-4.46,2024,8,2024-08
5362,23,101,15,6603.45,2023-12-26,96.64,4.8368,7011.43,-407.98,-6.18,2023,12,2023-12
5384,1,42,8,47943.0,2024-10-08,1263.57,5.5197,55796.22,-7853.22,-16.38,2024,10,2024-10
5404,11,15,2,55800.0,2023-10-20,5267.98,5.0528,53236.1,2563.9,4.59,2023,10,2023-10
5409,49,60,5,516567.25,2024-07-12,22370.78,5.4529,609928.13,-93360.88,-18.07,2024,7,2024-07
5420,47,102,3,2371.2,2023-06-30,199.93,4.8192,2890.51,-519.31,-21.9,2023,6,2023-06
5452,23,68,10,635522.45,2024-05-21,13317.89,5.1037,679705.15,-44182.7,-6.95,2024,5,2024-05
5454,14,20,12,370001.0,2024-12-25,5689.04,6.1541,420131.05,-50130.05,-13.55,2024,12,2024-12
5463,18,141,11,52600.0,2023-02-19,942.08,5.2012,53899.41,-1299.41,-2.47,2023,2,2023-02
5473,7,67,13,1115258.0,2024-09-13,16720.73,5.5717,1211117.59,-95859.59,-8.6,2024,9,2024-09
5481,11,39,3,88898.0,2024-06-03,5270.87,5.2373,82815.38,6082.62,6.84,2024,6,2024-06
5490,3,25,9,109138.0,2023-10-03,2389.36,5.11,109886.67,-748.67,-0.69,2023,10,2023-10
5494,15,100,12,1192442.85,2024-01-09,19807.28,4.8937,1163170.63,29272.22,2.45,2024,1,2024-01
5520,8,145,5,21749.0,2024-06-29,875.03,5.5589,24321.02,-2572.02,-11.83,2024,6,2024-06
5523,12,36,15,339021.0,2024-11-07,4476.41,5.6624,380208.36,-41187.36,-12.15,2024,11,2024-11
5527,43,18,6,151463.25,2024-03-06,5536.62,4.9398,164098.77,-12635.52,-8.34,2024,3,2024-03
5528,20,121,2,7389.0,2024-05-05,747.93,5.0668,7579.22,-190.22,-2.57,2024,5,2024-05
5539,45,13,1,7747.0,2024-11-12,1356.5,5.7694,7826.19,-79.19,-1.02,2024,11,2024-11
5547,33,13,8,61977.0,2023-04-25,1356.5,5.0613,54925.23,7051.77,11.38,2023,4,2023-04
5569,20,106,2,8331.5,2024-11-12,918.37,5.7694,10596.89,-2265.39,-27.19,2024,11,2024-11
5599,36,29,5,173424.4,2023-07-02,7689.63,4.8192,185289.32,-11864.92,-6.84,2023,7,2023-07
5606,12,131,4,3854.0,2024-10-01,175.62,5.4521,3829.99,24.01,0.62,2024,10,2024-10
5613,12,46,14,66284.35,2024-04-24,1000.64,5.1592,72275.03,-5990.68,-9.04,2024,4,2024-04
5618,28,54,1,115458.25,2023-05-31,23191.9,5.0959,118183.6,-2725.35,-2.36,2023,5,2023-05
5646,9,131,13,11900.65,2023-10-15,196.2,5.0625,12912.41,-1011.76,-8.5,2023,10,2023-10
5685,16,32,8,95019.0,2023-11-02,2560.62,5.0194,102822.21,-7803.21,-8.21,2023,11,2023-11
5699,44,138,4,15895.4,2024-04-18,836.88,5.2512,17578.5,-1683.1,-10.59,2024,4,2024-04
5711,6,20,6,185001.0,2024-02-04,5689.04,4.9471,168865.5,16135.5,8.72,2024,2,2024-02
5720,6,38,11,276519.35,2024-09-19,4851.61,5.4189,289194.28,-12674.93,-4.58,2024,9,2024-09
5731,22,17,13,173378.8,2024-01-22,2833.14,4.949,182275.73,-8896.93,-5.13,2024,1,2024-01
5753,21,113,7,30765.0,2024-06-25,815.5,5.429,30991.45,-226.45,-0.74,2024,6,2024-06
5764,23,133,13,24605.0,2023-10-14,348.47,5.0625,22933.68,1671.32,6.79,2023,10,2023-10
5766,4,48,11,162100.0,2024-03-05,3020.3,4.9488,164415.47,-2315.47,-1.43,2024,3,2024-03
5785,6,65,11,267078.25,2024-05-12,5225.24,5.1464,295802.93,-28724.68,-10.76,2024,5,2024-05
5794,25,38,6,150828.65,2024-10-03,4851.61,5.485,159666.49,-8837.84,-5.86,2024,10,2024-10
5825,15,84,5,206263.05,2024-04-10,8951.16,5.0654,226706.03,-20442.98,-9.91,2024,4,2024-04
5842,24,125,4,12927.6,2024-05-26,646.27,5.1508,13315.23,-387.63,-3.0,2024,5,2024-05
5844,41,33,15,95700.15,2024-12-27,1325.97,6.1991,123297.31,-27597.16,-28.84,2024,12,2024-12
5847,17,94,2,81502.0,2024-06-08,8022.13,5.2802,84716.9,-3214.9,-3.94,2024,6,2024-06
5849,15,3,4,34292.15,2024-12-11,1753.77,6.032,42314.96,-8022.81,-23.4,2024,12,2024-12
5888,44,44,10,108068.0,2024-12-28,2159.34,6.1991,133859.65,-25791.65,-23.87,2024,12,2024-12
5932,34,82,11,567974.0,2024-05-16,9770.29,5.127,551015.05,16958.95,2.99,2024,5,2024-05
5933,13,67,12,1029469.0,2024-11-11,16720.73,5.798,1163361.51,-133892.51,-13.01,2024,11,2024-11
5939,35,92,10,888541.0,2023-03-02,16745.97,5.208,872130.12,16410.88,1.85,2023,3,2023-03
5952,8,72,9,896982.0,2024-08-06,30675.48,5.6528,1560621.18,-663639.18,-73.99,2024,8,2024-08
5989,6,139,8,10829.05,2024-11-03,246.89,5.8073,11470.11,-641.06,-5.92,2024,11,2024-11
6001,15,6,13,145979.85,2023-09-26,2104.66,4.9717,136028.6,9951.25,6.82,2023,9,2023-09
6018,16,85,15,578680.0,2023-07-14,7499.89,4.7957,539508.34,39171.66,6.77,2023,7,2023-07
6023,27,47,11,67353.0,2024-01-28,1496.29,4.9125,80855.77,-13502.77,-20.05,2024,1,2024-01
6061,43,133,2,3595.75,2023-04-19,348.47,5.0467,3517.25,78.5,2.18,2023,4,2023-04
6066,38,139,12,16244.05,2023-08-15,246.89,4.9812,14757.7,1486.35,9.15,2023,8,2023-08
6067,27,4,8,25702.25,2023-06-20,654.31,4.793,25088.86,613.39,2.39,2023,6,2023-06
6076,9,148,12,54555.65,2024-06-27,885.1,5.5229,58659.83,-4104.18,-7.52,2024,6,2024-06
6117,18,104,10,35273.5,2023-09-05,742.54,4.9705,36907.95,-1634.45,-4.63,2023,9,2023-09
6121,13,56,8,326714.5,2023-11-30,8087.59,4.9355,319330.4,7384.1,2.26,2023,11,2023-11
6125,11,1,1,31466.85,2024-04-28,6633.66,5.1184,33953.73,-2486.88,-7.9,2024,4,2024-04
6130,49,57,1,112851.45,2024-11-29,20486.78,6.0535,124016.72,-11165.27,-9.89,2024,11,2024-11
6135,39,6,3,35461.0,2024-04-17,2394.79,5.2469,37695.67,-2234.67,-6.3,2024,4,2024-04
6140,38,74,10,822306.7,2024-05-24,17160.36,5.1508,883895.82,-61589.12,-7.49,2024,5,2024-05
6144,14,18,15,398587.0,2024-11-24,5265.1,5.8124,459043.01,-60456.01,-15.17,2024,11,2024-11
6167,15,108,7,22248.05,2024-09-11,688.83,5.6387,27188.74,-4940.69,-22.21,2024,9,2024-09
6176,48,132,6,8909.1,2023-09-17,276.61,4.8689,8080.72,828.38,9.3,2023,9,2023-09
6179,9,127,3,4415.6,2024-03-09,296.24,4.9751,4421.47,-5.87,-0.13,2024,3,2024-03
6233,3,119,12,39070.0,2024-06-13,669.88,5.3974,43387.32,-4317.32,-11.05,2024,6,2024-06
6242,46,29,4,146041.0,2024-07-07,7689.63,5.497,169079.58,-23038.58,-15.78,2024,7,2024-07
6278,23,14,10,340205.45,2023-09-01,6767.66,4.9318,333767.46,6437.99,1.89,2023,9,2023-09
6289,23,25,12,138242.1,2023-09-02,2389.36,4.9318,141406.15,-3164.05,-2.29,2023,9,2023-09
6294,25,30,11,336990.65,2023-03-11,5636.75,5.1822,321318.42,15672.23,4.65,2023,3,2023-03
6311,11,114,3,2278.1,2023-05-08,152.46,4.9696,2273.0,5.1,0.22,2023,5,2023-05
6321,2,143,13,57674.0,2024-09-10,896.83,5.6254,65585.36,-7911.36,-13.72,2024,9,2024-09
6396,41,13,10,77471.0,2023-06-12,1356.5,4.8832,66240.61,11230.39,14.5,2023,6,2023-06
6407,28,39,15,444492.0,2023-09-01,5270.87,4.9318,389923.15,54568.85,12.28,2023,9,2023-09
6462,1,16,6,180036.0,2023-04-10,5615.94,5.0834,171288.42,8747.58,4.86,2023,4,2023-04
6479,25,18,9,227194.4,2023-12-10,5536.62,4.9158,244952.25,-17757.85,-7.82,2023,12,2023-12
6498,25,3,5,45121.0,2023-04-25,1753.77,5.0613,44381.78,739.22,1.64,2023,4,2023-04
6536,9,58,2,217649.0,2024-09-06,19694.26,5.5702,219401.93,-1752.93,-0.81,2024,9,2024-09
6542,14,69,13,588445.0,2023-10-15,9219.51,5.0625,606759.0,-18314.0,-3.11,2023,10,2023-10
6545,43,48,9,125995.65,2023-12-25,3020.3,4.8619,132159.57,-6163.92,-4.89,2023,12,2023-12
6560,21,102,5,4160.0,2023-01-16,199.93,5.1115,5109.71,-949.71,-22.83,2023,1,2023-01
6575,33,70,3,97912.7,2024-11-28,5960.14,5.9871,107051.86,-9139.16,-9.33,2024,11,2024-11
6625,25,79,3,188518.95,2024-01-26,11724.63,4.9125,172791.73,15727.22,8.34,2024,1,2024-01
6632,20,34,4,18686.5,2023-07-24,960.12,4.7457,18225.77,460.73,2.47,2023,7,2023-07
6649,37,33,1,6716.0,2024-01-06,1268.8,4.8899,6204.31,511.69,7.62,2024,1,2024-01
6664,12,20,11,339168.0,2024-02-05,5689.04,5.0053,313228.87,25939.13,7.65,2024,2,2024-02
6722,41,49,4,53057.0,2023-11-20,2627.0,4.8723,51198.13,1858.87,3.5,2023,11,2023-11
6724,34,126,7,18739.0,2023-05-28,467.05,5.0114,16384.02,2354.98,12.57,2023,5,2023-05
6741,18,134,1,4718.0,2023-08-20,899.33,4.9724,4471.83,246.17,5.22,2023,8,2023-08
6771,3,51,15,962385.0,2024-07-24,12243.38,5.6346,1034798.23,-72413.23,-7.52,2024,7,2024-07
6774,2,87,3,200580.0,2023-01-14,11794.37,5.1146,180970.45,19609.55,9.78,2023,1,2023-01
6786,41,147,9,25907.45,2023-08-15,592.19,4.9812,26548.35,-640.9,-2.47,2023,8,2023-08
6794,12,116,5,12878.0,2023-03-02,502.24,5.208,13078.33,-200.33,-1.56,2023,3,2023-03
6796,9,99,6,611420.0,2023-02-02,21330.89,4.9901,638659.65,-27239.65,-4.46,2023,2,2023-02
6804,33,3,4,36097.0,2024-02-15,1753.77,4.971,34871.96,1225.04,3.39,2024,2,2024-02
6805,24,49,8,100808.3,2024-07-08,2627.0,5.472,114999.55,-14191.25,-14.08,2024,7,2024-07
6813,32,12,10,25898.9,2024-09-06,481.53,5.5702,26822.18,-923.28,-3.56,2024,9,2024-09
6831,30,34,6,28029.75,2023-02-15,960.12,5.2243,30095.73,-2065.98,-7.37,2023,2,2023-02
6833,6,6,13,153663.0,2023-12-13,2104.66,4.958,135653.76,18009.24,11.72,2023,12,2023-12
6837,18,11,3,103261.2,2023-07-28,7246.24,4.7253,102721.97,539.23,0.52,2023,7,2023-07
6838,42,34,11,51388.35,2024-07-22,951.66,5.5598,58201.43,-6813.08,-13.26,2024,7,2024-07
6849,49,128,1,4651.0,2023-07-18,853.09,4.804,4098.24,552.76,11.88,2023,7,2023-07
6861,31,14,1,34020.45,2024-07-30,6832.87,5.6532,38627.58,-4607.13,-13.54,2024,7,2024-07
6889,13,97,3,385704.75,2024-08-14,25607.88,5.4502,418704.2,-32999.45,-8.56,2024,8,2024-08
6897,13,59,6,522997.0,2023-03-06,16694.98,5.197,520582.87,2414.13,0.46,2023,3,2023-03
6919,4,140,10,31346.0,2024-04-04,586.81,5.0237,29479.57,1866.43,5.95,2024,4,2024-04
6953,10,127,5,7747.0,2023-04-03,296.24,5.0637,7500.35,246.65,3.18,2023,4,2023-04
6981,35,72,7,697652.0,2024-12-27,30675.48,6.1991,1331122.58,-633470.58,-90.8,2024,12,2024-12
6982,15,9,4,150880.9,2024-04-16,7544.56,5.2635,158843.17,-7962.27,-5.28,2024,4,2024-04
6985,24,52,13,169245.35,2023-05-05,2634.69,4.9696,170213.62,-968.27,-0.57,2023,5,2023-05
6994,18,141,7,31799.35,2023-12-13,972.86,4.958,33764.08,-1964.73,-6.18,2023,12,2023-12
6995,39,120,15,46867.0,2024-10-21,635.45,5.7068,54395.79,-7528.79,-16.06,2024,10,2024-10
7000,23,122,5,6281.4,2024-09-06,271.3,5.5702,7555.98,-1274.58,-20.29,2024,9,2024-09
7016,6,69,9,407385.0,2023-06-12,9219.51,4.8832,405186.4,2198.6,0.54,2023,6,2023-06
7030,21,51,2,121902.1,2023-03-11,12243.38,5.1822,126895.29,-4993.19,-4.1,2023,3,2023-03
7034,14,124,4,14326.0,2024-07-06,665.23,5.497,14627.08,-301.08,-2.1,2024,7,2024-07
7040,33,22,6,224881.15,2024-03-02,7630.67,4.9596,227070.43,-2189.28,-0.97,2024,3,2024-03
7048,18,64,3,334517.0,2024-01-26,21352.22,4.9125,314678.34,19838.66,5.93,2024,1,2024-01
7067,10,20,3,92500.0,2023-06-24,5689.04,4.7799,81579.13,10920.87,11.81,2023,6,2023-06
7071,33,136,8,14998.6,2024-05-04,390.62,5.0668,15833.55,-834.95,-5.57,2024,5,2024-05
7089,27,7,12,234225.0,2023-06-26,3678.62,4.7698,210555.38,23669.62,10.11,2023,6,2023-06
7090,13,11,13,471015.0,2023-04-26,6839.44,5.0585,449764.99,21250.01,4.51,2023,4,2023-04
7096,16,108,14,44496.1,2023-02-23,653.47,5.133,46959.66,-2463.56,-5.54,2023,2,2023-02
7104,27,150,6,9380.3,2023-08-28,326.88,4.8938,9598.11,-217.81,-2.32,2023,8,2023-08
7109,21,114,11,8792.0,2023-04-21,152.46,5.0497,8468.65,323.35,3.68,2023,4,2023-04
7134,14,43,3,105291.0,2024-04-01,6219.32,5.0532,94282.4,11008.6,10.46,2024,4,2024-04
7141,34,35,7,77039.0,2024-09-14,2106.85,5.5717,82171.15,-5132.15,-6.66,2024,9,2024-09
7148,24,122,11,13819.65,2023-12-13,271.3,4.958,14796.16,-976.51,-7.07,2023,12,2023-12
7156,29,91,5,674430.0,2023-07-20,26303.31,4.7888,629806.45,44623.55,6.62,2023,7,2023-07
7165,16,14,5,170102.25,2023-11-07,6767.66,4.867,164691.01,5411.24,3.18,2023,11,2023-11
7181,23,136,7,13123.3,2023-12-12,390.62,4.9476,13528.42,-405.12,-3.09,2023,12,2023-12
7216,37,2,5,66491.45,2023-01-17,2577.22,5.1203,65980.7,510.75,0.77,2023,1,2023-01
7233,16,127,3,4415.6,2023-05-20,296.24,4.9858,4430.98,-15.38,-0.35,2023,5,2023-05
7248,5,25,3,34560.05,2024-02-21,2478.48,4.9303,36658.95,-2098.9,-6.07,2024,2,2024-02
7259,44,74,15,1298378.0,2023-07-05,17160.36,4.8577,1250398.21,47979.79,3.7,2023,7,2023-07
7292,29,84,4,165011.2,2023-08-09,8663.64,4.9015,169859.33,-4848.13,-2.94,2023,8,2023-08
7309,27,22,13,487242.65,2023-01-05,7630.67,5.4026,535930.95,-48688.3,-9.99,2023,1,2023-01
7372,29,119,1,3256.0,2024-02-03,669.88,4.9471,3313.96,-57.96,-1.78,2024,2,2024-02
7383,5,141,13,62163.0,2023-06-19,942.08,4.7803,58544.53,3618.47,5.82,2023,6,2023-06
7385,19,29,7,242793.4,2024-09-08,7689.63,5.5702,299829.44,-57036.04,-23.49,2024,9,2024-09
7394,10,133,1,1893.0,2024-12-23,381.67,6.1612,2351.55,-458.55,-24.22,2024,12,2024-12
7398,27,71,9,1171567.0,2023-11-23,27484.92,4.8931,1210378.16,-38811.16,-3.31,2023,11,2023-11
7404,21,33,11,73873.0,2023-11-15,1268.8,4.8682,67944.49,5928.51,8.03,2023,11,2023-11
7420,33,135,13,20310.05,2023-08-31,328.1,4.9219,20993.38,-683.33,-3.36,2023,8,2023-08
7449,6,14,3,107433.0,2023-12-25,6767.66,4.8619,98711.06,8721.94,8.12,2023,12,2023-12
7477,10,106,10,41656.55,2024-01-21,918.37,4.9223,45204.93,-3548.38,-8.52,2024,1,2024-01
7483,41,29,6,208108.9,2024-02-02,7689.63,4.9471,228248.21,-20139.31,-9.68,2024,2,2024-02
7502,10,22,3,112441.05,2024-01-18,7630.67,4.9403,113093.4,-652.35,-0.58,2024,1,2024-01
7505,44,48,2,27999.35,2023-07-14,2836.04,4.7957,27201.59,797.76,2.85,2023,7,2023-07
7513,46,118,1,4315.0,2024-06-13,893.4,5.3974,4822.04,-507.04,-11.75,2024,6,2024-06
7538,28,108,12,38139.65,2024-03-05,688.83,4.9488,40906.58,-2766.93,-7.25,2024,3,2024-03
7547,42,73,6,858960.0,2024-09-29,26171.36,5.4431,854719.98,4240.02,0.49,2024,9,2024-09
7550,30,146,7,3298.4,2024-12-10,82.88,6.0529,3511.65,-213.25,-6.47,2024,12,2024-12
7553,44,130,15,59052.95,2024-01-21,859.48,4.9223,63459.28,-4406.33,-7.46,2024,1,2024-01
7584,30,77,10,424694.65,2023-06-05,8959.75,4.9236,441142.25,-16447.6,-3.87,2023,6,2023-06
7619,30,65,5,127788.0,2024-08-19,4996.52,5.4237,135498.13,-7710.13,-6.03,2024,8,2024-08
7662,10,97,2,270670.0,2024-04-01,25607.88,5.0532,258803.48,11866.52,4.38,2024,4,2024-04
7666,9,54,6,692748.55,2024-01-22,23191.9,4.949,688660.28,4088.27,0.59,2024,1,2024-01
7682,33,41,11,116600.0,2023-03-05,2005.71,5.2037,114808.24,1791.76,1.54,2023,3,2023-03
7696,42,8,2,9968.0,2024-06-09,947.05,5.2802,10001.23,-33.23,-0.33,2024,6,2024-06
7719,4,92,1,84411.3,2023-09-09,16745.97,4.9835,83453.54,957.76,1.13,2023,9,2023-09
7730,30,66,10,125716.0,2023-10-04,2360.29,5.1526,121616.3,4099.7,3.26,2023,10,2023-10
7732,2,148,6,28713.0,2024-08-30,885.1,5.6562,30037.82,-1324.82,-4.61,2024,8,2024-08
7735,38,127,11,17043.0,2024-04-18,296.24,5.2512,17111.77,-68.77,-0.4,2024,4,2024-04
7761,13,98,3,238083.0,2023-10-21,15850.04,5.0528,240261.25,-2178.25,-0.91,2023,10,2023-10
7762,45,96,12,847450.0,2023-11-12,14776.4,4.9219,872735.56,-25285.56,-2.98,2023,11,2023-11
7805,42,107,1,1437.35,2023-10-31,295.48,5.0575,1494.39,-57.04,-3.97,2023,10,2023-10
7810,9,11,2,68840.8,2024-07-08,7246.24,5.472,79302.85,-10462.05,-15.2,2024,7,2024-07
7852,5,18,2,50487.75,2023-04-01,4834.43,5.0804,49121.68,1366.07,2.71,2023,4,2023-04
7873,13,113,4,16701.0,2023-07-20,815.5,4.7888,15621.07,1079.93,6.47,2023,7,2023-07
7875,14,60,12,1239762.35,2024-06-20,22370.78,5.4254,1456445.16,-216682.81,-17.48,2024,6,2024-06
7881,19,120,9,28120.0,2024-11-02,635.45,5.8073,33212.24,-5092.24,-18.11,2024,11,2024-11
7913,35,115,10,8306.0,2023-04-23,160.69,5.0497,8114.36,191.64,2.31,2023,4,2023-04
7943,7,145,7,30449.0,2024-10-23,875.03,5.7149,35004.96,-4555.96,-14.96,2024,10,2024-10
7952,1,60,10,1033135.45,2023-01-30,19341.09,5.0959,985602.61,47532.84,4.6,2023,1,2023-01
7977,5,32,5,62512.0,2023-07-21,2560.62,4.7732,61111.76,1400.24,2.24,2023,7,2023-07
7984,13,79,9,595322.0,2024-10-08,11873.21,5.5197,589829.02,5492.98,0.92,2024,10,2024-10
8001,14,5,10,224855.5,2024-09-04,4752.24,5.6359,267831.49,-42975.99,-19.11,2024,9,2024-09
8002,1,37,8,46114.9,2024-07-02,1211.89,5.6677,54949.03,-8834.13,-19.16,2024,7,2024-07
8010,39,19,12,187328.6,2023-03-25,3163.35,5.2921,200889.17,-13560.57,-7.24,2023,3,2023-03
8015,25,49,11,138611.65,2024-10-25,2352.61,5.6969,147428.42,-8816.77,-6.36,2024,10,2024-10
8057,37,120,5,15622.0,2024-08-07,635.45,5.6093,17822.15,-2200.15,-14.08,2024,8,2024-08
8108,39,87,15,1002898.0,2024-01-30,13597.7,4.9638,1012443.95,-9545.95,-0.95,2024,1,2024-01
8119,1,35,8,88044.0,2024-05-07,2106.85,5.061,85302.14,2741.86,3.11,2024,5,2024-05
8124,4,71,13,1607649.85,2024-02-03,27484.92,4.9471,1767618.42,-159968.57,-9.95,2024,2,2024-02
8173,16,76,9,1333784.0,2023-12-25,27945.06,4.8619,1222794.78,110989.22,8.32,2023,12,2023-12
8207,40,137,9,30469.0,2023-03-16,619.79,5.2892,29503.74,965.26,3.17,2023,3,2023-03
8220,8,63,13,1728477.5,2024-01-10,27618.14,4.8901,1755721.06,-27243.56,-1.58,2024,1,2024-01
8225,21,15,8,223198.0,2024-01-04,5267.98,4.9188,207297.12,15900.88,7.12,2024,1,2024-01
8228,36,113,12,52740.0,2024-07-25,815.5,5.6402,55195.0,-2455.0,-4.65,2024,7,2024-07
8229,1,120,8,23746.2,2024-02-29,635.45,4.9833,25333.1,-1586.9,-6.68,2024,2,2024-02
8241,22,86,6,533082.05,2024-02-29,17824.79,4.9833,532957.66,124.39,0.02,2024,2,2024-02
8244,21,2,5,69991.0,2023-06-05,2829.74,4.9236,69662.54,328.46,0.47,2023,6,2023-06
8272,26,143,5,21072.9,2024-02-17,896.83,4.9761,22313.58,-1240.68,-5.89,2024,2,2024-02
8277,12,130,9,35432.15,2023-06-17,859.48,4.8286,37350.77,-1918.62,-5.41,2023,6,2023-06
8312,27,111,12,48851.85,2024-02-29,821.82,4.9833,49144.51,-292.66,-0.6,2024,2,2024-02
8325,5,44,15,153997.85,2024-09-24,2159.34,5.4702,177180.33,-23182.48,-15.05,2024,9,2024-09
8327,12,106,2,8770.0,2023-06-29,837.06,4.8584,8133.54,636.46,7.26,2023,6,2023-06
8333,28,82,3,154902.0,2024-08-27,9770.29,5.4969,161118.92,-6216.92,-4.01,2024,8,2024-08
8334,28,40,3,42552.0,2023-01-05,2757.45,5.4026,44692.2,-2140.2,-5.03,2023,1,2023-01
8365,18,49,7,88207.5,2023-05-15,2627.0,4.9103,90295.51,-2088.01,-2.37,2023,5,2023-05
8380,46,79,15,942592.85,2024-08-15,11935.56,5.4651,978435.43,-35842.58,-3.8,2024,8,2024-08
8385,45,116,4,10302.0,2023-08-19,502.24,4.9724,9989.35,312.65,3.03,2023,8,2023-08
8412,45,142,3,2355.05,2023-05-14,160.09,4.9234,2364.56,-9.51,-0.4,2023,5,2023-05
8415,28,118,2,8630.0,2024-04-06,893.4,5.052,9026.91,-396.91,-4.6,2024,4,2024-04
8445,13,33,13,87305.0,2023-07-26,1268.8,4.7368,78130.67,9174.33,10.51,2023,7,2023-07
8477,46,29,14,485587.75,2024-02-04,7689.63,4.9471,532579.16,-46991.41,-9.68,2024,2,2024-02
8503,2,116,3,7340.65,2024-11-06,502.24,5.7648,8685.94,-1345.29,-18.33,2024,11,2024-11
8511,2,6,9,101062.9,2023-09-15,2104.66,4.8689,92226.41,8836.49,8.74,2023,9,2023-09
8517,46,74,1,82231.05,2024-06-30,17160.36,5.5589,95392.73,-13161.68,-16.01,2024,6,2024-06
8527,19,36,10,226014.0,2024-12-29,4476.41,6.1991,277497.13,-51483.13,-22.78,2024,12,2024-12
8539,8,27,4,62743.7,2023-05-16,3051.23,4.9122,59953.01,2790.69,4.45,2023,5,2023-05
8549,43,109,6,3549.2,2024-05-30,123.24,5.1972,3843.02,-293.82,-8.28,2024,5,2024-05
8559,21,3,8,68584.3,2024-07-17,1753.77,5.467,76702.88,-8118.58,-11.84,2024,7,2024-07
8564,45,47,4,23267.4,2024-01-31,1496.29,4.9535,29647.49,-6380.09,-27.42,2024,1,2024-01
8565,35,80,9,1104864.25,2024-12-28,24177.04,6.1991,1348883.0,-244018.75,-22.09,2024,12,2024-12
8589,36,141,8,36341.3,2023-03-28,942.08,5.1733,38989.3,-2648.0,-7.29,2023,3,2023-03
8604,41,99,8,815226.35,2023-10-08,21330.89,5.1918,885965.72,-70739.37,-8.68,2023,10,2023-10
8616,28,116,7,17127.55,2024-10-07,502.24,5.4626,19204.75,-2077.2,-12.13,2024,10,2024-10
8633,21,122,13,16332.4,2023-08-02,270.21,4.8083,16890.26,-557.86,-3.42,2023,8,2023-08
8661,32,52,4,54816.0,2023-04-12,2634.69,4.9496,52162.65,2653.35,4.84,2023,4,2023-04
8681,33,147,8,23028.95,2024-01-22,592.19,4.949,23445.99,-417.04,-1.81,2024,1,2024-01
8701,18,111,8,34282.0,2023-02-06,821.82,5.1763,34031.89,250.11,0.73,2023,2,2023-02
8708,38,55,5,522439.2,2023-04-10,23326.09,5.0834,592879.23,-70440.03,-13.48,2023,4,2023-04
8756,12,112,7,14503.65,2023-09-04,398.23,4.9176,13708.35,795.3,5.48,2023,9,2023-09
8778,4,2,6,79789.55,2024-10-31,2829.74,5.7779,98099.73,-18310.18,-22.95,2024,10,2024-10
8785,31,7,4,74171.25,2024-11-20,3678.62,5.7743,84965.82,-10794.57,-14.55,2024,11,2024-11
8817,14,93,15,1507155.0,2024-12-22,17444.83,6.078,1590445.15,-83290.15,-5.53,2024,12,2024-12
8841,20,126,1,2543.15,2024-06-22,467.05,5.4416,2541.5,1.65,0.06,2024,6,2024-06
8873,8,150,10,16457.0,2023-02-19,321.31,5.2012,16711.98,-254.98,-1.55,2023,2,2023-02
8878,47,71,10,1301741.0,2024-12-19,23100.17,6.1841,1428537.61,-126796.61,-9.74,2024,12,2024-12
8898,6,59,13,1133160.0,2023-11-29,17882.07,4.8933,1137530.33,-4370.33,-0.39,2023,11,2023-11
8908,13,22,3,118359.0,2023-09-05,7630.67,4.9705,113784.74,4574.26,3.86,2023,9,2023-09
8914,33,4,4,13528.0,2024-06-13,679.13,5.3974,14662.15,-1134.15,-8.38,2024,6,2024-06
8916,32,122,9,11902.0,2024-08-21,271.3,5.4707,13357.81,-1455.81,-12.23,2024,8,2024-08
8940,17,120,2,6249.0,2023-03-30,586.85,5.1254,6015.68,233.32,3.73,2023,3,2023-03
8967,37,12,10,25898.9,2024-04-14,527.97,5.1364,27118.65,-1219.75,-4.71,2024,4,2024-04
8977,41,27,8,132092.0,2024-06-10,3051.23,5.3666,130997.85,1094.15,0.83,2024,6,2024-06
8981,30,113,6,25051.5,2024-08-13,777.57,5.4875,25601.49,-549.99,-2.2,2024,8,2024-08
8989,40,69,4,181060.0,2024-04-11,9219.51,5.0765,187211.37,-6151.37,-3.4,2024,4,2024-04
8990,49,22,4,149920.45,2024-06-15,7630.67,5.363,163693.13,-13772.68,-9.19,2024,6,2024-06
9007,6,93,8,803816.0,2023-07-11,19409.47,4.8949,760059.32,43756.68,5.44,2023,7,2023-07
9008,43,35,5,55028.0,2024-01-05,2106.85,4.8899,51511.43,3516.57,6.39,2024,1,2024-01
9020,6,41,11,116600.0,2023-11-21,2005.71,4.8806,107679.75,8920.25,7.65,2023,11,2023-11
9038,42,55,3,329962.0,2023-02-26,23326.09,5.1791,362424.46,-32462.46,-9.84,2023,2,2023-02
9039,6,63,3,398879.35,2024-09-20,27618.14,5.4775,453835.09,-54955.74,-13.78,2024,9,2024-09
9042,19,31,7,57982.0,2023-03-14,2418.07,5.2362,88630.49,-30648.49,-52.86,2023,3,2023-03
9070,44,71,11,1431915.0,2023-07-03,27014.91,4.7876,1422702.41,9212.59,0.64,2023,7,2023-07
9086,10,45,14,138652.0,2024-02-20,1881.33,4.9408,130133.85,8518.15,6.14,2024,2,2024-02
9093,5,123,1,2777.0,2024-03-23,535.37,4.9897,2671.34,105.66,3.8,2024,3,2024-03
9122,13,120,2,6249.0,2023-11-26,635.45,4.8927,6218.13,30.87,0.49,2023,11,2023-11
9140,5,63,9,1196638.05,2023-12-02,27618.14,4.9191,1222707.53,-26069.48,-2.18,2023,12,2023-12
9147,41,89,2,149488.2,2023-12-25,14832.32,4.8619,144226.51,5261.69,3.52,2023,12,2023-12
9181,2,100,15,1490553.8,2024-12-07,19807.28,6.0293,1791360.5,-300806.7,-20.18,2024,12,2024-12
9185,44,115,12,9967.0,2023-12-08,160.69,4.9158,9479.04,487.96,4.9,2023,12,2023-12
9203,15,5,13,292312.15,2024-12-08,4327.37,6.0293,339183.16,-46871.01,-16.03,2024,12,2024-12
9217,41,3,8,72194.0,2023-01-12,1753.77,5.14,72115.02,78.98,0.11,2023,1,2023-01
9224,47,21,7,61142.0,2024-04-25,1674.22,5.1679,60565.41,576.59,0.94,2024,4,2024-04
9229,17,50,3,32136.6,2023-12-03,2378.45,4.9191,35099.5,-2962.9,-9.22,2023,12,2023-12
9232,30,21,11,96080.0,2023-05-04,1674.22,5.0106,92277.31,3802.69,3.96,2023,5,2023-05
9262,4,149,15,17454.0,2024-10-24,225.94,5.7087,19347.36,-1893.36,-10.85,2024,10,2024-10
9279,6,63,4,559831.0,2023-06-26,27618.14,4.7698,526932.02,32898.98,5.88,2023,6,2023-06
9293,27,122,7,9257.0,2023-12-09,271.3,4.9158,9335.6,-78.6,-0.85,2023,12,2023-12
9294,41,56,1,40839.55,2023-06-14,8087.59,4.8462,39194.08,1645.47,4.03,2023,6,2023-06
9319,25,49,9,119378.0,2023-08-13,2627.0,4.8918,115656.83,3721.17,3.12,2023,8,2023-08
9321,33,113,10,43950.0,2024-09-01,777.57,5.6562,43980.91,-30.91,-0.07,2024,9,2024-09
9344,36,93,9,859078.35,2023-11-18,19409.47,4.8849,853319.88,5758.47,0.67,2023,11,2023-11
9369,32,116,9,22021.0,2023-09-22,502.24,4.9131,22208.0,-187.0,-0.85,2023,9,2023-09
9375,31,76,12,1689460.05,2023-04-25,27945.06,5.0613,1697259.99,-7799.94,-0.46,2023,4,2023-04
9400,43,41,1,10070.0,2023-12-06,2005.71,4.9031,9834.2,235.8,2.34,2023,12,2023-12
9412,48,130,12,47242.55,2024-11-07,752.23,5.6624,51113.13,-3870.58,-8.19,2024,11,2024-11
9413,31,20,5,154167.0,2023-12-23,5689.04,4.8619,138297.72,15869.28,10.29,2023,12,2023-12
9416,7,83,11,1408700.85,2023-08-04,35839.7,4.8609,1916345.18,-507644.33,-36.04,2023,8,2023-08
9422,21,14,11,393922.0,2023-11-07,6767.66,4.867,362320.21,31601.79,8.02,2023,11,2023-11
9480,12,91,15,2023290.0,2023-08-16,26303.31,4.9772,1963752.52,59537.48,2.94,2023,8,2023-08
9498,40,118,11,45092.7,2024-05-20,893.4,5.1085,50203.27,-5110.57,-11.33,2024,5,2024-05
9509,42,140,10,29778.7,2024-08-03,612.49,5.7366,35136.1,-5357.4,-17.99,2024,8,2024-08
9539,20,66,5,59715.1,2023-11-17,2360.29,4.8849,57648.9,2066.2,3.46,2023,11,2023-11
9540,31,6,8,94562.0,2023-04-18,2104.66,4.9678,83644.24,10917.76,11.55,2023,4,2023-04
9549,7,149,6,6632.9,2023-07-16,225.94,4.7957,6501.24,131.66,1.98,2023,7,2023-07
9554,14,117,6,23387.1,2024-10-04,823.4,5.4686,27017.07,-3629.97,-15.52,2024,10,2024-10
9565,41,37,13,78880.0,2024-01-24,1211.89,4.9192,77499.88,1380.12,1.75,2024,1,2024-01
9605,22,122,13,17192.0,2024-04-22,271.3,5.2043,18355.05,-1163.05,-6.77,2024,4,2024-04
9619,22,31,1,8283.0,2023-07-19,1724.43,4.8,8277.26,5.74,0.07,2023,7,2023-07
9675,8,98,6,476167.0,2024-12-10,15850.04,6.0529,575632.24,-99465.24,-20.89,2024,12,2024-12
9683,23,8,15,71023.9,2024-01-09,1006.07,4.8937,73851.07,-2827.17,-3.98,2024,1,2024-01
9688,26,23,2,21239.15,2024-08-19,2244.66,5.4237,24348.72,-3109.57,-14.64,2024,8,2024-08
9698,8,43,1,33342.15,2023-07-17,6219.32,4.8302,30040.56,3301.59,9.9,2023,7,2023-07
9709,32,42,12,68318.3,2023-05-30,1263.57,5.0593,76713.36,-8395.06,-12.29,2023,5,2023-05
9716,33,82,5,245261.5,2024-02-05,9770.29,5.0053,244516.16,745.34,0.3,2024,2,2024-02
9744,10,80,13,1679910.0,2024-08-24,24177.04,5.5263,1736924.49,-57014.49,-3.39,2024,8,2024-08
9752,35,79,5,330734.0,2024-01-28,11724.63,4.9125,287986.22,42747.78,12.93,2024,1,2024-01
9782,48,79,6,377036.95,2023-04-01,11724.63,5.0804,357394.86,19642.09,5.21,2023,4,2023-04
9787,11,105,4,1238.0,2023-10-06,62.64,5.1918,1300.86,-62.86,-5.08,2023,10,2023-10
9790,8,49,12,159171.0,2024-10-23,2352.61,5.7149,161339.17,-2168.17,-1.36,2024,10,2024-10
9792,41,12,8,21809.0,2023-01-05,527.97,5.4026,22819.29,-1010.29,-4.63,2023,1,2023-01
9794,40,124,11,39395.55,2024-01-05,725.63,4.8899,39030.84,364.71,0.93,2024,1,2024-01
9818,46,68,10,668971.0,2023-01-11,11988.94,5.202,623664.66,45306.34,6.77,2023,1,2023-01
9826,11,64,4,446022.0,2023-10-19,21352.22,5.054,431656.48,14365.52,3.22,2023,10,2023-10
9838,7,42,2,11986.0,2023-11-20,1263.57,4.8723,12312.98,-326.98,-2.73,2023,11,2023-11
9857,12,44,2,20533.3,2024-08-24,2159.34,5.5263,23866.32,-3333.02,-16.23,2024,8,2024-08
9871,9,37,5,30339.0,2023-09-07,1181.71,4.9762,29402.13,936.87,3.09,2023,9,2023-09
9892,17,6,6,70921.0,2024-12-13,1951.33,6.04,70716.2,204.8,0.29,2024,12,2024-12
9893,31,120,7,20777.45,2023-11-04,635.45,4.891,21755.9,-978.45,-4.71,2023,11,2023-11
9920,37,149,14,16291.0,2023-09-27,225.94,5.0289,15907.22,383.78,2.36,2023,9,2023-09
9938,33,146,12,5952.0,2024-04-13,99.02,5.1364,6103.28,-151.28,-2.54,2024,4,2024-04
9940,25,74,8,657844.6,2024-12-17,17160.36,6.1685,846829.45,-188984.85,-28.73,2024,12,2024-12
9947,13,26,12,207398.0,2023-04-13,3412.88,4.9097,201074.6,6323.4,3.05,2023,4,2023-04
9949,15,103,14,23796.55,2023-12-10,341.7,4.9158,23516.2,280.35,1.18,2023,12,2023-12
9983,10,115,8,6645.0,2024-08-20,167.9,5.4547,7326.75,-681.75,-10.26,2024,8,2024-08
2,25,139,7,9475.3,2024-08-13,246.89,5.4875,9483.66,-8.36,-0.09,2024,8,2024-08
22,29,20,2,61667.0,2024-11-04,5689.04,5.7898,65876.81,-4209.81,-6.83,2024,11,2024-11
32,43,40,11,156024.0,2023-11-02,2970.73,5.0194,164024.1,-8000.1,-5.13,2023,11,2023-11
90,2,72,3,284044.3,2024-07-22,30675.48,5.5598,511648.6,-227604.3,-80.13,2024,7,2024-07
128,1,53,14,751450.0,2023-03-24,10045.86,5.2921,744291.74,7158.26,0.95,2023,3,2023-03
133,34,122,2,2512.75,2024-11-13,271.3,5.7713,3131.51,-618.76,-24.62,2024,11,2024-11
153,48,30,11,336990.65,2023-12-30,6558.44,4.8413,349265.13,-12274.48,-3.64,2023,12,2023-12
169,23,101,2,927.0,2023-01-24,87.95,5.1696,909.33,17.67,1.91,2023,1,2023-01
183,27,80,9,1163015.0,2023-04-26,24177.04,5.0585,1100696.01,62318.99,5.36,2023,4,2023-04
185,39,27,7,115580.0,2023-01-09,3051.23,5.2967,113130.15,2449.85,2.12,2023,1,2023-01
187,44,80,2,245525.6,2024-09-01,24177.04,5.6562,273500.35,-27974.75,-11.39,2024,9,2024-09
201,38,79,11,727615.0,2023-03-24,11724.63,5.2921,682527.06,45087.94,6.2,2023,3,2023-03
209,38,15,10,278998.0,2024-09-11,5267.98,5.6387,297045.59,-18047.59,-6.47,2024,9,2024-09
210,29,18,12,302925.55,2024-04-02,5265.1,5.0476,318913.43,-15987.88,-5.28,2024,4,2024-04
247,23,22,11,412281.95,2024-05-23,7630.67,5.1443,431799.01,-19517.06,-4.73,2024,5,2024-05
262,1,65,15,383366.0,2023-02-26,5008.66,5.1791,389105.27,-5739.27,-1.5,2023,2,2023-02
264,10,32,12,142528.5,2024-01-24,2562.61,4.9192,151271.89,-8743.39,-6.13,2024,1,2024-01
296,38,89,15,1180171.0,2024-09-16,14122.53,5.5207,1169493.77,10677.23,0.9,2024,9,2024-09
302,44,74,11,904536.8,2024-08-04,17160.36,5.7366,1082863.33,-178326.53,-19.71,2024,8,2024-08
303,28,8,9,44857.0,2023-09-01,1006.07,4.9318,44655.62,201.38,0.45,2023,9,2023-09
314,14,35,11,121061.0,2023-05-09,2106.85,5.0007,115892.97,5168.03,4.27,2023,5,2023-05
353,6,88,5,229597.9,2024-09-29,9896.1,5.4431,269327.31,-39729.41,-17.3,2024,9,2024-09
355,8,141,8,36341.3,2023-07-08,942.08,4.8799,36778.05,-436.75,-1.2,2023,7,2023-07
381,12,39,4,112604.45,2023-05-06,5270.87,4.9696,104776.46,7827.99,6.95,2023,5,2023-05
389,32,145,1,4350.0,2024-12-18,718.09,6.1624,4425.16,-75.16,-1.73,2024,12,2024-12
393,39,130,6,24865.0,2023-10-07,859.48,5.1918,26773.49,-1908.49,-7.68,2023,10,2023-10
419,39,150,8,12506.75,2023-12-13,326.88,4.958,12965.37,-458.62,-3.67,2023,12,2023-12
420,38,12,5,12949.45,2023-02-22,527.97,5.173,13655.94,-706.49,-5.46,2023,2,2023-02
472,26,56,7,285874.95,2023-01-04,8087.59,5.4459,308309.44,-22434.49,-7.85,2023,1,2023-01
486,48,17,8,106694.5,2023-02-28,2706.74,5.2078,112769.28,-6074.78,-5.69,2023,2,2023-02
500,27,72,4,398659.0,2023-09-28,30675.48,5.0475,619337.94,-220678.94,-55.36,2023,9,2023-09
525,45,15,10,265048.1,2024-12-11,5097.71,6.032,307493.87,-42445.77,-16.01,2024,12,2024-12
528,15,45,12,118845.0,2024-03-31,1881.33,4.9962,112794.01,6050.99,5.09,2024,3,2024-03
553,20,122,7,9257.0,2023-01-28,255.46,5.0767,9078.26,178.74,1.93,2023,1,2023-01
558,43,42,2,11386.7,2023-01-27,1263.57,5.0767,12829.53,-1442.83,-12.67,2023,1,2023-01
560,18,4,10,33819.0,2023-04-21,654.31,5.0497,33040.69,778.31,2.3,2023,4,2023-04
569,24,12,12,31078.3,2023-06-28,527.97,4.8563,30767.77,310.53,1.0,2023,6,2023-06
604,6,72,10,946813.7,2024-02-29,30675.48,4.9833,1528651.19,-581837.49,-61.45,2024,2,2024-02
631,43,15,2,55800.0,2023-01-04,5325.4,5.4459,58003.19,-2203.19,-3.95,2023,1,2023-01
634,33,88,9,413276.6,2023-12-09,9954.59,4.9158,440412.96,-27136.36,-6.57,2023,12,2023-12
645,22,97,9,1218016.0,2024-08-04,25607.88,5.7366,1322119.48,-104103.48,-8.55,2024,8,2024-08
646,44,15,2,55800.0,2024-08-25,5267.98,5.5263,58224.88,-2424.88,-4.35,2024,8,2024-08
664,7,33,7,44659.5,2024-11-15,1325.97,5.7885,53727.64,-9068.14,-20.31,2024,11,2024-11
684,1,63,12,1679492.0,2024-08-08,27618.14,5.6172,1861639.39,-182147.39,-10.85,2024,8,2024-08
718,36,106,5,20827.8,2023-11-13,918.37,4.9247,22613.48,-1785.68,-8.57,2023,11,2023-11
721,43,46,15,71019.15,2024-12-03,1000.64,6.0707,91118.78,-20099.63,-28.3,2024,12,2024-12
765,10,117,12,46774.2,2023-04-20,823.4,5.0497,49895.08,-3120.88,-6.67,2023,4,2023-04
778,17,112,8,16575.6,2023-09-27,398.23,5.0289,16021.27,554.33,3.34,2023,9,2023-09
785,43,128,10,46507.0,2024-07-19,853.09,5.5543,47383.18,-876.18,-1.88,2024,7,2024-07
793,17,6,3,35461.0,2023-03-15,2104.66,5.2981,33452.1,2008.9,5.67,2023,3,2023-03
795,26,141,8,36341.3,2023-09-03,971.69,4.9318,38337.45,-1996.15,-5.49,2023,9,2023-09
803,1,138,2,7947.7,2023-10-02,836.88,5.0679,8482.45,-534.75,-6.73,2023,10,2023-10
806,36,76,10,1481982.0,2023-11-23,27945.06,4.8931,1367379.73,114602.27,7.73,2023,11,2023-11
815,7,122,12,15076.5,2023-10-19,271.3,5.054,16453.8,-1377.3,-9.14,2023,10,2023-10
824,45,26,6,98514.05,2023-02-16,3412.88,5.2432,107366.47,-8852.42,-8.99,2023,2,2023-02
850,12,92,12,1012936.55,2023-09-22,16745.97,4.9131,987295.5,25641.05,2.53,2023,9,2023-09
851,32,49,8,100808.3,2023-12-22,2627.0,4.8619,102177.69,-1369.39,-1.36,2023,12,2023-12
853,35,86,4,374093.0,2024-08-06,17824.79,5.6528,403039.89,-28946.89,-7.74,2024,8,2024-08
869,3,84,5,217119.0,2024-10-04,8456.45,5.4686,231224.71,-14105.71,-6.5,2024,10,2024-10
882,3,68,2,133794.0,2023-08-21,13998.43,4.9847,139555.95,-5761.95,-4.31,2023,8,2023-08
892,39,31,12,99397.0,2024-07-04,1482.91,5.4839,97585.56,1811.44,1.82,2024,7,2024-07
901,20,122,10,12563.75,2023-09-16,271.3,4.8689,13209.33,-645.58,-5.14,2023,9,2023-09
929,11,84,1,43424.0,2023-04-14,8663.64,4.9455,42846.03,577.97,1.33,2023,4,2023-04
938,23,114,2,1519.05,2023-12-26,152.46,4.8368,1474.84,44.21,2.91,2023,12,2023-12
977,5,108,11,34960.95,2024-07-25,688.83,5.6402,42736.53,-7775.58,-22.24,2024,7,2024-07
993,44,103,10,16997.4,2023-08-22,341.7,4.9431,16890.57,106.83,0.63,2023,8,2023-08
995,22,28,4,57034.0,2023-04-30,2723.39,5.0007,54475.43,2558.57,4.49,2023,4,2023-04
1052,4,99,15,1609000.0,2024-12-30,18977.86,6.1923,1762749.04,-153749.04,-9.56,2024,12,2024-12
1065,11,125,8,27217.0,2023-02-06,630.46,5.1763,26107.6,1109.4,4.08,2023,2,2023-02
1081,28,31,8,66265.0,2024-12-07,1482.91,6.0293,71527.27,-5262.27,-7.94,2024,12,2024-12
1090,30,106,7,30694.0,2024-04-23,918.37,5.1626,33188.24,-2494.24,-8.13,2024,4,2024-04
1105,40,77,5,223523.0,2024-04-11,8959.75,5.0765,227420.85,-3897.85,-1.74,2024,4,2024-04
1120,22,32,1,12502.0,2024-02-27,2562.61,4.9575,12704.14,-202.14,-1.62,2024,2,2024-02
1125,44,137,2,6771.0,2023-12-19,619.79,4.8663,6032.17,738.83,10.91,2023,12,2023-12
1148,19,98,14,1055503.2,2024-11-02,15850.04,5.8073,1288643.12,-233139.92,-22.09,2024,11,2024-11
1161,13,103,6,10198.25,2024-05-29,341.7,5.1972,10655.3,-457.05,-4.48,2024,5,2024-05
1201,25,50,7,74985.4,2023-06-12,2179.61,4.8832,74504.3,481.1,0.64,2023,6,2023-06
1202,36,18,4,100975.5,2023-02-02,4834.43,4.9901,96497.16,4478.34,4.44,2023,2,2023-02
1210,36,144,10,21033.95,2024-05-09,444.87,5.1577,22945.06,-1911.11,-9.09,2024,5,2024-05
1213,27,10,8,256264.0,2023-05-11,5615.0,4.9696,223234.43,33029.57,12.89,2023,5,2023-05
1221,44,72,4,378726.05,2024-03-04,30675.48,4.9475,607067.75,-228341.7,-60.29,2024,3,2024-03
1236,43,108,8,25425.8,2023-12-26,688.83,4.8368,26653.86,-1228.06,-4.83,2023,12,2023-12
1241,47,123,7,18467.05,2023-07-09,535.37,4.8799,18287.86,179.19,0.97,2023,7,2023-07
1262,45,136,1,1974.0,2023-10-01,533.84,5.0076,2673.26,-699.26,-35.42,2023,10,2023-10
1277,4,22,5,197264.0,2023-06-28,7630.67,4.8563,185284.11,11979.89,6.07,2023,6,2023-06
1278,42,135,14,23023.0,2023-12-22,328.1,4.8619,22332.65,690.35,3.0,2023,12,2023-12
1289,32,120,10,31245.0,2023-10-01,635.45,5.0076,31820.79,-575.79,-1.84,2023,10,2023-10
1318,38,146,13,6125.6,2024-10-23,87.83,5.7149,6525.22,-399.62,-6.52,2024,10,2024-10
1332,14,102,13,10275.2,2023-01-14,199.93,5.1146,13293.31,-3018.11,-29.37,2023,1,2023-01
1340,39,138,11,46014.0,2024-02-10,836.88,4.9717,45767.88,246.12,0.53,2024,2,2024-02
1347,33,125,10,32319.95,2024-05-17,646.27,5.1157,33061.23,-741.28,-2.29,2024,5,2024-05
1353,48,28,12,171103.0,2024-09-02,2776.74,5.623,187363.31,-16260.31,-9.5,2024,9,2024-09
1356,33,30,11,354727.0,2023-01-17,5636.75,5.1203,317480.36,37246.64,10.5,2023,1,2023-01
1371,32,131,14,12815.5,2023-12-17,196.2,4.9397,13568.37,-752.87,-5.87,2023,12,2023-12
1445,27,70,4,130550.9,2023-08-29,6655.06,4.8706,129656.54,894.36,0.69,2023,8,2023-08
1474,47,9,3,113160.2,2024-05-19,7544.56,5.1157,115787.12,-2626.92,-2.32,2024,5,2024-05
1487,49,129,13,40337.95,2023-07-03,598.62,4.7876,37257.39,3080.56,7.64,2023,7,2023-07
1512,8,73,11,1496021.05,2024-05-21,28694.54,5.1037,1610931.56,-114910.51,-7.68,2024,5,2024-05
1541,37,150,6,9874.0,2024-02-19,332.26,4.9585,9885.07,-11.07,-0.11,2024,2,2024-02
1572,19,110,12,29946.0,2023-06-10,476.03,4.8922,27946.01,1999.99,6.68,2023,6,2023-06
1575,47,87,9,601739.0,2024-04-10,13597.7,5.0654,619900.11,-18161.11,-3.02,2024,4,2024-04
1616,25,93,13,1306201.0,2024-11-23,17444.83,5.8124,1318152.29,-11951.29,-0.91,2024,11,2024-11
1661,22,107,14,20127.65,2024-06-11,311.59,5.3524,23348.56,-3220.91,-16.0,2024,6,2024-06
1669,2,32,11,130650.65,2024-02-12,2562.61,4.9717,140145.81,-9495.16,-7.27,2024,2,2024-02
1694,41,49,12,159171.0,2023-02-08,2627.0,5.2036,164038.29,-4867.29,-3.06,2023,2,2023-02
1714,17,35,4,41820.9,2024-12-23,2106.85,6.1612,51922.9,-10102.0,-24.16,2024,12,2024-12
1715,47,62,7,715554.0,2023-12-16,20000.78,4.9397,691584.97,23969.03,3.35,2023,12,2023-12
1722,41,144,9,19927.0,2023-12-03,422.52,4.9191,18705.76,1221.24,6.13,2023,12,2023-12
1731,1,3,9,81218.0,2023-12-05,1753.77,4.9522,78165.18,3052.82,3.76,2023,12,2023-12
1756,27,126,4,10708.0,2024-03-05,467.05,4.9488,9245.35,1462.65,13.66,2024,3,2024-03
1759,3,96,7,469628.7,2023-07-25,14776.4,4.7496,491273.93,-21645.23,-4.61,2023,7,2023-07
1766,29,47,3,17450.55,2024-10-31,1116.66,5.7779,19355.85,-1905.3,-10.92,2024,10,2024-10
1771,26,117,6,23387.1,2023-12-31,823.4,4.8413,23917.96,-530.86,-2.27,2023,12,2023-12
1796,40,88,13,628374.0,2024-10-28,9896.1,5.6988,733146.63,-104772.63,-16.67,2024,10,2024-10
1810,9,48,8,117891.0,2024-08-12,2940.57,5.4911,129175.71,-11284.71,-9.57,2024,8,2024-08
1817,12,51,15,962385.0,2023-12-30,12243.38,4.8413,889108.13,73276.87,7.61,2023,12,2023-12
1847,15,32,5,62512.0,2023-05-06,2585.66,4.9696,64248.48,-1736.48,-2.78,2023,5,2023-05
1877,48,81,2,244297.0,2023-01-17,23345.09,5.1203,239067.73,5229.27,2.14,2023,1,2023-01
1888,40,2,8,111985.0,2023-07-24,2829.74,4.7457,107432.78,4552.22,4.07,2023,7,2023-07
1922,27,150,8,12506.75,2024-01-28,326.88,4.9125,12846.38,-339.63,-2.72,2024,1,2024-01
1937,33,22,14,524723.0,2024-06-08,7630.67,5.2802,564080.49,-39357.49,-7.5,2024,6,2024-06
1949,32,116,11,26914.45,2024-02-12,502.24,4.9717,27466.85,-552.4,-2.05,2024,2,2024-02
1961,31,104,5,17636.75,2024-05-27,742.54,5.1704,19196.14,-1559.39,-8.84,2024,5,2024-05
1966,4,90,8,632779.0,2024-05-05,16081.27,5.0668,651844.63,-19065.63,-3.01,2024,5,2024-05
1985,40,59,10,828077.95,2023-07-28,16694.98,4.7253,788887.89,39190.06,4.73,2023,7,2023-07
2028,21,102,11,8694.4,2024-08-21,199.93,5.4707,12031.33,-3336.93,-38.38,2024,8,2024-08
2035,43,145,12,52198.0,2023-03-08,820.56,5.1387,50599.34,1598.66,3.06,2023,3,2023-03
2046,44,41,1,10600.0,2024-07-12,2005.71,5.4529,10936.94,-336.94,-3.18,2024,7,2024-07
2052,23,63,7,979704.0,2023-06-03,27618.14,4.9558,958089.85,21614.15,2.21,2023,6,2023-06
2057,30,6,4,44916.95,2023-03-12,2104.66,5.1822,43627.08,1289.87,2.87,2023,3,2023-03
2076,39,34,10,46716.25,2023-03-18,960.12,5.2679,50578.16,-3861.91,-8.27,2023,3,2023-03
2079,27,84,2,82505.6,2024-11-30,8456.45,6.0535,102382.24,-19876.64,-24.09,2024,11,2024-11
2083,10,53,8,429400.0,2024-06-05,11332.93,5.2841,479074.68,-49674.68,-11.57,2024,6,2024-06
2091,42,136,7,13123.3,2024-06-21,390.62,5.4416,14879.18,-1755.88,-13.38,2024,6,2024-06
2092,5,136,2,3749.65,2023-04-26,533.84,5.0585,5400.86,-1651.21,-44.04,2023,4,2023-04
2125,3,78,12,1388082.05,2024-08-09,24425.59,5.5115,1615459.67,-227377.62,-16.38,2024,8,2024-08
2147,21,140,1,3135.0,2023-11-06,586.81,4.8999,2875.31,259.69,8.28,2023,11,2023-11
2162,49,56,15,644832.0,2023-05-09,8087.59,5.0007,606654.17,38177.83,5.92,2023,5,2023-05
2193,47,86,12,1066164.1,2024-01-20,17824.79,4.9223,1052867.57,13296.53,1.25,2024,1,2024-01
2204,16,66,12,143317.0,2024-05-29,2360.29,5.1972,147202.79,-3885.79,-2.71,2024,5,2024-05
2209,25,121,7,24567.0,2024-09-15,747.93,5.5717,29170.69,-4603.69,-18.74,2024,9,2024-09
2218,24,98,3,226178.85,2024-04-24,15850.04,5.1592,245320.58,-19141.73,-8.46,2024,4,2024-04
2223,42,55,10,1044878.4,2023-07-29,23326.09,4.7253,1102227.73,-57349.33,-5.49,2023,7,2023-07
2238,37,98,5,376965.7,2024-03-18,15850.04,5.0124,397233.7,-20268.0,-5.38,2024,3,2024-03
2245,28,21,6,49786.65,2024-02-11,1674.22,4.9717,49942.32,-155.67,-0.31,2024,2,2024-02
2266,38,99,14,1501733.0,2024-02-20,21330.89,4.9408,1475483.26,26249.74,1.75,2024,2,2024-02
2277,44,97,14,1799956.45,2023-12-06,25607.88,4.9031,1757811.95,42144.5,2.34,2023,12,2023-12
2295,1,14,11,374225.9,2024-07-16,6832.87,5.4274,407931.91,-33706.01,-9.01,2024,7,2024-07
2309,26,23,13,138055.9,2024-07-01,2244.66,5.5893,163099.02,-25043.12,-18.14,2024,7,2024-07
2312,36,139,12,17099.0,2024-01-19,246.89,4.9223,14583.2,2515.8,14.71,2024,1,2024-01
2326,19,111,11,44781.1,2024-12-05,860.37,5.9849,56641.51,-11860.41,-26.49,2024,12,2024-12
2358,34,67,9,733495.95,2024-08-03,16720.73,5.7366,863281.26,-129785.31,-17.69,2024,8,2024-08
2361,13,29,4,146041.0,2024-08-26,7689.63,5.4921,168928.87,-22887.87,-15.67,2024,8,2024-08
2370,30,113,7,29226.75,2024-05-15,815.5,5.1423,29354.82,-128.07,-0.44,2024,5,2024-05
2385,21,43,14,491356.0,2024-06-22,6219.32,5.4416,473802.72,17553.28,3.57,2024,6,2024-06
2407,48,66,10,119430.2,2024-07-22,2297.7,5.5598,127747.52,-8317.32,-6.96,2024,7,2024-07
2446,7,96,11,776829.0,2024-05-09,14776.4,5.1577,838334.62,-61505.62,-7.92,2024,5,2024-05
2463,26,131,11,10599.0,2023-03-13,185.47,5.24,10690.49,-91.49,-0.86,2023,3,2023-03
2486,14,23,1,11179.0,2023-02-04,2108.74,5.103,10760.9,418.1,3.74,2023,2,2023-02
2528,5,132,15,23445.0,2024-06-18,314.46,5.4074,25506.17,-2061.17,-8.79,2024,6,2024-06
2543,22,116,8,20604.0,2024-02-09,502.24,4.9717,19975.89,628.11,3.05,2024,2,2024-02
2552,8,16,2,57011.4,2024-01-03,6212.42,4.9212,61145.12,-4133.72,-7.25,2024,1,2024-01
2558,14,72,2,189362.55,2024-04-22,30675.48,5.2043,319288.8,-129926.25,-68.61,2024,4,2024-04
2565,44,115,2,1661.0,2024-06-18,167.9,5.4074,1815.8,-154.8,-9.32,2024,6,2024-06
2566,46,132,7,10941.0,2023-11-01,276.61,5.0194,9718.91,1222.09,11.17,2023,11,2023-11
2567,11,8,10,49842.0,2024-10-28,947.05,5.6988,53970.49,-4128.49,-8.28,2024,10,2024-10
2581,29,116,4,10302.0,2023-10-02,502.24,5.0679,10181.21,120.79,1.17,2023,10,2023-10
2601,32,110,1,2371.2,2024-01-12,476.03,4.8543,2310.79,60.41,2.55,2024,1,2024-01
2613,42,87,12,802319.0,2024-05-17,13597.7,5.1157,834741.05,-32422.05,-4.04,2024,5,2024-05
2683,48,102,4,3161.6,2023-10-25,199.93,4.9981,3997.08,-835.48,-26.43,2023,10,2023-10
2691,6,103,2,3399.1,2024-10-20,326.91,5.6672,3705.33,-306.23,-9.01,2024,10,2024-10
2698,37,2,7,93087.65,2024-12-18,2829.74,6.1624,122065.93,-28978.28,-31.13,2024,12,2024-12
2718,6,109,8,4982.0,2023-07-31,169.23,4.7415,6419.23,-1437.23,-28.85,2023,7,2023-07
2725,24,65,1,25558.0,2024-05-26,4996.52,5.1508,25736.08,-178.08,-0.7,2024,5,2024-05
2727,31,10,4,128132.0,2024-07-02,6547.91,5.6677,148446.36,-20314.36,-15.85,2024,7,2024-07
2729,45,105,10,3095.0,2023-01-06,59.15,5.2855,3126.37,-31.37,-1.01,2023,1,2023-01
2746,32,22,13,487242.65,2024-01-21,7630.67,4.9223,488285.81,-1043.16,-0.21,2024,1,2024-01
2749,25,135,5,8223.0,2023-05-01,328.1,5.0007,8203.65,19.35,0.24,2023,5,2023-05
2766,40,80,15,1938358.0,2024-10-25,24177.04,5.6969,2066012.69,-127654.69,-6.59,2024,10,2024-10
2788,6,96,12,847450.0,2024-09-12,14776.4,5.6554,1002797.43,-155347.43,-18.33,2024,9,2024-09
2800,37,126,5,12715.75,2024-08-16,467.05,5.4632,12757.94,-42.19,-0.33,2024,8,2024-08
2804,6,93,4,401908.0,2023-12-07,19409.47,4.8949,380029.66,21878.34,5.44,2023,12,2023-12
2834,14,36,8,171770.45,2023-10-09,4733.87,5.1666,195664.1,-23893.65,-13.91,2023,10,2023-10
2882,30,12,4,10359.75,2024-06-19,527.97,5.4647,11540.79,-1181.04,-11.4,2024,6,2024-06
2898,45,111,4,17141.0,2023-05-03,821.82,5.0227,16511.02,629.98,3.68,2023,5,2023-05
2899,10,85,9,347208.0,2023-05-14,7499.89,4.9234,332324.63,14883.37,4.29,2023,5,2023-05
2903,22,42,5,29964.0,2023-08-04,1263.57,4.8609,30710.44,-746.44,-2.49,2023,8,2023-08
2931,13,12,5,12949.45,2024-02-10,527.97,4.9717,13124.54,-175.09,-1.35,2024,2,2024-02
2940,5,10,2,64066.0,2023-11-24,6547.91,4.8927,64073.92,-7.92,-0.01,2023,11,2023-11
2944,45,54,13,1579953.0,2024-11-24,23191.9,5.8124,1752407.79,-172454.79,-10.92,2024,11,2024-11
2960,37,143,1,4214.2,2024-08-29,896.83,5.6358,5054.35,-840.15,-19.94,2024,8,2024-08
2993,35,59,12,993694.3,2024-02-22,17882.07,4.9419,1060456.82,-66762.52,-6.72,2024,2,2024-02
2994,1,137,9,28945.55,2023-03-25,619.79,5.2921,29519.92,-574.37,-1.98,2023,3,2023-03
3010,22,29,2,69369.95,2024-12-22,7689.63,6.078,93475.14,-24105.19,-34.75,2024,12,2024-12
3033,31,18,9,227194.4,2023-06-23,4834.43,4.7799,207972.83,19221.57,8.46,2023,6,2023-06
3058,17,79,6,377036.95,2024-11-10,11873.21,5.7648,410680.09,-33643.14,-8.92,2024,11,2024-11
3062,8,43,3,100026.45,2023-07-22,6219.32,4.7732,89058.17,10968.28,10.97,2023,7,2023-07
3111,16,2,11,153980.0,2023-03-14,2577.22,5.2362,148443.23,5536.77,3.6,2023,3,2023-03
3155,18,136,12,22497.9,2023-09-09,533.84,4.9835,31924.7,-9426.8,-41.9,2023,9,2023-09
3158,22,14,4,136081.8,2024-04-25,6767.66,5.1679,139898.36,-3816.56,-2.8,2024,4,2024-04
3170,20,4,1,3382.0,2024-07-02,679.13,5.6677,3849.11,-467.11,-13.81,2024,7,2024-07
3172,26,44,10,102664.6,2023-11-30,1963.02,4.9355,96884.85,5779.75,5.63,2023,11,2023-11
3177,24,7,10,185428.6,2023-02-22,3678.62,5.173,190295.01,-4866.41,-2.62,2023,2,2023-02
3199,24,145,11,47848.0,2023-10-10,820.56,5.0862,45908.85,1939.15,4.05,2023,10,2023-10
3229,14,25,6,69121.05,2024-11-06,2139.99,5.7648,74019.69,-4898.64,-7.09,2024,11,2024-11
3234,6,62,4,408888.0,2024-06-17,20000.78,5.413,433056.89,-24168.89,-5.91,2024,6,2024-06
3236,23,103,6,10735.0,2024-03-09,341.7,4.9751,10199.95,535.05,4.98,2024,3,2024-03
3237,46,1,13,409063.35,2023-06-02,6360.91,4.9558,409804.17,-740.82,-0.18,2023,6,2023-06
3242,36,83,2,269608.0,2024-12-31,35839.7,6.1923,443860.35,-174252.35,-64.63,2024,12,2024-12
3251,34,128,9,41856.0,2023-11-17,853.09,4.8849,37505.33,4350.67,10.39,2023,11,2023-11
3306,46,99,9,965400.0,2024-09-27,18977.86,5.4431,929685.51,35714.49,3.7,2024,9,2024-09
3322,29,6,15,168437.85,2023-10-29,2104.66,4.948,156207.87,12229.98,7.26,2023,10,2023-10
3334,45,108,4,13382.0,2023-11-30,688.83,4.9355,13598.88,-216.88,-1.62,2023,11,2023-11
3339,3,124,11,39395.55,2023-11-13,725.63,4.9247,39308.61,86.94,0.22,2023,11,2023-11
3361,37,65,14,357808.0,2023-10-24,5225.24,5.0065,366242.3,-8434.3,-2.36,2023,10,2023-10
3366,49,60,1,103313.45,2023-11-15,22190.02,4.8682,108025.46,-4712.01,-4.56,2023,11,2023-11
3381,37,36,3,67804.0,2024-11-27,4476.41,5.8291,78280.32,-10476.32,-15.45,2024,11,2024-11
3383,48,23,7,78250.0,2024-02-23,2108.74,4.9851,73585.96,4664.04,5.96,2024,2,2024-02
3402,23,125,12,38783.75,2023-01-24,630.46,5.1696,39110.71,-326.96,-0.84,2023,1,2023-01
3409,41,39,6,168907.15,2023-02-12,5270.87,5.2526,166114.63,2792.52,1.65,2023,2,2023-02
3427,29,112,3,6543.0,2023-04-17,398.23,4.9421,5904.28,638.72,9.76,2023,4,2023-04
3433,41,26,9,155549.0,2023-06-04,3412.88,4.9558,152221.96,3327.04,2.14,2023,6,2023-06
3445,49,94,14,570512.0,2023-08-15,8022.13,4.9812,559437.68,11074.32,1.94,2023,8,2023-08
3471,36,91,13,1753518.0,2023-02-23,26303.31,5.133,1755193.57,-1675.57,-0.1,2023,2,2023-02
3527,4,40,11,156024.0,2023-05-07,2757.45,4.9696,150737.66,5286.34,3.39,2023,5,2023-05
3531,12,95,2,139616.0,2024-02-05,12945.63,5.0053,129593.52,10022.48,7.18,2024,2,2024-02
3534,44,30,5,153177.05,2023-11-27,6558.44,4.8951,160521.1,-7344.05,-4.79,2023,11,2023-11
3543,10,63,5,699788.0,2024-02-27,27618.14,4.9575,684584.65,15203.35,2.17,2024,2,2024-02
3559,11,8,1,4984.0,2024-09-30,947.05,5.4481,5159.62,-175.62,-3.52,2024,9,2024-09
3568,37,25,8,97012.0,2023-05-21,2389.36,4.9858,95302.97,1709.03,1.76,2023,5,2023-05
3579,42,54,13,1579953.0,2023-10-27,23191.9,4.948,1491795.78,88157.22,5.58,2023,10,2023-10
3587,21,133,9,17034.0,2024-11-19,381.67,5.7743,19834.89,-2800.89,-16.44,2024,11,2024-11
3607,2,12,3,8179.0,2024-03-17,527.97,4.9937,7909.57,269.43,3.29,2024,3,2024-03
3618,34,111,4,16283.95,2024-04-26,860.37,5.1184,17614.87,-1330.92,-8.17,2024,4,2024-04
3653,23,43,2,70194.0,2024-11-22,6219.32,5.8124,72298.35,-2104.35,-3.0,2024,11,2024-11
3685,25,6,15,177303.0,2024-11-08,2172.43,5.7648,187854.37,-10551.37,-5.95,2024,11,2024-11
3691,45,67,1,85789.0,2024-06-19,16720.73,5.4647,91373.77,-5584.77,-6.51,2024,6,2024-06
3712,29,54,2,243070.0,2023-10-30,23191.9,5.0074,232262.24,10807.76,4.45,2023,10,2023-10
3724,29,99,5,509516.35,2024-02-11,21330.89,4.9717,530253.93,-20737.58,-4.07,2024,2,2024-02
3738,36,103,10,17892.0,2024-03-14,341.7,4.9768,17005.73,886.27,4.95,2024,3,2024-03
3764,39,103,7,12524.0,2023-12-05,341.7,4.9522,11845.17,678.83,5.42,2023,12,2023-12
3778,4,13,15,110395.7,2023-01-30,1356.5,5.0959,103688.83,6706.87,6.08,2023,1,2023-01
3793,22,4,2,6425.8,2023-02-01,654.31,5.0721,6637.45,-211.65,-3.29,2023,2,2023-02
3804,40,61,9,239559.6,2024-12-05,5102.18,5.9849,274824.33,-35264.73,-14.72,2024,12,2024-12
3835,41,13,15,116206.0,2023-04-04,1356.5,5.0762,103287.98,12918.02,11.12,2023,4,2023-04
3845,35,143,9,37931.6,2024-03-01,896.83,4.9596,40031.26,-2099.66,-5.54,2024,3,2024-03
3866,28,150,15,24685.0,2024-04-17,332.26,5.2469,26150.02,-1465.02,-5.93,2024,4,2024-04
3895,29,49,4,50404.15,2024-10-24,2352.61,5.7087,53721.38,-3317.23,-6.58,2024,10,2024-10
3911,39,76,15,2222973.0,2023-08-07,27945.06,4.901,2054381.09,168591.91,7.58,2023,8,2023-08
3930,2,132,13,19303.05,2024-12-13,314.46,6.04,24691.4,-5388.35,-27.91,2024,12,2024-12
3940,9,16,8,228045.6,2024-08-12,5491.48,5.4911,241234.13,-13188.53,-5.78,2024,8,2024-08
3980,29,52,4,52075.2,2023-08-16,2634.69,4.9772,52453.52,-378.32,-0.73,2023,8,2023-08
3987,6,14,7,238144.1,2024-07-27,6832.87,5.6465,270072.6,-31928.5,-13.41,2024,7,2024-07
4036,23,8,8,39873.0,2024-06-16,947.05,5.363,40632.23,-759.23,-1.9,2024,6,2024-06
4048,26,34,2,9343.25,2024-05-10,951.66,5.1464,9795.25,-452.0,-4.84,2024,5,2024-05
4049,43,69,5,226325.0,2023-09-16,9219.51,4.8689,224444.36,1880.64,0.83,2023,9,2023-09
4082,31,130,14,58017.0,2024-02-26,859.48,4.9819,59945.81,-1928.81,-3.32,2024,2,2024-02
4084,32,60,10,1033135.45,2024-06-18,22370.78,5.4074,1209677.56,-176542.11,-17.09,2024,6,2024-06
4093,36,117,12,46774.2,2024-03-22,823.4,4.9897,49302.23,-2528.03,-5.4,2024,3,2024-03
4098,16,95,7,488656.0,2023-06-27,12945.63,4.7903,434094.16,54561.84,11.17,2023,6,2023-06
4145,32,76,12,1778379.0,2024-05-21,28642.87,5.1037,1754215.39,24163.61,1.36,2024,5,2024-05
4183,46,46,12,59805.0,2024-09-16,1000.64,5.5207,66290.8,-6485.8,-10.84,2024,9,2024-09
4185,33,110,9,21337.0,2024-11-11,443.85,5.798,23160.98,-1823.98,-8.55,2024,11,2024-11
4201,36,103,4,7157.0,2024-05-10,341.7,5.1464,7034.1,122.9,1.72,2024,5,2024-05
4203,10,104,1,3527.35,2024-10-11,742.54,5.6263,4177.75,-650.4,-18.44,2024,10,2024-10
4216,45,116,5,12878.0,2024-10-19,502.24,5.6672,14231.47,-1353.47,-10.51,2024,10,2024-10
4241,40,126,15,40156.0,2023-10-25,467.05,4.9981,35015.44,5140.56,12.8,2023,10,2023-10
4261,6,50,5,53561.0,2023-06-06,2179.61,4.9292,53718.67,-157.67,-0.29,2023,6,2023-06
4271,6,58,9,930449.95,2024-02-27,20157.55,4.9575,899379.49,31070.46,3.34,2024,2,2024-02
4272,32,37,12,72813.0,2023-05-05,1181.71,4.9696,70471.51,2341.49,3.22,2023,5,2023-05
4284,46,60,1,103313.45,2023-07-23,19341.09,4.7732,92318.89,10994.56,10.64,2023,7,2023-07
4289,1,144,5,10517.45,2023-06-02,422.52,4.9558,10469.62,47.83,0.45,2023,6,2023-06
4326,2,126,8,21416.0,2023-04-04,467.05,5.0762,18966.71,2449.29,11.44,2023,4,2023-04
4335,29,142,11,9091.0,2024-02-08,169.88,4.9804,9306.77,-215.77,-2.37,2024,2,2024-02
4336,4,12,13,33668.0,2024-01-16,527.97,4.9038,33657.77,10.23,0.03,2024,1,2024-01
4337,9,98,13,980110.25,2024-11-29,15850.04,6.0535,1247326.82,-267216.57,-27.26,2024,11,2024-11
4396,46,71,2,260348.0,2024-04-06,27484.92,5.052,277707.63,-17359.63,-6.67,2024,4,2024-04
4403,3,75,10,311299.8,2023-08-03,6193.58,4.8797,302228.12,9071.68,2.91,2023,8,2023-08
4429,3,82,1,49052.3,2024-05-01,9770.29,5.1718,50529.99,-1477.69,-3.01,2024,5,2024-05
4430,24,138,7,27816.95,2023-03-24,826.61,5.2921,30621.52,-2804.57,-10.08,2023,3,2023-03
4447,33,43,1,33342.15,2024-12-23,6219.32,6.1612,38318.47,-4976.32,-14.93,2024,12,2024-12
4461,11,95,15,994764.95,2024-04-14,12945.63,5.1364,997409.01,-2644.06,-0.27,2024,4,2024-04
4483,2,108,9,30110.0,2024-12-16,688.83,6.0509,37512.37,-7402.37,-24.58,2024,12,2024-12
4485,21,134,8,35853.95,2024-11-12,948.15,5.7694,43762.05,-7908.1,-22.06,2024,11,2024-11
4491,14,60,5,543755.0,2024-09-03,19786.24,5.6224,556230.78,-12475.78,-2.29,2024,9,2024-09
4542,33,6,8,94562.0,2024-11-11,2172.43,5.798,100765.99,-6203.99,-6.56,2024,11,2024-11
4557,29,54,6,692748.55,2024-07-29,23191.9,5.6479,785913.19,-93164.64,-13.45,2024,7,2024-07
4562,19,37,14,80700.6,2024-02-11,1211.89,4.9717,84352.15,-3651.55,-4.52,2024,2,2024-02
4567,37,21,5,41489.35,2024-07-22,1689.08,5.5598,46954.73,-5465.38,-13.17,2024,7,2024-07
4573,27,49,5,63004.95,2023-08-28,2627.0,4.8938,64280.06,-1275.11,-2.02,2023,8,2023-08
4583,14,148,13,62212.0,2024-01-27,979.78,4.9125,62571.2,-359.2,-0.58,2024,1,2024-01
4592,45,139,13,18523.0,2023-09-25,246.89,4.9606,15921.39,2601.61,14.05,2023,9,2023-09
4602,47,131,13,12527.0,2024-09-30,175.62,5.4481,12438.34,88.66,0.71,2024,9,2024-09
4641,16,128,7,30927.25,2024-11-19,853.09,5.7743,34481.98,-3554.73,-11.49,2024,11,2024-11
4688,29,121,5,17547.45,2023-06-11,746.8,4.8922,18267.47,-720.02,-4.1,2023,6,2023-06
4718,32,110,5,11854.1,2024-08-16,476.03,5.4632,13003.24,-1149.14,-9.69,2024,8,2024-08
4721,15,123,7,18467.05,2023-12-30,535.37,4.8413,18143.21,323.84,1.75,2023,12,2023-12
4770,28,124,4,14326.0,2023-01-02,719.16,5.3436,15371.61,-1045.61,-7.3,2023,1,2023-01
4772,2,21,9,78611.0,2023-06-26,1674.22,4.7698,71871.25,6739.75,8.57,2023,6,2023-06
4775,6,55,15,1649808.0,2024-03-01,22138.68,4.9596,1646984.96,2823.04,0.17,2024,3,2024-03
4799,49,76,10,1481982.0,2023-12-05,27945.06,4.9522,1383895.26,98086.74,6.62,2023,12,2023-12
4808,46,126,2,5354.0,2024-04-06,467.05,5.052,4719.07,634.93,11.86,2024,4,2024-04
4835,49,60,14,1446389.25,2024-07-22,22370.78,5.5598,1741278.88,-294889.63,-20.39,2024,7,2024-07
4844,22,5,12,284028.0,2023-11-01,4752.24,5.0194,286240.72,-2212.72,-0.78,2023,11,2023-11
4850,22,25,5,57600.4,2024-05-31,2430.59,5.2416,63700.9,-6100.5,-10.59,2024,5,2024-05
4856,10,113,7,29226.75,2024-11-02,777.57,5.8073,31609.08,-2382.33,-8.15,2024,11,2024-11
4862,14,85,6,219898.4,2024-02-01,7885.27,4.935,233482.84,-13584.44,-6.18,2024,2,2024-02
4871,2,95,6,397905.6,2023-05-28,12945.63,5.0114,389254.38,8651.22,2.17,2023,5,2023-05
4884,17,16,7,210042.0,2023-07-07,5615.94,4.8799,191836.58,18205.42,8.67,2023,7,2023-07
4893,6,120,2,5936.55,2024-05-05,635.45,5.0668,6439.4,-502.85,-8.47,2024,5,2024-05
4901,4,112,9,18647.55,2024-03-27,435.58,4.9856,19544.65,-897.1,-4.81,2024,3,2024-03
4942,21,80,12,1550686.0,2023-09-04,24177.04,4.9176,1426716.14,123969.86,7.99,2023,9,2023-09
4954,45,42,1,5693.35,2024-07-29,1263.57,5.6479,7136.52,-1443.17,-25.35,2024,7,2024-07
4958,19,130,9,35432.15,2024-02-01,859.48,4.935,38173.8,-2741.65,-7.74,2024,2,2024-02
5033,47,131,11,10599.0,2024-10-11,175.62,5.6263,10869.0,-270.0,-2.55,2024,10,2024-10
5039,37,127,8,12395.0,2023-05-02,296.24,5.0334,11928.76,466.24,3.76,2023,5,2023-05
5049,42,88,4,183678.7,2023-08-08,9954.59,4.9217,195974.02,-12295.32,-6.69,2023,8,2023-08
5054,33,74,14,1151229.0,2023-04-04,22250.99,5.0762,1581306.66,-430077.66,-37.36,2023,4,2023-04
5065,37,94,9,348420.1,2023-12-16,8022.13,4.9397,356642.24,-8222.14,-2.36,2023,12,2023-12
5079,1,41,8,84800.0,2024-10-12,1944.42,5.6263,87519.12,-2719.12,-3.21,2024,10,2024-10
5086,39,105,8,2476.0,2024-03-21,62.64,4.9807,2495.93,-19.93,-0.8,2024,3,2024-03
5103,41,70,2,68711.0,2023-01-26,6655.06,5.0951,67816.39,894.61,1.3,2023,1,2023-01
5114,22,8,4,19937.0,2024-02-04,1006.07,4.9471,19908.52,28.48,0.14,2024,2,2024-02
5140,22,89,1,78678.0,2023-05-09,14832.32,5.0007,74171.98,4506.02,5.73,2023,5,2023-05
5152,21,147,15,45451.0,2023-11-17,592.19,4.8849,43391.83,2059.17,4.53,2023,11,2023-11
5163,8,22,10,394529.0,2024-05-03,7630.67,5.0668,386630.79,7898.21,2.0,2024,5,2024-05
5178,22,9,6,238233.0,2023-05-18,7933.96,4.9647,236338.39,1894.61,0.8,2023,5,2023-05
5181,43,6,11,123520.9,2023-06-16,2104.66,4.8286,111788.17,11732.73,9.5,2023,6,2023-06
5189,29,84,2,82505.6,2024-05-12,8951.16,5.1464,92132.5,-9626.9,-11.67,2024,5,2024-05
5210,41,55,5,522439.2,2024-02-15,22138.68,4.971,550256.89,-27817.69,-5.32,2024,2,2024-02
5220,17,120,11,32650.55,2023-07-09,586.85,4.8799,31501.46,1149.09,3.52,2023,7,2023-07
5260,12,73,3,429480.0,2024-06-12,28694.54,5.3891,463913.24,-34433.24,-8.02,2024,6,2024-06
5282,29,102,4,3161.6,2024-04-08,199.93,5.0421,4032.27,-870.67,-27.54,2024,4,2024-04
5310,46,31,4,33132.0,2023-05-09,2418.07,5.0007,48368.17,-15236.17,-45.99,2023,5,2023-05
5320,4,136,5,9868.0,2024-06-09,390.62,5.2802,10312.76,-444.76,-4.51,2024,6,2024-06
5326,18,112,13,28352.0,2023-03-29,398.23,5.1493,26657.87,1694.13,5.98,2023,3,2023-03
5334,27,65,12,291357.4,2023-05-24,5008.66,4.9474,297358.13,-6000.73,-2.06,2023,5,2023-05
5350,38,123,8,21106.15,2024-09-04,535.37,5.6359,24138.33,-3032.18,-14.37,2024,9,2024-09
5363,5,76,7,1037388.0,2023-05-21,27945.06,4.9858,975299.36,62088.64,5.99,2023,5,2023-05
5412,38,74,2,164461.15,2023-11-14,17160.36,4.8682,167080.13,-2618.98,-1.59,2023,11,2023-11
5415,31,79,6,377036.95,2023-08-05,11724.63,4.8609,341953.52,35083.43,9.31,2023,8,2023-08
5429,37,67,7,570496.85,2023-06-14,16720.73,4.8462,567224.01,3272.84,0.57,2023,6,2023-06
5441,48,57,9,1069115.0,2024-05-17,23810.02,5.1157,1096244.27,-27129.27,-2.54,2024,5,2024-05
5445,32,47,11,67353.0,2024-10-22,1116.66,5.6958,69962.99,-2609.99,-3.88,2024,10,2024-10
5474,37,46,10,47346.1,2023-09-20,1000.64,4.8487,48518.03,-1171.93,-2.48,2023,9,2023-09
5480,39,131,2,1927.0,2024-01-29,196.2,4.9225,1931.59,-4.59,-0.24,2024,1,2024-01
5489,38,16,4,120024.0,2024-11-25,5491.48,5.8002,127406.73,-7382.73,-6.15,2024,11,2024-11
5532,7,84,7,303967.0,2024-10-10,8456.45,5.5819,330421.41,-26454.41,-8.7,2024,10,2024-10
5538,38,122,10,12563.75,2024-12-04,271.3,6.0581,16435.63,-3871.88,-30.82,2024,12,2024-12
5548,40,41,1,10070.0,2023-06-12,2005.71,4.8832,9794.28,275.72,2.74,2023,6,2023-06
5556,49,112,8,16575.6,2023-08-19,398.23,4.9724,15841.27,734.33,4.43,2023,8,2023-08
5557,15,87,8,534879.0,2023-08-04,11794.37,4.8609,458650.03,76228.97,14.25,2023,8,2023-08
5588,45,70,13,446621.0,2023-03-23,6655.06,5.2632,455349.85,-8728.85,-1.95,2023,3,2023-03
5598,46,50,6,67656.0,2024-09-23,2378.45,5.5446,79125.32,-11469.32,-16.95,2024,9,2024-09
5627,34,9,7,264041.1,2024-12-02,7258.64,6.0634,308084.26,-44043.16,-16.68,2024,12,2024-12
5631,36,91,3,384425.1,2023-12-30,27671.77,4.8413,401902.02,-17476.92,-4.55,2023,12,2023-12
5632,49,119,1,3093.2,2023-02-05,625.1,5.103,3189.89,-96.69,-3.13,2023,2,2023-02
5658,3,128,1,4651.0,2024-05-29,853.09,5.1972,4433.68,217.32,4.67,2024,5,2024-05
5675,29,62,3,306666.0,2024-07-18,20000.78,5.5426,332568.97,-25902.97,-8.45,2024,7,2024-07
5679,44,148,15,68193.85,2023-11-09,948.22,4.9007,69704.13,-1510.28,-2.21,2023,11,2023-11
5688,33,49,2,25201.6,2023-08-05,2627.0,4.8609,25539.17,-337.57,-1.34,2023,8,2023-08
5725,40,46,10,47346.1,2023-11-28,1000.64,4.8867,48898.27,-1552.17,-3.28,2023,11,2023-11
5730,29,121,6,22166.0,2023-07-27,746.8,4.7202,21150.27,1015.73,4.58,2023,7,2023-07
5733,10,103,7,11897.8,2023-03-23,341.7,5.2632,12589.05,-691.25,-5.81,2023,3,2023-03
5745,33,51,15,962385.0,2024-07-19,12243.38,5.5543,1020051.08,-57666.08,-5.99,2024,7,2024-07
5757,26,30,10,306355.05,2023-01-26,5636.75,5.0951,287198.05,19157.0,6.25,2023,1,2023-01
5818,23,50,5,56380.0,2023-09-11,2378.45,4.9366,58707.28,-2327.28,-4.13,2023,9,2023-09
5820,48,103,2,3399.1,2023-07-25,341.7,4.7496,3245.88,153.22,4.51,2023,7,2023-07
5850,39,26,1,17283.0,2023-04-08,3412.88,5.0683,17297.5,-14.5,-0.08,2023,4,2023-04
5881,9,32,11,137527.0,2023-12-07,2560.62,4.8949,137873.77,-346.77,-0.25,2023,12,2023-12
5892,15,25,9,103681.1,2024-01-16,2478.48,4.9038,109385.73,-5704.63,-5.5,2024,1,2024-01
5914,36,98,8,603144.55,2024-03-21,15850.04,4.9807,631554.35,-28409.8,-4.71,2024,3,2024-03
5936,14,93,14,1336344.1,2024-02-08,19409.47,4.9804,1353336.94,-16992.84,-1.27,2024,2,2024-02
5953,37,72,7,662769.4,2023-01-18,30675.48,5.0909,1093160.61,-430391.21,-64.94,2023,1,2023-01
5969,9,70,9,309199.0,2024-01-09,6655.06,4.8937,293110.8,16088.2,5.2,2024,1,2024-01
5971,45,85,1,36650.05,2024-04-23,7885.27,5.1626,40708.49,-4058.44,-11.07,2024,4,2024-04
5981,42,6,2,23640.0,2023-11-26,2104.66,4.8927,20594.94,3045.06,12.88,2023,11,2023-11
5990,23,138,4,15895.4,2024-10-10,836.88,5.5819,18685.52,-2790.12,-17.55,2024,10,2024-10
6003,44,73,13,1861079.0,2023-02-11,27541.35,5.2526,1880628.04,-19549.04,-1.05,2023,2,2023-02
6037,39,71,10,1236653.95,2024-11-23,23100.17,5.8124,1342674.28,-106020.33,-8.57,2024,11,2024-11
6051,19,86,5,467616.0,2023-08-06,17824.79,4.8609,433222.61,34393.39,7.36,2023,8,2023-08
6058,9,108,13,43492.0,2023-04-19,653.47,5.0467,42872.27,619.73,1.42,2023,4,2023-04
6085,30,136,15,28121.9,2024-01-12,390.62,4.8543,28442.8,-320.9,-1.14,2024,1,2024-01
6097,39,11,15,543479.0,2024-10-11,7246.24,5.6263,611542.8,-68063.8,-12.52,2024,10,2024-10
6119,16,116,13,33482.0,2023-08-09,502.24,4.9015,32002.48,1479.52,4.42,2023,8,2023-08
6137,21,124,11,39395.55,2023-11-28,725.63,4.8867,39005.3,390.25,0.99,2023,11,2023-11
6149,1,64,8,847441.8,2023-07-18,21352.22,4.804,820608.52,26833.28,3.17,2023,7,2023-07
6150,11,147,14,42421.0,2024-06-14,592.19,5.363,44462.81,-2041.81,-4.81,2024,6,2024-06
6166,11,29,7,242793.4,2024-06-05,7689.63,5.2841,284429.42,-41636.02,-17.15,2024,6,2024-06
6196,47,52,15,195283.9,2024-04-10,2634.69,5.0654,200186.38,-4902.48,-2.51,2024,4,2024-04
6206,36,117,9,35080.65,2024-01-26,823.4,4.9125,36404.57,-1323.92,-3.77,2024,1,2024-01
6246,49,95,3,209424.0,2024-12-06,12945.63,6.0293,234159.26,-24735.26,-11.81,2024,12,2024-12
6262,48,139,13,18523.0,2024-12-17,246.89,6.1685,19798.23,-1275.23,-6.88,2024,12,2024-12
6280,24,10,10,320330.0,2023-12-30,6547.91,4.8413,317003.97,3326.03,1.04,2023,12,2023-12
6304,38,40,3,42552.0,2023-06-21,2757.45,4.7795,39537.7,3014.3,7.08,2023,6,2023-06
6312,16,62,5,511110.0,2023-08-21,20000.78,4.9847,498489.44,12620.56,2.47,2023,8,2023-08
6315,26,120,8,24996.0,2023-08-02,586.85,4.8083,22574.01,2421.99,9.69,2023,8,2023-08
6317,6,54,3,364604.0,2024-09-20,23191.9,5.4775,381100.9,-16496.9,-4.52,2024,9,2024-09
6333,18,129,6,18617.15,2023-08-28,598.62,4.8938,17577.16,1039.99,5.59,2023,8,2023-08
6335,5,87,10,668599.0,2024-08-02,13597.7,5.7366,780045.66,-111446.66,-16.67,2024,8,2024-08
6348,44,48,1,13999.2,2024-11-02,2605.99,5.8073,15133.77,-1134.57,-8.1,2024,11,2024-11
6365,32,17,4,53347.25,2023-12-04,2833.14,4.9091,55632.67,-2285.42,-4.28,2023,12,2023-12
6371,16,35,11,115007.95,2023-06-12,2106.85,4.8832,113169.87,1838.08,1.6,2023,6,2023-06
6376,46,82,14,722877.0,2023-11-10,9770.29,4.9219,673237.46,49639.54,6.87,2023,11,2023-11
6392,28,141,12,54512.9,2023-11-05,955.42,4.891,56075.51,-1562.61,-2.87,2023,11,2023-11
6424,46,134,11,51894.0,2024-10-14,948.15,5.6045,58452.97,-6558.97,-12.64,2024,10,2024-10
6444,22,25,12,138242.1,2023-08-25,2389.36,4.8772,139840.64,-1598.54,-1.16,2023,8,2023-08
6469,48,8,5,24921.0,2023-04-10,947.09,5.0834,24072.19,848.81,3.41,2023,4,2023-04
6497,11,137,5,16927.0,2023-03-12,619.79,5.1822,16059.38,867.62,5.13,2023,3,2023-03
6518,46,75,2,65537.0,2024-01-03,6193.58,4.9212,60959.69,4577.31,6.98,2024,1,2024-01
6537,33,136,3,5624.0,2023-04-09,533.84,5.0683,8116.98,-2492.98,-44.33,2023,4,2023-04
6555,23,79,6,396881.0,2024-09-14,11873.21,5.5717,396923.78,-42.78,-0.01,2024,9,2024-09
6557,32,113,10,43950.0,2024-04-14,815.5,5.1364,41887.34,2062.66,4.69,2024,4,2024-04
6566,10,61,3,79853.2,2023-02-07,5396.92,5.1695,83698.13,-3844.93,-4.82,2023,2,2023-02
6571,13,3,11,94302.7,2024-11-24,1753.77,5.8124,112129.74,-17827.04,-18.9,2024,11,2024-11
6573,48,79,10,628394.6,2024-09-26,11873.21,5.4412,646045.1,-17650.5,-2.81,2024,9,2024-09
6603,7,85,14,513096.9,2024-04-13,7885.27,5.1364,567026.61,-53929.71,-10.51,2024,4,2024-04
6615,3,18,14,353413.3,2024-12-05,5265.1,5.9849,441155.36,-87742.06,-24.83,2024,12,2024-12
6636,40,58,6,620300.6,2023-03-06,20157.55,5.197,628552.72,-8252.12,-1.33,2023,3,2023-03
6659,9,81,5,610742.0,2023-10-26,23345.09,5.0055,584269.24,26472.76,4.33,2023,10,2023-10
6674,39,110,1,2371.2,2024-07-22,476.03,5.5598,2646.63,-275.43,-11.62,2024,7,2024-07
6680,48,16,3,85517.1,2024-03-26,6212.42,4.987,92944.02,-7426.92,-8.68,2024,3,2024-03
6707,27,137,2,6432.45,2024-11-21,673.98,5.8173,7841.49,-1409.04,-21.91,2024,11,2024-11
6725,26,119,3,9767.0,2024-06-06,669.88,5.2681,10586.98,-819.98,-8.4,2024,6,2024-06
6753,18,22,2,78906.0,2023-08-30,7630.67,4.8653,74251.0,4655.0,5.9,2023,8,2023-08
6781,3,110,4,9482.9,2024-11-05,443.85,5.7846,10269.98,-787.08,-8.3,2024,11,2024-11
6784,13,139,4,5415.0,2023-04-28,246.89,5.0007,4938.49,476.51,8.8,2023,4,2023-04
6787,1,11,14,481884.65,2023-08-27,7246.24,4.8772,494779.06,-12894.41,-2.68,2023,8,2023-08
6808,20,133,13,24605.0,2023-04-05,348.47,5.0447,22853.05,1751.95,7.12,2023,4,2023-04
6856,19,118,4,17260.0,2023-03-25,797.41,5.2921,16879.89,380.11,2.2,2023,3,2023-03
6859,8,87,5,317585.0,2023-07-03,11794.37,4.7876,282333.63,35251.37,11.1,2023,7,2023-07
6872,5,136,10,18748.25,2023-03-17,533.84,5.2679,28122.16,-9373.91,-50.0,2023,3,2023-03
6883,39,83,2,256127.6,2023-01-29,35839.7,5.0767,363894.81,-107767.21,-42.08,2023,1,2023-01
6887,6,139,10,13536.55,2024-05-24,246.89,5.1508,12716.81,819.74,6.06,2024,5,2024-05
6891,23,139,14,19948.0,2023-03-14,246.89,5.2362,18098.72,1849.28,9.27,2023,3,2023-03
6900,23,18,5,132862.0,2023-04-07,4834.43,5.0683,122511.71,10350.29,7.79,2023,4,2023-04
6905,17,106,12,49987.1,2023-01-04,837.06,5.4459,54702.54,-4715.44,-9.43,2023,1,2023-01
6906,25,129,9,29396.0,2023-04-14,598.62,4.9455,26644.28,2751.72,9.36,2023,4,2023-04
6907,45,116,15,38633.0,2023-02-25,502.24,5.1791,39017.27,-384.27,-0.99,2023,2,2023-02
6916,4,130,7,27558.55,2024-05-30,826.87,5.1972,30081.86,-2523.31,-9.16,2024,5,2024-05
6920,20,91,1,128141.7,2024-11-22,27671.77,5.8124,160839.4,-32697.7,-25.52,2024,11,2024-11
6942,34,94,11,448259.0,2023-02-28,7181.14,5.2078,411377.35,36881.65,8.23,2023,2,2023-02
6949,32,17,3,40010.2,2023-05-11,2706.74,4.9696,40354.25,-344.05,-0.86,2023,5,2023-05
6984,40,147,2,5757.0,2023-08-31,592.19,4.9219,5829.4,-72.4,-1.26,2023,8,2023-08
7023,20,127,2,3099.0,2023-02-21,293.17,5.2012,3049.67,49.33,1.59,2023,2,2023-02
7029,18,34,13,60731.6,2024-09-29,951.66,5.4431,67339.75,-6608.15,-10.88,2024,9,2024-09
7063,33,88,3,137758.55,2023-09-11,9954.59,4.9366,147425.49,-9666.94,-7.02,2023,9,2023-09
7105,39,108,14,44496.1,2024-08-17,688.83,5.4632,52685.02,-8188.92,-18.4,2024,8,2024-08
7128,2,90,13,976851.75,2023-04-08,14083.78,5.0683,927950.69,48901.06,5.01,2023,4,2023-04
7149,4,55,4,439949.0,2024-10-02,22138.68,5.4305,480896.41,-40947.41,-9.31,2024,10,2024-10
7170,15,52,10,130188.95,2023-07-18,2634.69,4.804,126570.51,3618.44,2.78,2023,7,2023-07
7188,38,99,9,917130.0,2023-09-18,21330.89,4.8535,931765.27,-14635.27,-1.6,2023,9,2023-09
7198,25,113,11,48345.0,2024-02-27,815.5,4.9575,44471.25,3873.75,8.01,2024,2,2024-02
7204,7,2,2,26596.2,2023-07-22,2829.74,4.7732,27013.83,-417.63,-1.57,2023,7,2023-07
7206,5,60,4,413253.8,2023-06-18,19341.09,4.8286,373561.55,39692.25,9.6,2023,6,2023-06
7215,36,51,6,365706.3,2023-07-31,12243.38,4.7415,348311.92,17394.38,4.76,2023,7,2023-07
7222,42,112,3,6215.85,2023-04-23,398.23,5.0497,6032.83,183.02,2.94,2023,4,2023-04
7234,30,60,8,870009.0,2023-07-15,19341.09,4.7957,742032.52,127976.48,14.71,2023,7,2023-07
7258,19,35,5,55028.0,2023-09-12,2106.85,4.9505,52149.8,2878.2,5.23,2023,9,2023-09
7262,5,103,13,22096.05,2024-09-08,325.52,5.5702,23571.75,-1475.7,-6.68,2024,9,2024-09
7266,31,100,1,99370.0,2024-06-24,19807.28,5.4,106959.31,-7589.31,-7.64,2024,6,2024-06
7267,35,24,9,198635.5,2024-04-10,4129.65,5.0654,188264.96,10370.54,5.22,2024,4,2024-04
7274,38,123,11,30548.0,2024-02-02,535.37,4.9471,29133.82,1414.18,4.63,2024,2,2024-02
7278,36,105,10,3095.0,2024-03-01,62.64,4.9596,3106.69,-11.69,-0.38,2024,3,2024-03
7314,17,140,6,17866.65,2023-02-13,586.81,5.1834,18250.03,-383.38,-2.15,2023,2,2023-02
7336,25,31,11,91114.0,2023-06-10,2418.07,4.8922,130126.5,-39012.5,-42.82,2023,6,2023-06
7347,47,54,15,1823022.0,2023-11-16,23191.9,4.8575,1689819.81,133202.19,7.31,2023,11,2023-11
7349,33,144,11,23138.2,2023-08-21,422.52,4.9847,23167.49,-29.29,-0.13,2023,8,2023-08
7357,5,56,9,386899.0,2024-08-23,8087.59,5.5263,402250.04,-15351.04,-3.97,2024,8,2024-08
7361,11,89,9,672696.9,2024-06-06,14832.32,5.2681,703243.3,-30546.4,-4.54,2024,6,2024-06
7381,20,25,2,24253.0,2024-12-30,2139.99,6.1923,26502.92,-2249.92,-9.28,2024,12,2024-12
7384,33,141,5,22713.55,2023-09-06,962.15,4.9762,23939.25,-1225.7,-5.4,2023,9,2023-09
7425,3,48,5,69997.9,2023-07-11,2836.04,4.8949,69410.66,587.24,0.84,2023,7,2023-07
7445,32,25,2,23040.35,2024-06-01,2430.59,5.2416,25480.36,-2440.01,-10.59,2024,6,2024-06
7461,34,102,5,3952.0,2023-03-10,199.93,5.1822,5180.39,-1228.39,-31.08,2023,3,2023-03
7488,38,69,15,678975.0,2023-06-09,9219.51,4.8922,676555.3,2419.7,0.36,2023,6,2023-06
7516,21,23,14,148675.95,2024-07-25,2244.66,5.6402,177244.64,-28568.69,-19.22,2024,7,2024-07
7522,10,90,13,1028265.0,2024-12-29,14571.29,6.1991,1174275.49,-146010.49,-14.2,2024,12,2024-12
7525,25,57,9,1015659.25,2023-03-14,22497.79,5.2362,1060226.35,-44567.1,-4.39,2023,3,2023-03
7606,22,142,12,9421.15,2024-06-07,169.88,5.2802,10764.0,-1342.85,-14.25,2024,6,2024-06
7613,24,25,1,11519.7,2023-09-07,2389.36,4.9762,11889.93,-370.23,-3.21,2023,9,2023-09
7616,9,38,13,326795.25,2024-06-04,5439.42,5.2687,372562.74,-45767.49,-14.0,2024,6,2024-06
7620,19,13,3,22078.95,2024-05-25,1356.5,5.1508,20961.18,1117.77,5.06,2024,5,2024-05
7622,10,139,13,18523.0,2023-10-07,246.89,5.1918,16663.45,1859.55,10.04,2023,10,2023-10
7651,48,34,6,29505.0,2024-04-22,1022.84,5.2043,31939.0,-2434.0,-8.25,2024,4,2024-04
7653,18,97,7,899977.75,2024-09-17,25607.88,5.501,986082.64,-86104.89,-9.57,2024,9,2024-09
7667,22,44,4,41065.65,2023-09-12,1963.02,4.9505,38871.72,2193.93,5.34,2023,9,2023-09
7691,49,13,13,95676.4,2023-02-11,1356.5,5.2526,92626.97,3049.43,3.19,2023,2,2023-02
7703,11,33,12,76559.55,2024-10-18,1325.97,5.6672,90174.45,-13614.9,-17.78,2024,10,2024-10
7716,41,36,2,42942.85,2024-12-10,4476.41,6.0529,54190.52,-11247.67,-26.19,2024,12,2024-12
7733,18,17,1,14039.0,2023-12-22,2833.14,4.8619,13774.44,264.56,1.88,2023,12,2023-12
7736,35,19,5,82162.0,2024-12-13,3358.13,6.04,101415.53,-19253.53,-23.43,2024,12,2024-12
7765,30,22,2,74960.7,2023-01-01,7630.67,5.3436,81550.5,-6589.8,-8.79,2023,1,2023-01
7776,10,113,5,20876.25,2023-09-02,815.5,4.9318,20109.41,766.84,3.67,2023,9,2023-09
7780,34,30,15,459532.1,2024-08-09,6558.44,5.5115,542202.63,-82670.53,-17.99,2024,8,2024-08
7785,25,69,15,678975.0,2023-07-13,9219.51,4.8038,664330.23,14644.77,2.16,2023,7,2023-07
7789,9,68,4,267588.0,2024-10-20,13317.89,5.6672,301900.58,-34312.58,-12.82,2024,10,2024-10
7797,41,36,12,271217.0,2023-03-19,4221.25,5.2679,266845.47,4371.53,1.61,2023,3,2023-03
7798,36,110,2,4741.45,2024-07-08,476.03,5.472,5209.67,-468.22,-9.88,2024,7,2024-07
7800,26,30,10,306355.05,2023-03-28,5636.75,5.1733,291605.99,14749.06,4.81,2023,3,2023-03
7814,10,28,7,99810.0,2024-11-13,2776.74,5.7713,112177.8,-12367.8,-12.39,2024,11,2024-11
7840,20,75,7,217910.05,2024-06-27,6193.58,5.5229,239445.66,-21535.61,-9.88,2024,6,2024-06
7859,24,128,7,32555.0,2024-11-13,853.09,5.7713,34464.07,-1909.07,-5.86,2024,11,2024-11
7876,26,41,10,106000.0,2023-02-26,2005.71,5.1791,103877.73,2122.27,2.0,2023,2,2023-02
7902,10,64,14,1483024.1,2023-01-16,21352.22,5.1115,1527986.22,-44962.12,-3.03,2023,1,2023-01
7903,46,126,3,7629.45,2023-08-08,467.05,4.9217,6896.04,733.41,9.61,2023,8,2023-08
7907,5,1,9,298103.0,2023-06-04,6360.91,4.9558,283710.58,14392.42,4.83,2023,6,2023-06
7919,9,148,5,22731.6,2024-04-23,979.78,5.1626,25291.06,-2559.46,-11.26,2024,4,2024-04
7954,3,99,11,1179933.0,2023-05-12,21330.89,4.9234,1155225.54,24707.46,2.09,2023,5,2023-05
7992,20,60,8,870009.0,2024-12-16,19786.24,6.0509,957796.48,-87787.48,-10.09,2024,12,2024-12
8004,1,84,4,173696.0,2023-05-03,8663.64,5.0227,174059.46,-363.46,-0.21,2023,5,2023-05
8027,44,116,5,12234.1,2024-03-15,502.24,4.9937,12540.18,-306.08,-2.5,2024,3,2024-03
8069,4,126,11,29448.0,2024-08-26,467.05,5.4921,28215.94,1232.06,4.18,2024,8,2024-08
8078,17,92,10,844113.95,2024-03-28,16745.97,4.9962,836662.15,7451.8,0.88,2024,3,2024-03
8089,15,53,3,152973.75,2024-02-19,11332.93,4.9585,168583.0,-15609.25,-10.2,2024,2,2024-02
8137,17,77,12,509633.2,2023-12-22,8959.75,4.8619,522736.9,-13103.7,-2.57,2023,12,2023-12
8141,29,105,7,2058.65,2024-04-05,62.64,5.052,2215.2,-156.55,-7.6,2024,4,2024-04
8192,25,76,1,140788.1,2024-12-30,26819.81,6.1923,166076.31,-25288.21,-17.96,2024,12,2024-12
8213,42,96,12,805077.5,2023-05-05,13063.42,4.9696,779039.66,26037.84,3.23,2023,5,2023-05
8216,39,114,1,759.05,2024-10-17,152.46,5.6758,865.33,-106.28,-14.0,2024,10,2024-10
8224,11,40,1,13474.8,2024-01-23,2881.94,4.9715,14327.56,-852.76,-6.33,2024,1,2024-01
8232,28,95,2,132635.2,2024-11-02,12945.63,5.8073,150358.31,-17723.11,-13.36,2024,11,2024-11
8236,2,22,6,224881.15,2023-10-13,7630.67,5.0625,231781.6,-6900.45,-3.07,2023,10,2023-10
8271,49,126,6,15258.9,2024-01-08,467.05,4.885,13689.24,1569.66,10.29,2024,1,2024-01
8279,45,70,4,130550.9,2024-09-07,6083.51,5.5702,135545.47,-4994.57,-3.83,2024,9,2024-09
8282,20,14,11,393922.0,2024-07-14,6832.87,5.4529,409848.53,-15926.53,-4.04,2024,7,2024-07
8285,26,78,10,1156735.2,2024-03-07,25349.04,4.9364,1251330.01,-94594.81,-8.18,2024,3,2024-03
8295,35,106,13,57003.0,2024-06-20,918.37,5.4254,64772.82,-7769.82,-13.63,2024,6,2024-06
8304,26,85,13,501523.0,2023-08-26,7499.89,4.8772,475520.03,26002.97,5.18,2023,8,2023-08
8308,15,34,1,4672.1,2023-08-16,1022.84,4.9772,5090.88,-418.78,-8.96,2023,8,2023-08
8320,49,47,5,29084.25,2023-11-29,1496.29,4.8933,36608.98,-7524.73,-25.87,2023,11,2023-11
8357,24,66,6,75430.0,2024-05-23,2360.29,5.1443,72852.24,2577.76,3.42,2024,5,2024-05
8358,49,65,2,51115.0,2023-04-10,5008.66,5.0834,50922.04,192.96,0.38,2023,4,2023-04
8363,47,48,13,191573.0,2024-02-22,3020.3,4.9419,194038.27,-2465.27,-1.29,2024,2,2024-02
8369,9,125,5,17010.0,2024-03-09,646.27,4.9751,16076.29,933.71,5.49,2024,3,2024-03
8414,22,21,14,116169.8,2023-12-15,1674.22,4.9397,115782.02,387.78,0.33,2023,12,2023-12
8428,27,127,7,10302.75,2023-11-26,296.24,4.8927,10145.89,156.86,1.52,2023,11,2023-11
8449,48,60,10,1033135.45,2023-09-17,22190.02,4.8689,1080409.88,-47274.43,-4.58,2023,9,2023-09
8450,46,53,11,560903.75,2024-07-08,9656.73,5.472,581257.89,-20354.14,-3.63,2024,7,2024-07
8462,9,21,1,8298.25,2024-01-22,1674.22,4.949,8285.71,12.54,0.15,2024,1,2024-01
8467,13,34,10,49175.0,2023-12-05,1022.84,4.9522,50653.08,-1478.08,-3.01,2023,12,2023-12
8472,23,30,1,32248.0,2024-10-23,6558.44,5.7149,37480.83,-5232.83,-16.23,2024,10,2024-10
8473,35,124,7,25070.5,2024-06-13,725.63,5.3974,27415.61,-2345.11,-9.35,2024,6,2024-06
8482,33,104,9,33417.0,2023-04-14,742.54,4.9455,33050.08,366.92,1.1,2023,4,2023-04
8486,14,130,4,15747.2,2023-05-21,749.89,4.9858,14955.21,791.99,5.03,2023,5,2023-05
8506,4,91,4,512566.8,2024-05-17,27671.77,5.1157,566241.9,-53675.1,-10.47,2024,5,2024-05
8509,28,89,8,597952.8,2024-02-10,14832.32,4.9717,589934.76,8018.04,1.34,2024,2,2024-02
8514,44,72,8,757451.15,2024-02-24,30675.48,4.9851,1223362.68,-465911.53,-61.51,2024,2,2024-02
8531,8,23,6,67072.0,2024-10-13,2244.66,5.6263,75774.78,-8702.78,-12.98,2024,10,2024-10
8543,12,131,15,14454.0,2024-02-12,196.2,4.9717,14631.71,-177.71,-1.23,2024,2,2024-02
8544,43,130,7,27558.55,2024-11-07,752.23,5.6624,29815.99,-2257.44,-8.19,2024,11,2024-11
8550,19,1,5,157332.35,2023-02-18,6538.2,5.2012,170032.43,-12700.08,-8.07,2023,2,2023-02
8551,5,90,14,1107363.0,2023-09-13,14083.78,4.9171,969518.96,137844.04,12.45,2023,9,2023-09
8558,38,13,1,7359.65,2024-03-04,1356.5,4.9475,6711.28,648.37,8.81,2024,3,2024-03
8568,1,63,14,1959407.0,2024-10-18,27618.14,5.6672,2191245.32,-231838.32,-11.83,2024,10,2024-10
8576,32,24,13,286917.1,2023-11-17,4129.65,4.8849,262248.05,24669.05,8.6,2023,11,2023-11
8597,10,27,4,66046.0,2024-05-13,3051.23,5.1412,62747.93,3298.07,4.99,2024,5,2024-05
8640,25,126,14,35605.05,2024-11-17,467.05,5.7885,37849.26,-2244.21,-6.3,2024,11,2024-11
8648,36,74,8,657844.6,2023-03-10,22250.99,5.1822,922472.64,-264628.04,-40.23,2023,3,2023-03
8674,10,54,3,346373.8,2024-06-03,23191.9,5.2373,364388.81,-18015.01,-5.2,2024,6,2024-06
8686,18,93,12,1145437.8,2023-05-24,19409.47,4.9474,1152316.94,-6879.14,-0.6,2023,5,2023-05
8711,41,22,9,337322.2,2023-02-04,7630.67,5.103,350453.78,-13131.58,-3.89,2023,2,2023-02
8713,29,114,7,5315.25,2023-06-09,152.46,4.8922,5221.05,94.2,1.77,2023,6,2023-06
8717,39,44,15,153997.85,2023-08-18,1963.02,4.9724,146413.81,7584.04,4.92,2023,8,2023-08
8731,19,67,11,943680.0,2023-12-21,16720.73,4.8755,896741.11,46938.89,4.97,2023,12,2023-12
8736,23,13,2,15494.0,2024-01-01,1356.5,4.8413,13134.45,2359.55,15.23,2024,1,2024-01
8740,26,83,7,896445.65,2023-05-23,35839.7,4.9674,1246210.88,-349765.23,-39.02,2023,5,2023-05
8754,20,28,13,185361.0,2023-04-11,2723.39,5.0128,177473.52,7887.48,4.26,2023,4,2023-04
8798,37,90,7,553681.0,2024-06-07,16081.27,5.2802,594386.25,-40705.25,-7.35,2024,6,2024-06
8827,3,10,4,121725.4,2023-04-29,5615.0,5.0007,112315.72,9409.68,7.73,2023,4,2023-04
8843,3,67,12,977995.55,2024-06-06,16720.73,5.2681,1057037.73,-79042.18,-8.08,2024,6,2024-06
8844,16,62,13,1328886.0,2024-03-16,20000.78,4.9937,1298412.64,30473.36,2.29,2024,3,2024-03
8846,36,6,6,67374.95,2023-01-29,2104.66,5.0767,64108.36,3266.59,4.85,2023,1,2023-01
8848,35,31,14,115964.0,2023-07-25,1724.43,4.7496,114664.94,1299.06,1.12,2023,7,2023-07
8857,8,17,9,126349.0,2023-05-08,2706.74,4.9696,121062.74,5286.26,4.18,2023,5,2023-05
8865,17,43,5,166709.8,2023-09-04,6219.32,4.9176,152920.64,13789.16,8.27,2023,9,2023-09
8901,13,127,11,17043.0,2024-09-16,296.24,5.5207,17989.97,-946.97,-5.56,2024,9,2024-09
8905,11,131,1,915.8,2023-11-25,196.2,4.8927,959.95,-44.15,-4.82,2023,11,2023-11
8922,41,96,11,776829.0,2024-02-10,14776.4,4.9717,808102.11,-31273.11,-4.03,2024,2,2024-02
8927,43,52,13,169245.35,2024-06-03,2634.69,5.2373,179382.61,-10137.26,-5.99,2024,6,2024-06
8930,26,5,2,44971.1,2023-09-05,4752.24,4.9705,47242.02,-2270.92,-5.05,2023,9,2023-09
8950,42,76,15,2111824.35,2023-09-13,27945.06,4.9171,2061129.82,50694.53,2.4,2023,9,2023-09
8974,1,139,5,6767.8,2023-07-22,246.89,4.7732,5892.28,875.52,12.94,2023,7,2023-07
9003,16,144,1,2214.0,2023-02-09,422.52,5.2315,2210.41,3.59,0.16,2023,2,2023-02
9004,8,142,6,4958.0,2024-01-10,169.88,4.8901,4984.38,-26.38,-0.53,2024,1,2024-01
9061,19,31,13,107680.0,2024-05-03,1686.13,5.0668,111062.69,-3382.69,-3.14,2024,5,2024-05
9077,32,109,1,591.85,2023-10-14,169.23,5.0625,856.73,-264.88,-44.75,2023,10,2023-10
9098,4,115,15,11836.05,2023-12-29,167.9,4.8413,12192.81,-356.76,-3.01,2023,12,2023-12
9134,35,73,11,1496021.05,2024-06-16,28694.54,5.363,1692777.0,-196755.95,-13.15,2024,6,2024-06
9137,25,15,15,397571.2,2023-11-21,5267.98,4.8806,385663.55,11907.65,3.0,2023,11,2023-11
9143,25,28,9,121910.65,2024-05-03,2921.84,5.0668,133239.41,-11328.76,-9.29,2024,5,2024-05
9146,28,65,8,204462.0,2024-04-08,5225.24,5.0421,210769.46,-6307.46,-3.08,2024,4,2024-04
9159,32,113,1,4395.0,2024-01-06,815.5,4.8899,3987.71,407.29,9.27,2024,1,2024-01
9164,3,87,12,762203.05,2024-07-29,13597.7,5.6479,921581.4,-159378.35,-20.91,2024,7,2024-07
9173,13,128,5,23254.0,2024-12-29,853.09,6.1991,26441.95,-3187.95,-13.71,2024,12,2024-12
9183,38,51,1,64159.0,2023-04-19,12243.38,5.0467,61788.67,2370.33,3.69,2023,4,2023-04
9205,14,103,10,17892.0,2023-11-17,341.7,4.8849,16691.7,1200.3,6.71,2023,11,2023-11
9252,29,8,9,42614.15,2023-06-18,1006.07,4.8286,43721.19,-1107.04,-2.6,2023,6,2023-06
9275,37,131,6,5492.9,2024-09-06,175.62,5.5702,5869.43,-376.53,-6.85,2024,9,2024-09
9276,33,129,11,35928.0,2023-04-13,598.62,4.9097,32329.49,3598.51,10.02,2023,4,2023-04
9368,5,4,9,30437.0,2023-04-10,654.31,5.0834,29935.08,501.92,1.65,2023,4,2023-04
9371,35,42,9,51239.2,2024-04-03,1263.57,5.0724,57683.99,-6444.79,-12.58,2024,4,2024-04
9382,16,132,11,16333.35,2024-05-01,314.46,5.1718,17889.57,-1556.22,-9.53,2024,5,2024-05
9388,34,35,8,88044.0,2024-08-17,2106.85,5.4632,92081.14,-4037.14,-4.59,2024,8,2024-08
9448,38,37,6,36406.0,2023-07-08,1181.71,4.8799,34599.76,1806.24,4.96,2023,7,2023-07
9450,32,143,6,25288.05,2023-06-18,896.83,4.8286,25982.6,-694.55,-2.75,2023,6,2023-06
9475,46,131,5,4818.0,2024-04-26,196.2,5.1184,5021.15,-203.15,-4.22,2024,4,2024-04
9490,15,131,2,1830.65,2024-05-28,196.2,5.1538,2022.35,-191.7,-10.47,2024,5,2024-05
9503,18,135,8,13156.0,2023-06-12,328.1,4.8832,12817.42,338.58,2.57,2023,6,2023-06
9514,23,76,3,444595.0,2024-09-29,26819.81,5.4431,437948.72,6646.28,1.49,2024,9,2024-09
9531,22,65,1,24280.1,2023-03-11,5008.66,5.1822,25955.88,-1675.78,-6.9,2023,3,2023-03
9535,9,99,5,509516.35,2023-10-15,21330.89,5.0625,539938.15,-30421.8,-5.97,2023,10,2023-10
9537,15,62,1,97110.9,2024-01-01,20000.78,4.8413,96829.78,281.12,0.29,2024,1,2024-01
9545,25,62,2,204444.0,2024-02-01,20000.78,4.935,197407.7,7036.3,3.44,2024,2,2024-02
9553,22,89,11,865459.0,2024-03-29,14832.32,4.9962,815157.61,50301.39,5.81,2024,3,2024-03
9584,17,60,8,826508.55,2024-04-03,22370.78,5.0724,907788.36,-81279.81,-9.83,2024,4,2024-04
9586,16,19,1,16432.0,2024-08-18,3358.13,5.4632,18346.14,-1914.14,-11.65,2024,8,2024-08
9592,38,69,7,301012.25,2023-07-04,9219.51,4.8056,310136.94,-9124.69,-3.03,2023,7,2023-07
9608,17,47,15,87251.8,2023-02-27,1496.29,5.196,116620.84,-29369.04,-33.66,2023,2,2023-02
9628,38,115,9,7475.0,2023-12-24,167.9,4.8619,7346.82,128.18,1.71,2023,12,2023-12
9631,13,144,10,22141.0,2024-06-28,444.87,5.5589,24729.88,-2588.88,-11.69,2024,6,2024-06
9636,32,1,5,157332.35,2023-09-10,6360.91,4.9835,158497.97,-1165.62,-0.74,2023,9,2023-09
9638,17,141,2,9085.8,2024-03-26,972.86,4.987,9703.31,-617.51,-6.8,2024,3,2024-03
9652,6,113,6,25051.5,2023-01-07,815.5,5.2855,25861.95,-810.45,-3.24,2023,1,2023-01
9704,6,128,13,60459.0,2024-10-07,853.09,5.4626,60581.16,-122.16,-0.2,2024,10,2024-10
9714,29,38,2,50275.9,2024-12-20,4851.61,6.078,58976.17,-8700.27,-17.31,2024,12,2024-12
9727,22,76,15,2222973.0,2024-07-08,28642.87,5.472,2351006.77,-128033.77,-5.76,2024,7,2024-07
9738,33,33,13,82939.75,2024-07-08,1325.97,5.472,94324.2,-11384.45,-13.73,2024,7,2024-07
9747,33,34,1,4918.0,2023-06-05,960.12,4.9236,4727.25,190.75,3.88,2023,6,2023-06
9760,41,147,3,8635.5,2024-01-27,592.19,4.9125,8727.4,-91.9,-1.06,2024,1,2024-01
9773,32,46,1,4734.8,2024-08-22,1000.64,5.5524,5555.95,-821.15,-17.34,2024,8,2024-08
9788,49,47,6,34901.1,2024-05-21,1496.29,5.1037,45819.69,-10918.59,-31.28,2024,5,2024-05
9817,38,73,5,715800.0,2024-08-09,28694.54,5.5115,790749.79,-74949.79,-10.47,2024,8,2024-08
9822,38,104,3,11139.0,2023-10-30,742.54,5.0074,11154.58,-15.58,-0.14,2023,10,2023-10
9829,30,109,13,7690.25,2023-09-24,169.23,4.9131,10808.77,-3118.52,-40.55,2023,9,2023-09
9845,21,140,5,14889.35,2023-04-26,586.81,5.0585,14841.89,47.46,0.32,2023,4,2023-04
9873,41,74,10,865586.0,2024-02-22,17160.36,4.9419,848047.83,17538.17,2.03,2024,2,2024-02
9874,16,49,12,159171.0,2024-10-22,2352.61,5.6958,160799.95,-1628.95,-1.02,2024,10,2024-10
9882,32,104,11,40843.0,2024-06-23,742.54,5.4416,44446.66,-3603.66,-8.82,2024,6,2024-06
9887,49,115,1,831.0,2023-01-23,157.17,5.1922,816.06,14.94,1.8,2023,1,2023-01
9911,30,72,8,757451.15,2023-08-18,30675.48,4.9724,1220246.05,-462794.9,-61.1,2023,8,2023-08
9921,44,132,10,14848.5,2024-04-21,314.46,5.2269,16436.51,-1588.01,-10.69,2024,4,2024-04
9933,5,100,4,418401.0,2024-09-03,19807.28,5.6224,445457.8,-27056.8,-6.47,2024,9,2024-09
9969,19,125,14,47629.0,2023-06-22,646.27,4.775,43203.15,4425.85,9.29,2023,6,2023-06
9970,47,116,1,2576.0,2023-03-14,502.24,5.2362,2629.83,-53.83,-2.09,2023,3,2023-03
9973,46,135,13,21379.0,2024-06-06,328.1,5.2681,22470.03,-1091.03,-5.1,2024,6,2024-06
9980,45,39,13,385227.0,2024-07-11,5270.87,5.41,370700.29,14526.71,3.77,2024,7,2024-07
35,33,35,10,110055.0,2024-04-02,2106.85,5.0476,106345.36,3709.64,3.37,2024,4,2024-04
75,38,91,10,1348860.0,2024-09-21,27671.77,5.4775,1515721.2,-166861.2,-12.37,2024,9,2024-09
78,43,105,7,2167.0,2024-08-13,57.36,5.4875,2203.34,-36.34,-1.68,2024,8,2024-08
87,7,20,14,431668.0,2023-11-24,5689.04,4.8927,389686.72,41981.28,9.73,2023,11,2023-11
89,30,75,8,262147.0,2023-12-21,6193.58,4.8755,241574.39,20572.61,7.85,2023,12,2023-12
100,22,93,4,381812.6,2023-01-21,19409.47,5.1986,403608.28,-21795.68,-5.71,2023,1,2023-01
103,36,146,5,2356.0,2023-04-12,99.02,4.9496,2450.55,-94.55,-4.01,2023,4,2023-04
112,37,100,9,894331.9,2024-11-12,19807.28,5.7694,1028485.09,-134153.19,-15.0,2024,11,2024-11
122,8,128,10,44181.65,2023-03-09,853.09,5.1353,43808.73,372.92,0.84,2023,3,2023-03
139,38,123,1,2638.15,2024-12-22,458.99,6.078,2789.74,-151.59,-5.75,2024,12,2024-12
147,24,129,1,3102.7,2023-07-01,598.62,4.8192,2884.87,217.83,7.02,2023,7,2023-07
170,16,116,1,2576.0,2023-12-30,502.24,4.8413,2431.49,144.51,5.61,2023,12,2023-12
214,14,66,7,83600.95,2023-11-15,2360.29,4.8682,80432.55,3168.4,3.79,2023,11,2023-11
216,9,55,3,313463.9,2024-08-09,22138.68,5.5115,366052.0,-52588.1,-16.78,2024,8,2024-08
236,33,113,10,41752.5,2023-01-08,815.5,5.2855,43103.25,-1350.75,-3.24,2023,1,2023-01
241,21,81,5,610742.0,2023-11-28,23345.09,4.8867,570402.26,40339.74,6.61,2023,11,2023-11
269,4,82,8,413072.0,2024-06-13,9770.29,5.3974,421873.31,-8801.31,-2.13,2024,6,2024-06
276,41,110,10,23707.25,2023-12-12,476.03,4.9476,23552.06,155.19,0.65,2023,12,2023-12
283,3,124,10,35814.05,2023-02-10,719.16,5.2526,37774.6,-1960.55,-5.47,2023,2,2023-02
291,18,107,2,2875.65,2023-09-06,295.48,4.9762,2940.74,-65.09,-2.26,2023,9,2023-09
318,1,97,9,1218016.0,2024-12-14,25607.88,6.04,1392044.36,-174028.36,-14.29,2024,12,2024-12
322,47,50,15,160683.0,2024-05-21,2378.45,5.1037,182083.43,-21400.43,-13.32,2024,5,2024-05
325,30,130,8,31495.35,2024-08-13,752.23,5.4875,33022.9,-1527.55,-4.85,2024,8,2024-08
354,12,113,9,37577.25,2023-10-13,815.5,5.0625,37156.22,421.03,1.12,2023,10,2023-10
386,33,73,10,1431599.0,2024-08-31,26171.36,5.6562,1480304.46,-48705.46,-3.4,2024,8,2024-08
405,13,45,4,39615.0,2023-05-07,1881.33,4.9696,37397.83,2217.17,5.6,2023,5,2023-05
449,14,60,3,309940.35,2024-12-19,19786.24,6.1841,367080.26,-57139.91,-18.44,2024,12,2024-12
460,31,150,3,4690.15,2023-09-22,326.88,4.9131,4817.98,-127.83,-2.73,2023,9,2023-09
469,44,9,1,37720.7,2024-10-31,7258.64,5.7779,41939.7,-4219.0,-11.18,2024,10,2024-10
479,2,60,6,652507.0,2023-03-06,19341.09,5.197,603093.87,49413.13,7.57,2023,3,2023-03
517,49,4,7,22489.35,2023-05-30,654.31,5.0593,23172.45,-683.1,-3.04,2023,5,2023-05
547,10,25,1,11519.7,2023-07-16,2389.36,4.7957,11458.65,61.05,0.53,2023,7,2023-07
565,12,115,11,8679.2,2024-03-07,167.9,4.9364,9117.04,-437.84,-5.04,2024,3,2024-03
583,17,58,2,217649.0,2023-10-31,20157.55,5.0575,203893.62,13755.38,6.32,2023,10,2023-10
594,15,12,15,38848.35,2024-04-22,527.97,5.2043,41215.71,-2367.36,-6.09,2024,4,2024-04
596,23,30,14,451470.0,2023-04-23,5636.75,5.0497,398494.55,52975.45,11.73,2023,4,2023-04
610,8,90,11,870071.0,2024-03-09,16081.27,4.9751,880065.19,-9994.19,-1.15,2024,3,2024-03
620,40,12,2,5179.4,2023-09-23,527.97,4.9131,5187.94,-8.54,-0.16,2023,9,2023-09
621,18,107,8,11501.65,2024-09-22,311.59,5.4775,13653.87,-2152.22,-18.71,2024,9,2024-09
625,21,55,5,522439.2,2023-05-25,23326.09,4.999,583035.62,-60596.42,-11.6,2023,5,2023-05
635,31,63,13,1728477.5,2024-11-23,27618.14,5.8124,2086859.8,-358382.3,-20.73,2024,11,2024-11
649,25,31,11,86558.3,2024-11-30,1482.91,6.0535,98744.75,-12186.45,-14.08,2024,11,2024-11
682,20,18,2,53145.0,2024-09-10,5265.1,5.6254,59236.59,-6091.59,-11.46,2024,9,2024-09
689,43,125,7,22623.3,2024-03-15,646.27,4.9937,22590.95,32.35,0.14,2024,3,2024-03
702,20,16,8,240048.0,2024-06-02,6212.42,5.2416,260504.17,-20456.17,-8.52,2024,6,2024-06
708,48,77,2,84938.55,2023-05-23,8959.75,4.9674,89013.32,-4074.77,-4.8,2023,5,2023-05
710,2,150,6,9874.0,2023-08-28,326.88,4.8938,9598.11,275.89,2.79,2023,8,2023-08
717,8,145,5,20661.55,2024-03-11,875.03,4.9777,21778.18,-1116.63,-5.4,2024,3,2024-03
757,37,36,12,271217.0,2024-09-23,4476.41,5.5446,297838.83,-26621.83,-9.82,2024,9,2024-09
759,2,46,15,74757.0,2024-06-16,1000.64,5.363,80496.48,-5739.48,-7.68,2024,6,2024-06
761,40,2,1,13298.1,2023-07-21,2829.74,4.7732,13506.91,-208.81,-1.57,2023,7,2023-07
762,13,3,11,94302.7,2023-04-15,1753.77,4.9455,95405.96,-1103.26,-1.17,2023,4,2023-04
776,6,89,4,298976.4,2024-03-08,14832.32,4.9751,295169.1,3807.3,1.27,2024,3,2024-03
780,11,12,11,28488.6,2024-11-04,481.53,5.7898,30667.59,-2178.99,-7.65,2024,11,2024-11
786,37,35,5,55028.0,2023-01-25,2199.13,5.1042,56124.0,-1096.0,-1.99,2023,1,2023-01
885,40,117,12,46774.2,2023-11-15,823.4,4.8682,48101.71,-1327.51,-2.84,2023,11,2023-11
893,26,24,13,302018.0,2024-07-17,4129.65,5.467,293498.36,8519.64,2.82,2024,7,2024-07
927,38,1,6,188798.25,2024-03-11,6703.2,4.9777,200199.11,-11400.86,-6.04,2024,3,2024-03
955,46,120,14,41555.85,2024-05-16,635.45,5.127,45611.33,-4055.48,-9.76,2024,5,2024-05
962,43,97,10,1285683.45,2023-05-26,25607.88,5.0114,1283313.3,2370.15,0.18,2023,5,2023-05
1005,30,57,14,1579914.6,2023-04-09,22497.79,5.0683,1596357.69,-16443.09,-1.04,2023,4,2023-04
1012,14,144,4,8414.15,2023-06-06,422.52,4.9292,8330.74,83.41,0.99,2023,6,2023-06
1039,35,129,14,43440.65,2023-12-02,598.62,4.9191,41225.4,2215.25,5.1,2023,12,2023-12
1072,17,110,9,21337.0,2024-08-30,476.03,5.6562,24232.69,-2895.69,-13.57,2024,8,2024-08
1080,21,16,5,142528.5,2023-04-12,5615.94,4.9496,138983.28,3545.22,2.49,2023,4,2023-04
1110,29,68,13,869662.0,2023-02-03,11988.94,5.103,795334.29,74327.71,8.55,2023,2,2023-02
1128,26,23,14,148675.95,2024-04-11,2244.66,5.0765,159530.23,-10854.28,-7.3,2024,4,2024-04
1133,49,100,13,1291812.85,2024-01-10,19807.28,4.8901,1259174.54,32638.31,2.53,2024,1,2024-01
1137,48,10,7,213019.45,2024-10-19,5864.71,5.6672,232655.39,-19635.94,-9.22,2024,10,2024-10
1144,8,126,10,26771.0,2024-05-30,467.05,5.1972,24273.52,2497.48,9.33,2024,5,2024-05
1174,30,28,12,171103.0,2023-04-23,2723.39,5.0497,165027.63,6075.37,3.55,2023,4,2023-04
1176,17,38,10,264611.0,2023-01-10,5097.21,5.2395,267068.32,-2457.32,-0.93,2023,1,2023-01
1194,4,127,9,13246.8,2023-05-29,296.24,4.9954,13318.54,-71.74,-0.54,2023,5,2023-05
1196,2,13,13,95676.4,2024-01-01,1356.5,4.8413,85373.9,10302.5,10.77,2024,1,2024-01
1248,26,148,10,45463.2,2023-01-05,901.95,5.4026,48728.75,-3265.55,-7.18,2023,1,2023-01
1268,48,87,12,802319.0,2023-08-25,11794.37,4.8772,690282.02,112036.98,13.96,2023,8,2023-08
1282,15,99,11,1120936.35,2023-10-10,21330.89,5.0862,1193424.9,-72488.55,-6.47,2023,10,2023-10
1288,44,72,1,99665.0,2023-07-24,30675.48,4.7457,145576.63,-45911.63,-46.07,2023,7,2023-07
1311,12,4,7,23673.0,2023-02-21,654.31,5.2012,23822.38,-149.38,-0.63,2023,2,2023-02
1320,13,72,5,473406.85,2024-03-05,30675.48,4.9488,759034.08,-285627.23,-60.33,2024,3,2024-03
1374,38,122,9,11902.0,2023-11-03,271.3,4.891,11942.35,-40.35,-0.34,2023,11,2023-11
1393,9,1,15,471996.1,2023-09-14,6360.91,4.8751,465151.09,6845.01,1.45,2023,9,2023-09
1398,46,45,6,56450.9,2024-10-22,1881.33,5.6958,64294.08,-7843.18,-13.89,2024,10,2024-10
1399,5,109,5,2958.3,2024-01-28,169.23,4.9125,4156.71,-1198.41,-40.51,2024,1,2024-01
1435,29,41,15,151050.0,2024-07-22,1906.75,5.5598,159017.23,-7967.23,-5.27,2024,7,2024-07
1444,24,33,8,53726.0,2024-05-22,1325.97,5.1502,54632.09,-906.09,-1.69,2024,5,2024-05
1475,17,59,6,496847.15,2024-06-06,17522.59,5.2681,553864.54,-57017.39,-11.48,2024,6,2024-06
1476,13,82,13,671243.0,2023-10-31,9770.29,5.0575,642372.14,28870.86,4.3,2023,10,2023-10
1486,11,127,9,13246.8,2023-11-22,296.24,4.8968,13055.65,191.15,1.44,2023,11,2023-11
1495,35,30,1,30635.6,2024-02-21,6558.44,4.9303,32335.08,-1699.48,-5.55,2024,2,2024-02
1501,44,128,8,37206.0,2024-05-23,853.09,5.1443,35108.41,2097.59,5.64,2024,5,2024-05
1510,8,38,2,52922.0,2024-07-30,5439.42,5.6532,61500.26,-8578.26,-16.21,2024,7,2024-07
1551,26,41,12,127200.0,2023-06-15,2005.71,4.8222,116063.22,11136.78,8.76,2023,6,2023-06
1568,7,115,14,11628.0,2024-10-04,167.9,5.4686,12854.49,-1226.49,-10.55,2024,10,2024-10
1578,49,2,11,153980.0,2024-01-19,2829.74,4.9223,153217.12,762.88,0.5,2024,1,2024-01
1594,21,49,5,63004.95,2023-08-29,2627.0,4.8706,63975.33,-970.38,-1.54,2023,8,2023-08
1605,9,95,7,464223.2,2024-05-09,12945.63,5.1577,467387.73,-3164.53,-0.68,2024,5,2024-05
1608,31,15,9,251098.0,2024-08-25,5267.98,5.5263,262011.94,-10913.94,-4.35,2024,8,2024-08
1644,19,112,8,17448.0,2024-03-25,435.58,4.9869,17377.55,70.45,0.4,2024,3,2024-03
1701,49,49,7,92850.0,2023-02-06,2627.0,5.1763,95186.98,-2336.98,-2.52,2023,2,2023-02
1716,16,48,15,221045.0,2024-09-21,2605.99,5.4775,214114.65,6930.35,3.14,2024,9,2024-09
1724,23,130,11,43305.75,2023-04-10,749.89,5.0834,41931.9,1373.85,3.17,2023,4,2023-04
1734,17,115,7,5523.3,2023-01-31,160.69,5.0993,5735.85,-212.55,-3.85,2023,1,2023-01
1750,28,95,11,767888.0,2023-10-22,12945.63,5.0528,719528.47,48359.53,6.3,2023,10,2023-10
1757,11,47,12,73476.0,2024-08-26,1116.66,5.4921,73593.7,-117.7,-0.16,2024,8,2024-08
1761,21,89,12,896930.15,2023-07-10,14832.32,4.8735,867423.74,29506.41,3.29,2023,7,2023-07
1764,16,107,4,5751.3,2023-10-31,295.48,5.0575,5977.56,-226.26,-3.93,2023,10,2023-10
1797,47,1,6,198735.0,2023-12-17,6574.8,4.9397,194865.24,3869.76,1.95,2023,12,2023-12
1858,47,55,15,1567317.6,2024-07-10,22138.68,5.3967,1792137.22,-224819.62,-14.34,2024,7,2024-07
1873,17,66,10,125716.0,2024-08-15,2297.7,5.4651,125571.6,144.4,0.11,2024,8,2024-08
1881,34,74,2,164461.15,2023-01-20,22250.99,5.1986,231347.99,-66886.84,-40.67,2023,1,2023-01
1919,13,23,14,156501.0,2024-03-08,2108.74,4.9751,146876.69,9624.31,6.15,2024,3,2024-03
1935,37,113,14,61529.0,2023-08-18,815.5,4.9724,56769.89,4759.11,7.73,2023,8,2023-08
1994,10,10,1,30431.35,2023-11-06,6445.41,4.8999,31581.86,-1150.51,-3.78,2023,11,2023-11
2026,46,117,1,3897.85,2023-09-07,823.4,4.9762,4097.4,-199.55,-5.12,2023,9,2023-09
2059,40,33,13,87305.0,2024-05-11,1325.97,5.1464,88711.64,-1406.64,-1.61,2024,5,2024-05
2060,40,135,10,16445.0,2024-10-11,328.1,5.6263,18459.89,-2014.89,-12.25,2024,10,2024-10
2074,16,63,9,1259619.0,2024-05-02,27618.14,5.1184,1272246.19,-12627.19,-1.0,2024,5,2024-05
2080,34,29,15,520272.25,2024-06-06,7689.63,5.2681,607646.1,-87373.85,-16.79,2024,6,2024-06
2159,15,89,15,1180171.0,2024-12-14,14122.53,6.04,1279501.22,-99330.22,-8.42,2024,12,2024-12
2166,40,32,10,125025.0,2023-02-26,2585.66,5.1791,133913.92,-8888.92,-7.11,2023,2,2023-02
2176,11,41,11,116600.0,2024-03-22,2005.71,4.9897,110086.8,6513.2,5.59,2024,3,2024-03
2195,45,131,12,10984.85,2024-03-08,196.2,4.9751,11713.38,-728.53,-6.63,2024,3,2024-03
2213,48,15,14,371067.15,2023-08-15,5267.98,4.9812,367372.07,3695.08,1.0,2023,8,2023-08
2219,43,135,6,9373.65,2024-10-05,328.1,5.4686,10765.49,-1391.84,-14.85,2024,10,2024-10
2263,49,61,9,239559.6,2023-03-15,5396.92,5.2981,257340.8,-17781.2,-7.42,2023,3,2023-03
2323,32,35,2,20910.45,2024-01-09,2106.85,4.8937,20620.58,289.87,1.39,2024,1,2024-01
2339,9,5,8,189352.0,2024-01-06,4752.24,4.8899,185903.83,3448.17,1.82,2024,1,2024-01
2396,34,45,13,128748.0,2023-06-23,1881.33,4.7799,116903.4,11844.6,9.2,2023,6,2023-06
2412,47,84,3,123758.4,2024-04-21,8951.16,5.2269,140360.45,-16602.05,-13.41,2024,4,2024-04
2419,40,22,10,374802.55,2023-01-31,7630.67,5.0993,389110.76,-14308.21,-3.82,2023,1,2023-01
2424,49,25,10,121265.0,2024-03-28,2430.59,4.9962,121437.14,-172.14,-0.14,2024,3,2024-03
2438,11,8,12,59810.0,2023-01-13,951.1,5.1146,58373.95,1436.05,2.4,2023,1,2023-01
2444,49,147,2,5757.0,2023-08-19,592.19,4.9724,5889.21,-132.21,-2.3,2023,8,2023-08
2445,49,92,13,1097347.85,2023-02-03,16745.97,5.103,1110910.9,-13563.05,-1.24,2023,2,2023-02
2465,9,10,3,91294.05,2023-05-17,5615.0,4.9513,83404.65,7889.4,8.64,2023,5,2023-05
2483,25,9,11,414922.0,2023-08-01,7933.96,4.7752,416748.7,-1826.7,-0.44,2023,8,2023-08
2491,22,60,1,108751.0,2023-08-29,22190.02,4.8706,108078.71,672.29,0.62,2023,8,2023-08
2496,46,46,6,28407.85,2024-07-14,1000.64,5.4529,32738.34,-4330.49,-15.24,2024,7,2024-07
2497,12,57,6,712743.0,2023-05-05,22497.79,4.9696,670830.1,41912.9,5.88,2023,5,2023-05
2547,2,98,14,1111056.0,2024-03-08,15850.04,4.9751,1103977.48,7078.52,0.64,2024,3,2024-03
2574,4,92,4,355416.0,2024-06-14,16745.97,5.363,359234.55,-3818.55,-1.07,2024,6,2024-06
2583,44,91,2,256283.4,2023-07-02,26303.31,4.8192,253521.82,2761.58,1.08,2023,7,2023-07
2587,20,105,11,3405.0,2024-08-15,57.36,5.4651,3448.26,-43.26,-1.27,2024,8,2024-08
2605,2,123,5,13190.75,2024-03-19,535.37,5.0352,13478.48,-287.73,-2.18,2024,3,2024-03
2624,19,49,2,25201.6,2024-01-08,2627.0,4.885,25665.79,-464.19,-1.84,2024,1,2024-01
2636,15,78,5,578367.6,2023-02-25,23053.04,5.1791,596970.0,-18602.4,-3.22,2023,2,2023-02
2646,42,83,6,768381.85,2023-08-21,35839.7,4.9847,1071900.92,-303519.07,-39.5,2023,8,2023-08
2647,7,69,12,516021.0,2024-02-04,9219.51,4.9471,547318.06,-31297.06,-6.07,2024,2,2024-02
2657,15,109,13,7690.25,2024-12-20,123.24,6.078,9737.69,-2047.44,-26.62,2024,12,2024-12
2658,14,73,6,858960.0,2024-07-14,28694.54,5.4529,938810.74,-79850.74,-9.3,2024,7,2024-07
2689,39,128,12,55809.0,2024-05-13,853.09,5.1412,52630.88,3178.12,5.69,2024,5,2024-05
2735,40,39,3,88898.0,2023-08-04,5270.87,4.8609,76863.52,12034.48,13.54,2023,8,2023-08
2768,7,62,9,873998.1,2024-09-30,20000.78,5.4481,980696.25,-106698.15,-12.21,2024,9,2024-09
2836,28,149,5,5527.1,2023-12-04,225.94,4.9091,5545.81,-18.71,-0.34,2023,12,2023-12
2853,35,123,4,11108.0,2024-04-10,535.37,5.0654,10847.45,260.55,2.35,2024,4,2024-04
2856,19,41,2,21200.0,2024-05-16,2005.71,5.127,20566.55,633.45,2.99,2024,5,2024-05
2880,16,122,15,18845.15,2023-03-28,255.46,5.1733,19823.57,-978.42,-5.19,2023,3,2023-03
2887,20,61,9,239559.6,2023-12-30,5396.92,4.8413,235152.98,4406.62,1.84,2023,12,2023-12
2892,1,22,7,262361.5,2023-12-06,7630.67,4.9031,261897.57,463.93,0.18,2023,12,2023-12
2893,49,99,2,203806.35,2024-04-28,21330.89,5.1184,218360.05,-14553.7,-7.14,2024,4,2024-04
2915,24,68,7,444866.0,2024-01-29,13998.43,4.9225,482350.9,-37484.9,-8.43,2024,1,2024-01
2974,41,111,11,47138.0,2023-09-02,821.82,4.9318,44583.57,2554.43,5.42,2023,9,2023-09
2986,4,85,2,73299.15,2024-05-06,7885.27,5.0727,79999.22,-6700.07,-9.14,2024,5,2024-05
3029,31,33,1,6380.2,2024-02-16,1268.8,4.9761,6313.68,66.52,1.04,2024,2,2024-02
3032,1,137,9,28945.55,2024-05-10,673.98,5.1464,31217.14,-2271.59,-7.85,2024,5,2024-05
3050,25,125,14,47629.0,2023-06-24,646.27,4.7799,43247.48,4381.52,9.2,2023,6,2023-06
3053,27,3,15,128594.85,2024-12-10,1753.77,6.0529,159230.92,-30636.07,-23.82,2024,12,2024-12
3068,35,10,8,243450.8,2024-08-31,6547.91,5.6562,296290.31,-52839.51,-21.7,2024,8,2024-08
3084,19,41,8,80560.0,2024-08-04,1906.75,5.7366,87506.1,-6946.1,-8.62,2024,8,2024-08
3095,39,117,1,4103.0,2023-10-31,823.4,5.0575,4164.35,-61.35,-1.5,2023,10,2023-10
3107,25,11,14,481884.65,2024-09-27,7246.24,5.4431,552188.13,-70303.48,-14.59,2024,9,2024-09
3153,44,113,14,61529.0,2024-04-13,815.5,5.1364,58642.28,2886.72,4.69,2024,4,2024-04
3173,12,77,4,178819.0,2024-06-11,8959.75,5.3524,191824.66,-13005.66,-7.27,2024,6,2024-06
3176,39,112,9,19629.0,2023-02-15,398.23,5.2243,18724.26,904.74,4.61,2023,2,2023-02
3258,16,88,1,48336.0,2023-08-07,9954.59,4.901,48787.45,-451.45,-0.93,2023,8,2023-08
3271,32,105,6,1857.0,2023-08-04,62.64,4.8609,1826.92,30.08,1.62,2023,8,2023-08
3272,36,18,8,212580.0,2023-12-19,5536.62,4.8663,215542.83,-2962.83,-1.39,2023,12,2023-12
3316,46,139,5,7124.0,2024-03-21,246.89,4.9807,6148.43,975.57,13.69,2024,3,2024-03
3327,18,134,9,42458.0,2023-01-09,899.33,5.2967,42871.33,-413.33,-0.97,2023,1,2023-01
3337,46,79,12,793762.0,2024-01-29,11724.63,4.9225,692573.89,101188.11,12.75,2024,1,2024-01
3371,29,27,1,16511.0,2024-04-19,3051.23,5.2269,15948.47,562.53,3.41,2024,4,2024-04
3376,48,1,13,430593.0,2024-02-05,6574.8,5.0053,427815.0,2778.0,0.65,2024,2,2024-02
3407,42,129,4,12411.75,2024-02-15,661.98,4.971,13162.81,-751.06,-6.05,2024,2,2024-02
3417,11,1,6,198735.0,2023-10-31,6574.8,5.0575,199512.31,-777.31,-0.39,2023,10,2023-10
3419,45,85,15,549746.0,2023-08-27,7499.89,4.8772,548676.95,1069.05,0.19,2023,8,2023-08
3443,42,68,10,668971.0,2024-03-19,13998.43,5.0352,704848.95,-35877.95,-5.36,2024,3,2024-03
3468,6,137,10,33855.0,2023-10-07,619.79,5.1918,32178.26,1676.74,4.95,2023,10,2023-10
3473,32,81,7,855039.0,2024-11-17,23685.5,5.7885,959724.62,-104685.62,-12.24,2024,11,2024-11
3476,34,95,15,994764.95,2023-11-15,12945.63,4.8682,945328.74,49436.21,4.97,2023,11,2023-11
3499,6,106,9,39464.0,2024-05-31,918.37,5.2416,43323.55,-3859.55,-9.78,2024,5,2024-05
3512,45,10,2,64066.0,2023-05-08,5615.0,4.9696,55808.61,8257.39,12.89,2023,5,2023-05
3523,24,48,9,125995.65,2023-10-11,3020.3,5.0496,137261.76,-11266.11,-8.94,2023,10,2023-10
3536,3,81,3,348122.75,2024-03-30,23345.09,4.9962,349910.22,-1787.47,-0.51,2024,3,2024-03
3545,19,26,10,164190.4,2024-02-07,3412.88,4.9608,169306.15,-5115.75,-3.12,2024,2,2024-02
3577,14,9,8,317644.0,2023-02-01,7933.96,5.0721,321934.71,-4290.71,-1.35,2023,2,2023-02
3604,40,74,7,605910.0,2023-11-29,17160.36,4.8933,587795.53,18114.47,2.99,2023,11,2023-11
3634,35,36,15,339021.0,2024-06-12,4476.41,5.3891,361857.32,-22836.32,-6.74,2024,6,2024-06
3640,33,5,4,89942.2,2024-03-18,4752.24,5.0124,95280.51,-5338.31,-5.94,2024,3,2024-03
3650,22,86,5,467616.0,2023-07-09,17824.79,4.8799,434915.96,32700.04,6.99,2023,7,2023-07
3657,37,6,14,157208.85,2023-10-28,2104.66,4.948,145794.01,11414.84,7.26,2023,10,2023-10
3680,40,6,13,153663.0,2023-06-29,2104.66,4.8584,132928.64,20734.36,13.49,2023,6,2023-06
3713,1,119,1,3256.0,2023-03-01,625.1,5.207,3254.9,1.1,0.03,2023,3,2023-03
3758,14,113,3,12525.75,2024-03-04,815.5,4.9475,12104.06,421.69,3.37,2024,3,2024-03
3805,37,89,2,157356.0,2024-02-23,14832.32,4.9851,147881.2,9474.8,6.02,2024,2,2024-02
3839,39,59,12,993694.3,2023-08-27,16694.98,4.8772,977097.08,16597.22,1.67,2023,8,2023-08
3847,49,53,10,536750.0,2024-08-08,9496.3,5.6172,533426.16,3323.84,0.62,2024,8,2024-08
3853,31,112,7,14503.65,2023-02-15,398.23,5.2243,14563.31,-59.66,-0.41,2023,2,2023-02
3882,24,129,15,48993.0,2023-02-17,598.62,5.2012,46703.14,2289.86,4.67,2023,2,2023-02
3896,30,104,2,7054.7,2024-01-30,742.54,4.9638,7371.64,-316.94,-4.49,2024,1,2024-01
3899,3,114,3,2278.1,2023-07-06,152.46,4.8977,2240.11,37.99,1.67,2023,7,2023-07
3901,28,70,5,171777.0,2024-06-11,6655.06,5.3524,178102.72,-6325.72,-3.68,2024,6,2024-06
3953,21,36,9,193242.35,2024-02-28,4476.41,4.9557,199653.71,-6411.36,-3.32,2024,2,2024-02
3968,24,123,11,30548.0,2024-09-06,535.37,5.5702,32803.3,-2255.3,-7.38,2024,9,2024-09
3975,49,79,15,992203.0,2023-06-22,11724.63,4.775,839776.62,152426.38,15.36,2023,6,2023-06
3978,41,76,13,1830248.15,2023-03-02,27945.06,5.208,1891992.34,-61744.19,-3.37,2023,3,2023-03
3988,28,91,15,2023290.0,2024-02-13,27671.77,4.9717,2063636.08,-40346.08,-1.99,2024,2,2024-02
4008,47,94,1,40751.0,2024-07-13,8022.13,5.4529,43743.87,-2992.87,-7.34,2024,7,2024-07
4009,7,150,13,21394.0,2024-09-02,292.03,5.623,21347.1,46.9,0.22,2024,9,2024-09
4010,16,63,13,1728477.5,2023-01-03,27618.14,5.3759,1930140.66,-201663.16,-11.67,2023,1,2023-01
4025,44,127,11,16190.85,2024-04-20,296.24,5.2269,17032.59,-841.74,-5.2,2024,4,2024-04
4037,33,40,14,188648.15,2024-09-19,2867.26,5.4189,217523.53,-28875.38,-15.31,2024,9,2024-09
4044,2,125,14,47629.0,2023-04-30,646.27,5.0007,45245.23,2383.77,5.0,2023,4,2023-04
4045,22,102,14,11065.6,2024-05-15,199.93,5.1423,14393.4,-3327.8,-30.07,2024,5,2024-05
4051,23,53,7,375725.0,2023-12-06,11332.93,4.9031,388965.42,-13240.42,-3.52,2023,12,2023-12
4058,41,93,12,1205724.0,2023-06-20,19409.47,4.793,1116355.08,89368.92,7.41,2023,6,2023-06
4071,28,84,13,564510.0,2023-01-03,8041.61,5.3759,562001.59,2508.41,0.44,2023,1,2023-01
4079,25,95,7,488656.0,2023-09-10,12945.63,4.9835,451601.83,37054.17,7.58,2023,9,2023-09
4122,20,118,11,47466.0,2024-05-16,893.4,5.127,50385.08,-2919.08,-6.15,2024,5,2024-05
4143,2,141,11,52600.0,2024-09-01,972.86,5.6562,60529.6,-7929.6,-15.08,2024,9,2024-09
4167,26,82,5,245261.5,2023-02-10,9770.29,5.2526,256597.13,-11335.63,-4.62,2023,2,2023-02
4173,48,37,4,24271.0,2024-01-16,1211.89,4.9038,23771.46,499.54,2.06,2024,1,2024-01
4200,12,77,5,223523.0,2024-10-29,8959.75,5.714,255980.06,-32457.06,-14.52,2024,10,2024-10
4226,45,49,7,92850.0,2023-01-05,2627.0,5.4026,99348.41,-6498.41,-7.0,2023,1,2023-01
4230,43,142,10,8264.0,2024-07-08,169.88,5.472,9295.83,-1031.83,-12.49,2024,7,2024-07
4240,37,113,2,8790.0,2024-09-12,777.57,5.6554,8794.94,-4.94,-0.06,2024,9,2024-09
4248,2,46,13,64789.0,2024-07-22,1000.64,5.5598,72323.66,-7534.66,-11.63,2024,7,2024-07
4251,21,44,6,64841.0,2024-11-15,2159.34,5.7885,74996.04,-10155.04,-15.66,2024,11,2024-11
4254,16,11,5,181160.0,2024-06-17,7246.24,5.413,196119.49,-14959.49,-8.26,2024,6,2024-06
4264,49,33,1,6380.2,2023-12-27,1268.8,4.8306,6129.07,251.13,3.94,2023,12,2023-12
4278,14,51,10,641590.0,2023-12-07,12243.38,4.8949,599301.21,42288.79,6.59,2023,12,2023-12
4280,3,112,9,18647.55,2024-06-24,406.44,5.4,19752.98,-1105.43,-5.93,2024,6,2024-06
4288,40,3,8,72194.0,2023-10-25,1753.77,4.9981,70124.14,2069.86,2.87,2023,10,2023-10
4313,44,48,4,58945.0,2024-11-25,2605.99,5.8002,60461.05,-1516.05,-2.57,2024,11,2024-11
4322,43,94,14,541986.4,2024-11-01,8022.13,5.8073,652216.82,-110230.42,-20.34,2024,11,2024-11
4331,11,31,5,39345.2,2023-12-01,1686.13,4.9191,41471.21,-2126.01,-5.4,2023,12,2023-12
4343,36,149,13,14370.65,2024-11-07,225.94,5.6624,16631.71,-2261.06,-15.73,2024,11,2024-11
4368,43,58,10,1088246.0,2023-04-16,20157.55,4.9455,996891.64,91354.36,8.39,2023,4,2023-04
4371,4,47,5,30615.0,2024-11-13,1116.66,5.7713,32222.9,-1607.9,-5.25,2024,11,2024-11
4375,25,10,11,352363.0,2024-12-16,5864.71,6.0509,390354.51,-37991.51,-10.78,2024,12,2024-12
4395,27,128,3,13952.0,2024-04-01,853.09,5.0532,12932.5,1019.5,7.31,2024,4,2024-04
4405,20,147,15,43178.45,2023-11-20,592.19,4.8723,43279.91,-101.46,-0.23,2023,11,2023-11
4413,2,22,9,337322.2,2023-11-16,7630.67,4.8575,333593.82,3728.38,1.11,2023,11,2023-11
4424,37,43,2,70194.0,2023-02-07,6219.32,5.1695,64301.55,5892.45,8.39,2023,2,2023-02
4427,39,130,2,8288.0,2023-05-16,749.89,4.9122,7367.22,920.78,11.11,2023,5,2023-05
4442,23,109,7,4141.05,2023-03-19,169.23,5.2679,6240.41,-2099.36,-50.7,2023,3,2023-03
4448,19,47,9,52351.65,2024-04-16,1496.29,5.2635,70881.5,-18529.85,-35.39,2024,4,2024-04
4502,42,67,13,1115258.0,2024-05-06,16720.73,5.0727,1102650.21,12607.79,1.13,2024,5,2024-05
4521,12,37,4,24271.0,2024-12-22,1006.02,6.078,24458.36,-187.36,-0.77,2024,12,2024-12
4545,33,129,1,3102.7,2023-11-21,598.62,4.8806,2921.62,181.08,5.84,2023,11,2023-11
4552,12,116,9,22021.0,2024-08-11,502.24,5.5115,24912.86,-2891.86,-13.13,2024,8,2024-08
4566,33,110,11,26078.45,2024-12-18,443.85,6.1624,30086.99,-4008.54,-15.37,2024,12,2024-12
4575,33,74,11,904536.8,2023-07-28,17160.36,4.7253,891966.34,12570.46,1.39,2023,7,2023-07
4579,18,140,13,40750.0,2023-02-27,586.81,5.196,39637.84,1112.16,2.73,2023,2,2023-02
4585,20,75,12,393221.0,2023-05-19,6193.58,4.9858,370559.41,22661.59,5.76,2023,5,2023-05
4600,9,131,3,2746.45,2024-12-30,175.62,6.1923,3262.48,-516.03,-18.79,2024,12,2024-12
4620,24,29,11,381533.3,2023-10-30,7689.63,5.0074,423555.59,-42022.29,-11.01,2023,10,2023-10
4624,20,28,4,57034.0,2023-07-02,2723.39,4.8192,52498.24,4535.76,7.95,2023,7,2023-07
4644,29,123,3,8331.0,2023-09-21,535.37,4.9229,7906.72,424.28,5.09,2023,9,2023-09
4661,18,46,3,14203.45,2023-03-30,959.01,5.1254,14745.93,-542.48,-3.82,2023,3,2023-03
4670,16,1,15,496838.0,2023-08-30,6360.91,4.8653,464216.03,32621.97,6.57,2023,8,2023-08
4691,10,32,4,47509.5,2023-07-05,2560.62,4.8577,49754.9,-2245.4,-4.73,2023,7,2023-07
4697,7,26,6,98514.05,2023-09-07,3412.88,4.9762,101899.04,-3384.99,-3.44,2023,9,2023-09
4736,43,19,4,62442.55,2024-02-16,3358.13,4.9761,66841.56,-4399.01,-7.04,2024,2,2024-02
4741,3,118,11,47466.0,2024-11-12,787.87,5.7694,50000.91,-2534.91,-5.34,2024,11,2024-11
4748,48,16,11,330066.0,2024-05-08,6212.42,5.0887,347744.56,-17678.56,-5.36,2024,5,2024-05
4757,13,31,8,66265.0,2023-02-08,2418.07,5.2036,100661.35,-34396.35,-51.91,2023,2,2023-02
4765,1,44,5,54034.0,2024-04-25,2159.34,5.1679,55796.27,-1762.27,-3.26,2024,4,2024-04
4768,6,56,4,163357.25,2024-02-19,8087.59,4.9585,160409.26,2947.99,1.8,2024,2,2024-02
4792,33,82,2,103268.0,2023-05-17,9770.29,4.9513,96751.27,6516.73,6.31,2023,5,2023-05
4809,41,144,11,23138.2,2023-08-24,422.52,4.8748,22656.71,481.49,2.08,2023,8,2023-08
4819,28,109,3,1774.6,2024-03-26,169.23,4.987,2531.85,-757.25,-42.67,2024,3,2024-03
4824,22,1,8,251731.0,2023-09-29,6360.91,5.0076,254823.14,-3092.14,-1.23,2023,9,2023-09
4826,20,102,3,2496.0,2024-09-01,199.93,5.6562,3392.53,-896.53,-35.92,2024,9,2024-09
4829,1,84,6,247515.85,2023-07-25,8663.64,4.7496,246892.95,622.9,0.25,2023,7,2023-07
4833,32,93,4,381812.6,2023-10-01,19409.47,5.0076,388779.45,-6966.85,-1.82,2023,10,2023-10
4877,26,146,14,6944.0,2024-04-14,99.02,5.1364,7120.49,-176.49,-2.54,2024,4,2024-04
4891,1,19,11,180756.0,2024-09-16,3358.13,5.5207,203931.51,-23175.51,-12.82,2024,9,2024-09
4907,36,93,15,1431797.25,2024-02-22,19409.47,4.9419,1438794.9,-6997.65,-0.49,2024,2,2024-02
4971,14,141,14,63597.75,2023-12-24,972.86,4.8619,66219.27,-2621.52,-4.12,2023,12,2023-12
4976,30,25,13,149761.8,2024-11-16,2139.99,5.7885,161035.32,-11273.52,-7.53,2024,11,2024-11
4991,16,74,3,246692.2,2024-11-21,17160.36,5.8173,299480.89,-52788.69,-21.4,2024,11,2024-11
5014,19,138,6,25098.0,2024-08-23,836.88,5.5263,27749.1,-2651.1,-10.56,2024,8,2024-08
5026,3,113,4,16701.0,2023-04-01,815.5,5.0804,16572.26,128.74,0.77,2023,4,2023-04
5027,15,42,15,89893.0,2024-02-24,1263.57,4.9851,94485.34,-4592.34,-5.11,2024,2,2024-02
5030,2,123,13,36102.0,2024-10-31,535.37,5.7779,40213.09,-4111.09,-11.39,2024,10,2024-10
5041,41,42,1,5693.35,2023-06-06,1263.57,4.9292,6228.39,-535.04,-9.4,2023,6,2023-06
5052,30,112,8,16575.6,2024-03-26,435.58,4.987,17377.9,-802.3,-4.84,2024,3,2024-03
5098,43,142,8,6611.0,2023-05-12,160.09,4.9234,6305.5,305.5,4.62,2023,5,2023-05
5119,24,76,13,1830248.15,2024-07-30,26304.27,5.6532,1933142.89,-102894.74,-5.62,2024,7,2024-07
5125,46,65,8,194238.9,2024-09-26,4996.52,5.4412,217496.52,-23257.62,-11.97,2024,9,2024-09
5135,26,98,4,317445.0,2023-01-05,15262.93,5.4026,329838.02,-12393.02,-3.9,2023,1,2023-01
5136,44,79,7,439876.6,2024-01-31,11724.63,4.9535,406545.68,33330.92,7.58,2024,1,2024-01
5147,18,94,11,448259.0,2023-04-23,8022.13,5.0497,445602.85,2656.15,0.59,2023,4,2023-04
5164,40,77,2,89409.0,2023-01-21,8617.27,5.1986,89595.48,-186.48,-0.21,2023,1,2023-01
5169,45,53,5,268375.0,2023-09-23,11332.93,4.9131,278399.09,-10024.09,-3.74,2023,9,2023-09
5195,30,80,13,1595914.5,2024-08-11,24177.04,5.5115,1732272.83,-136358.33,-8.54,2024,8,2024-08
5229,27,2,2,26596.2,2023-11-07,2829.74,4.867,27544.69,-948.49,-3.57,2023,11,2023-11
5247,26,60,14,1522515.0,2024-03-15,22370.78,4.9937,1563981.5,-41466.5,-2.72,2024,3,2024-03
5276,35,119,10,32558.0,2024-04-12,669.88,5.1364,34407.72,-1849.72,-5.68,2024,4,2024-04
5284,14,132,10,15630.0,2023-04-21,276.61,5.0497,13967.98,1662.02,10.63,2023,4,2023-04
5290,47,55,8,835903.1,2023-06-16,23326.09,4.8286,901058.87,-65155.77,-7.79,2023,6,2023-06
5314,30,114,3,2398.0,2023-05-20,152.46,4.9858,2280.41,117.59,4.9,2023,5,2023-05
5338,10,2,14,195974.0,2024-04-06,2829.74,5.052,200141.85,-4167.85,-2.13,2024,4,2024-04
5372,2,116,14,36057.0,2023-12-28,502.24,4.8413,34040.92,2016.08,5.59,2023,12,2023-12
5391,48,102,14,11065.6,2024-07-17,199.93,5.467,15302.24,-4236.64,-38.29,2024,7,2024-07
5401,18,30,10,306355.05,2023-02-15,5636.75,5.2243,294480.73,11874.32,3.88,2023,2,2023-02
5424,35,112,10,21810.0,2023-09-12,398.23,4.9505,19714.38,2095.62,9.61,2023,9,2023-09
5444,27,22,1,39453.0,2024-02-02,7630.67,4.9471,37749.69,1703.31,4.32,2024,2,2024-02
5446,39,142,7,5495.75,2024-11-10,149.71,5.7648,6041.34,-545.59,-9.93,2024,11,2024-11
5449,13,135,6,9867.0,2023-07-08,328.1,4.8799,9606.57,260.43,2.64,2023,7,2023-07
5500,4,20,1,30833.0,2024-04-04,5689.04,5.0237,28580.03,2252.97,7.31,2024,4,2024-04
5508,49,146,15,7068.0,2023-10-27,99.02,4.948,7349.26,-281.26,-3.98,2023,10,2023-10
5512,29,5,8,179884.4,2023-06-09,4920.79,4.8922,192587.91,-12703.51,-7.06,2023,6,2023-06
5522,25,115,5,4153.0,2024-06-20,167.9,5.4254,4554.62,-401.62,-9.67,2024,6,2024-06
5537,3,116,11,28331.0,2023-06-05,502.24,4.9236,27201.12,1129.88,3.99,2023,6,2023-06
5549,18,20,10,308334.0,2024-04-28,5689.04,5.1184,291187.82,17146.18,5.56,2024,4,2024-04
5577,27,44,4,41065.65,2023-11-02,1963.02,5.0194,39412.73,1652.92,4.03,2023,11,2023-11
5581,12,109,4,2491.0,2023-09-10,169.23,4.9835,3373.43,-882.43,-35.42,2023,9,2023-09
5595,14,58,12,1305895.0,2023-09-30,20157.55,5.0076,1211291.37,94603.63,7.24,2023,9,2023-09
5629,5,9,10,397055.0,2023-02-22,7933.96,5.173,410423.75,-13368.75,-3.37,2023,2,2023-02
5638,46,66,4,50287.0,2023-02-25,2360.29,5.1791,48896.71,1390.29,2.76,2023,2,2023-02
5649,20,128,7,32555.0,2023-01-31,853.09,5.0993,30451.13,2103.87,6.46,2023,1,2023-01
5653,9,98,10,793611.0,2023-08-29,15262.93,4.8706,743396.27,50214.73,6.33,2023,8,2023-08
5662,43,74,12,986767.85,2024-10-30,17160.36,5.7801,1190263.16,-203495.31,-20.62,2024,10,2024-10
5687,13,107,7,10594.0,2023-07-04,295.48,4.8056,9939.71,654.29,6.18,2023,7,2023-07
5702,47,36,11,236184.25,2023-12-26,4476.41,4.8368,238166.5,-1982.25,-0.84,2023,12,2023-12
5722,36,78,13,1582900.0,2023-03-10,23053.04,5.1822,1553051.03,29848.97,1.89,2023,3,2023-03
5734,22,101,7,3244.0,2024-11-22,82.96,5.8124,3375.38,-131.38,-4.05,2024,11,2024-11
5744,12,29,2,73021.0,2024-08-24,7689.63,5.5263,84990.4,-11969.4,-16.39,2024,8,2024-08
5783,27,97,1,135335.0,2024-08-06,25607.88,5.6528,144756.22,-9421.22,-6.96,2024,8,2024-08
5835,15,23,3,33536.0,2024-03-07,2108.74,4.9364,31228.75,2307.25,6.88,2024,3,2024-03
5836,5,99,13,1324743.65,2024-09-09,18977.86,5.6097,1383981.32,-59237.67,-4.47,2024,9,2024-09
5855,19,50,5,53561.0,2024-08-02,2378.45,5.7366,68221.08,-14660.08,-27.37,2024,8,2024-08
5865,28,37,13,74936.0,2024-03-27,1211.89,4.9856,78545.98,-3609.98,-4.82,2024,3,2024-03
5877,21,96,9,603808.6,2024-07-02,14776.4,5.6677,753733.82,-149925.22,-24.83,2024,7,2024-07
5891,13,147,13,37421.45,2024-10-13,592.19,5.6263,43313.9,-5892.45,-15.75,2024,10,2024-10
5913,8,31,6,47214.05,2024-04-16,1686.13,5.2635,53249.67,-6035.62,-12.78,2024,4,2024-04
5920,29,45,5,47043.05,2024-08-25,1881.33,5.5263,51983.97,-4940.92,-10.5,2024,8,2024-08
5994,38,30,12,367625.3,2024-05-16,6558.44,5.127,403501.46,-35876.16,-9.76,2024,5,2024-05
5999,15,70,4,137422.0,2023-11-25,6655.06,4.8927,130244.85,7177.15,5.22,2023,11,2023-11
6030,25,18,13,345442.0,2023-01-26,4834.43,5.0951,320214.76,25227.24,7.3,2023,1,2023-01
6036,29,136,4,7499.3,2024-11-12,390.62,5.7694,9014.57,-1515.27,-20.21,2024,11,2024-11
6043,35,80,10,1227626.1,2023-08-10,24177.04,4.8518,1173021.63,54604.47,4.45,2023,8,2023-08
6046,16,94,12,489010.0,2023-05-23,8022.13,4.9674,478189.54,10820.46,2.21,2023,5,2023-05
6047,31,58,4,435298.0,2024-08-09,19252.13,5.5115,424432.46,10865.54,2.5,2024,8,2024-08
6050,35,5,1,23669.0,2024-10-31,4327.37,5.7779,25003.11,-1334.11,-5.64,2024,10,2024-10
6071,48,54,15,1823022.0,2024-10-13,23191.9,5.6263,1957268.8,-134246.8,-7.36,2024,10,2024-10
6078,33,142,9,7066.1,2024-12-03,149.71,6.0707,8179.6,-1113.5,-15.76,2024,12,2024-12
6082,25,8,11,52084.7,2024-07-04,947.05,5.4839,57128.8,-5044.1,-9.68,2024,7,2024-07
6128,17,70,12,391651.75,2023-07-25,6655.06,4.7496,379306.48,12345.27,3.15,2023,7,2023-07
6187,46,47,4,24492.0,2024-10-16,1116.66,5.6749,25347.74,-855.74,-3.49,2024,10,2024-10
6194,37,143,11,48801.0,2023-05-27,896.83,5.0114,49438.11,-637.11,-1.31,2023,5,2023-05
6215,23,145,4,16529.05,2024-10-15,875.03,5.6378,19732.98,-3203.93,-19.38,2024,10,2024-10
6232,10,77,3,134114.0,2024-10-18,8959.75,5.6672,152330.09,-18216.09,-13.58,2024,10,2024-10
6249,26,95,4,279232.0,2024-02-02,12945.63,4.9471,256173.3,23058.7,8.26,2024,2,2024-02
6263,8,63,6,797758.7,2024-04-06,27618.14,5.052,837161.06,-39402.36,-4.94,2024,4,2024-04
6270,26,115,3,2367.4,2024-12-29,167.9,6.1991,3122.49,-755.09,-31.9,2024,12,2024-12
6275,6,16,11,313562.7,2023-08-31,5615.94,4.9219,304052.05,9510.65,3.03,2023,8,2023-08
6277,37,49,8,106114.0,2023-10-22,2627.0,5.0528,106189.64,-75.64,-0.07,2023,10,2023-10
6285,42,31,12,99397.0,2023-02-04,2418.07,5.103,148072.93,-48675.93,-48.97,2023,2,2023-02
6293,44,50,13,146588.0,2023-03-30,2179.61,5.1254,145227.85,1360.15,0.93,2023,3,2023-03
6316,41,99,9,917130.0,2024-06-04,21330.89,5.2687,1011474.54,-94344.54,-10.29,2024,6,2024-06
6340,17,134,4,18870.0,2024-07-25,948.15,5.6402,21391.02,-2521.02,-13.36,2024,7,2024-07
6358,4,121,5,18471.0,2024-06-29,747.93,5.5589,20788.34,-2317.34,-12.55,2024,6,2024-06
6368,39,60,6,619881.65,2023-11-28,22190.02,4.8867,650615.82,-30734.17,-4.96,2023,11,2023-11
6378,35,12,2,5452.0,2024-05-03,527.97,5.0668,5350.24,101.76,1.87,2024,5,2024-05
6425,43,54,4,486139.0,2023-11-04,23191.9,4.891,453726.33,32412.67,6.67,2023,11,2023-11
6458,34,72,10,996646.0,2024-01-25,30675.48,4.9232,1510215.23,-513569.23,-51.53,2024,1,2024-01
6477,46,29,5,182552.0,2023-07-05,7689.63,4.8577,186769.58,-4217.58,-2.31,2023,7,2023-07
6486,17,28,15,203184.1,2023-12-19,2921.84,4.8663,213278.25,-10094.15,-4.97,2023,12,2023-12
6490,12,20,6,185001.0,2024-08-25,5689.04,5.5263,188636.05,-3635.05,-1.96,2024,8,2024-08
6502,40,85,13,476446.85,2024-08-21,7885.27,5.4707,560793.31,-84346.46,-17.7,2024,8,2024-08
6510,2,135,12,18747.3,2023-03-04,318.15,5.2037,19866.69,-1119.39,-5.97,2023,3,2023-03
6512,36,25,12,138242.1,2023-04-10,2389.36,5.0834,145752.87,-7510.77,-5.43,2023,4,2023-04
6516,41,68,15,953284.15,2023-06-20,13226.26,4.793,950901.96,2382.19,0.25,2023,6,2023-06
6520,13,95,13,862129.75,2024-09-10,12945.63,5.6254,946716.51,-84586.76,-9.81,2024,9,2024-09
6526,2,56,6,245036.35,2023-08-07,8087.59,4.901,237823.67,7212.68,2.94,2023,8,2023-08
6531,44,55,5,549936.0,2024-06-30,22138.68,5.5589,615333.54,-65397.54,-11.89,2024,6,2024-06
6567,24,128,14,65110.0,2024-03-24,853.09,4.9897,59593.28,5516.72,8.47,2024,3,2024-03
6581,43,3,13,111448.3,2024-11-28,1753.77,5.9871,136499.95,-25051.65,-22.48,2024,11,2024-11
6611,36,95,8,558464.0,2024-11-30,12945.63,6.0535,626930.97,-68466.97,-12.26,2024,11,2024-11
6634,36,98,6,452358.65,2024-07-25,15850.04,5.6402,536384.37,-84025.72,-18.58,2024,7,2024-07
6638,21,77,2,89409.0,2023-03-19,8959.75,5.2679,94398.13,-4989.13,-5.58,2023,3,2023-03
6678,27,121,7,25860.0,2023-06-30,746.8,4.8192,25192.85,667.15,2.58,2023,6,2023-06
6713,25,103,15,26838.0,2024-05-27,341.7,5.1704,26500.89,337.11,1.26,2024,5,2024-05
6721,22,54,9,1093813.0,2023-03-22,23191.9,5.2648,1098906.44,-5093.44,-0.47,2023,3,2023-03
6729,4,107,13,18690.3,2023-09-01,295.48,4.9318,18944.23,-253.93,-1.36,2023,9,2023-09
6767,1,21,15,124467.1,2024-06-24,1689.08,5.4,136815.48,-12348.38,-9.92,2024,6,2024-06
6775,41,18,4,106290.0,2023-07-03,4834.43,4.7876,92581.27,13708.73,12.9,2023,7,2023-07
6819,9,94,1,40751.0,2024-10-26,8022.13,5.6969,45701.27,-4950.27,-12.15,2024,10,2024-10
6824,22,30,14,428896.5,2023-10-15,6558.44,5.0625,464829.43,-35932.93,-8.38,2023,10,2023-10
6853,48,62,8,776887.2,2024-01-21,20000.78,4.9223,787598.72,-10711.52,-1.38,2024,1,2024-01
6876,27,82,11,567974.0,2023-01-07,9770.29,5.2855,568049.55,-75.55,-0.01,2023,1,2023-01
6888,8,30,9,290231.0,2023-07-05,5636.75,4.8577,246434.76,43796.24,15.09,2023,7,2023-07
6904,42,6,13,145979.85,2023-11-26,2104.66,4.8927,133867.11,12112.74,8.3,2023,11,2023-11
6909,2,124,2,7540.0,2023-08-28,725.63,4.8938,7102.18,437.82,5.81,2023,8,2023-08
6910,44,51,9,548559.45,2023-06-15,12243.38,4.8222,531360.24,17199.21,3.14,2023,6,2023-06
6911,15,140,1,3135.0,2024-05-07,612.49,5.061,3099.81,35.19,1.12,2024,5,2024-05
6928,7,10,13,416430.0,2024-08-20,6547.91,5.4547,464319.5,-47889.5,-11.5,2024,8,2024-08
6961,25,77,12,536456.0,2024-10-22,8959.75,5.6958,612395.33,-75939.33,-14.16,2024,10,2024-10
6966,28,74,15,1298378.0,2023-01-03,22250.99,5.3759,1794286.46,-495908.46,-38.19,2023,1,2023-01
6997,20,87,7,444618.05,2023-05-16,11794.37,4.9122,405554.13,39063.92,8.79,2023,5,2023-05
7002,1,134,10,47176.0,2023-05-05,899.33,4.9696,44693.1,2482.9,5.26,2023,5,2023-05
7008,28,145,8,33059.05,2023-10-18,820.56,5.0568,33195.26,-136.21,-0.41,2023,10,2023-10
7013,18,1,14,440529.25,2023-10-02,6360.91,5.0679,451310.38,-10781.13,-2.45,2023,10,2023-10
7017,47,149,8,9309.0,2023-02-05,217.62,5.103,8884.12,424.88,4.56,2023,2,2023-02
7031,25,35,8,83641.8,2023-03-04,2106.85,5.2037,87707.32,-4065.52,-4.86,2023,3,2023-03
7046,17,146,8,3769.6,2024-05-18,99.02,5.1157,4052.45,-282.85,-7.5,2024,5,2024-05
7058,37,15,4,111599.0,2023-05-31,5267.98,5.0959,107380.4,4218.6,3.78,2023,5,2023-05
7065,35,143,14,62110.0,2024-04-13,896.83,5.1364,64490.69,-2380.69,-3.83,2024,4,2024-04
7077,11,4,13,43964.0,2024-08-13,679.13,5.4875,48447.44,-4483.44,-10.2,2024,8,2024-08
7081,42,29,3,104054.45,2023-07-12,7689.63,4.8058,110864.47,-6810.02,-6.54,2023,7,2023-07
7099,7,71,10,1301741.0,2024-09-24,23100.17,5.4702,1263625.5,38115.5,2.93,2024,9,2024-09
7112,33,15,8,212038.1,2024-05-10,5267.98,5.1464,216889.06,-4850.96,-2.29,2024,5,2024-05
7114,23,76,2,296396.0,2023-10-01,27945.06,5.0076,279875.36,16520.64,5.57,2023,10,2023-10
7117,20,98,13,1031695.0,2023-08-03,15262.93,4.8797,968220.75,63474.25,6.15,2023,8,2023-08
7136,15,120,12,35619.3,2023-09-11,635.45,4.9366,37643.55,-2024.25,-5.68,2023,9,2023-09
7159,49,69,8,344014.0,2023-09-19,9219.51,4.8575,358270.16,-14256.16,-4.14,2023,9,2023-09
7166,7,107,8,12107.0,2024-04-20,311.59,5.2269,13029.2,-922.2,-7.62,2024,4,2024-04
7209,27,41,7,74200.0,2024-03-10,2005.71,4.9751,69850.25,4349.75,5.86,2024,3,2024-03
7217,33,77,9,382224.9,2024-10-15,8959.75,5.6378,454619.51,-72394.61,-18.94,2024,10,2024-10
7239,6,28,14,189639.0,2023-07-31,2723.39,4.7415,180781.35,8857.65,4.67,2023,7,2023-07
7265,36,89,8,597952.8,2024-06-16,14832.32,5.363,636365.86,-38413.06,-6.42,2024,6,2024-06
7269,5,6,4,44916.95,2023-10-03,2104.66,5.11,43019.25,1897.7,4.22,2023,10,2023-10
7276,32,78,3,347020.75,2023-10-02,25349.04,5.0679,385399.2,-38378.45,-11.06,2023,10,2023-10
7311,7,26,4,69133.0,2024-01-09,3412.88,4.8937,66806.44,2326.56,3.37,2024,1,2024-01
7322,4,80,11,1421462.0,2024-04-28,24177.04,5.1184,1361225.38,60236.62,4.24,2024,4,2024-04
7329,30,86,12,1122278.0,2023-04-08,17824.79,5.0683,1084096.6,38181.4,3.4,2023,4,2023-04
7338,31,58,12,1305895.0,2024-10-18,19694.26,5.6672,1339335.72,-33440.72,-2.56,2024,10,2024-10
7358,27,15,6,159029.05,2024-06-22,5267.98,5.4416,171997.44,-12968.39,-8.15,2024,6,2024-06
7368,32,68,8,508418.15,2024-11-27,13317.89,5.8291,621050.5,-112632.35,-22.15,2024,11,2024-11
7373,6,149,14,16291.0,2024-12-01,225.94,6.0535,19148.19,-2857.19,-17.54,2024,12,2024-12
7408,15,124,14,52779.0,2024-02-07,725.63,4.9608,50395.87,2383.13,4.52,2024,2,2024-02
7423,25,67,15,1286836.0,2023-02-08,16720.73,5.2036,1305119.86,-18283.86,-1.42,2023,2,2023-02
7435,26,11,2,72464.0,2024-10-06,7246.24,5.4686,79253.58,-6789.58,-9.37,2024,10,2024-10
7437,8,32,5,59386.4,2024-11-23,2288.99,5.8124,66522.63,-7136.23,-12.02,2024,11,2024-11
7444,18,103,11,18696.95,2023-11-23,341.7,4.8931,18391.69,305.26,1.63,2023,11,2023-11
7490,35,127,15,23240.0,2024-05-11,296.24,5.1464,22868.54,371.46,1.6,2024,5,2024-05
7495,24,68,5,334486.0,2024-10-20,13317.89,5.6672,377375.73,-42889.73,-12.82,2024,10,2024-10
7518,20,111,13,52922.6,2024-10-15,860.37,5.6378,63057.72,-10135.12,-19.15,2024,10,2024-10
7521,4,139,1,1353.75,2024-09-21,246.89,5.4775,1352.34,1.41,0.1,2024,9,2024-09
7531,29,150,13,20324.3,2024-05-11,332.26,5.1464,22229.26,-1904.96,-9.37,2024,5,2024-05
7541,49,89,12,896930.15,2023-03-16,14832.32,5.2892,941413.28,-44483.13,-4.96,2023,3,2023-03
7607,7,53,13,697775.0,2024-02-01,11332.93,4.935,727064.12,-29289.12,-4.2,2024,2,2024-02
7625,39,4,15,48191.6,2023-06-22,654.31,4.775,46864.95,1326.65,2.75,2023,6,2023-06
7641,22,20,1,29291.35,2023-04-16,5689.04,4.9455,28135.15,1156.2,3.95,2023,4,2023-04
7642,38,9,15,565802.9,2023-09-08,7933.96,4.9835,593083.34,-27280.44,-4.82,2023,9,2023-09
7671,2,101,4,1854.0,2023-02-04,87.95,5.103,1795.24,58.76,3.17,2023,2,2023-02
7675,22,3,15,135363.0,2024-07-14,1753.77,5.4529,143446.99,-8083.99,-5.97,2024,7,2024-07
7698,47,41,14,140980.0,2023-05-14,2005.71,4.9234,138248.78,2731.22,1.94,2023,5,2023-05
7715,3,5,6,142014.0,2024-06-13,4752.24,5.3974,153898.44,-11884.44,-8.37,2024,6,2024-06
7718,34,126,1,2543.15,2023-05-11,467.05,4.9696,2321.05,222.1,8.73,2023,5,2023-05
7738,3,33,1,6380.2,2024-04-26,1325.97,5.1184,6786.84,-406.64,-6.37,2024,4,2024-04
7741,9,138,4,16732.0,2023-01-25,826.61,5.1042,16876.73,-144.73,-0.86,2023,1,2023-01
7815,22,56,6,245036.35,2024-12-20,8087.59,6.078,294938.23,-49901.88,-20.37,2024,12,2024-12
7816,21,52,6,82225.0,2023-04-22,2634.69,5.0497,79826.36,2398.64,2.92,2023,4,2023-04
7831,5,2,10,132982.9,2024-04-14,2829.74,5.1364,145346.77,-12363.87,-9.3,2024,4,2024-04
7842,47,90,9,676282.2,2023-03-22,14083.78,5.2648,667334.56,8947.64,1.32,2023,3,2023-03
7847,2,108,4,13382.0,2023-10-16,653.47,5.0618,13230.94,151.06,1.13,2023,10,2023-10
7848,36,57,14,1579914.6,2023-07-16,22497.79,4.7957,1510497.12,69417.48,4.39,2023,7,2023-07
7855,23,39,10,296328.0,2024-01-16,5270.87,4.9038,258472.92,37855.08,12.77,2024,1,2024-01
7883,37,124,13,49009.0,2024-04-04,725.63,5.0237,47389.52,1619.48,3.3,2024,4,2024-04
7898,29,71,6,741991.8,2023-02-25,24528.75,5.1791,762221.09,-20229.29,-2.73,2023,2,2023-02
7908,18,14,9,306185.0,2023-11-24,6767.66,4.8927,298009.17,8175.83,2.67,2023,11,2023-11
7909,5,86,15,1332704.65,2023-12-20,17824.79,4.8766,1303865.56,28839.09,2.16,2023,12,2023-12
7912,40,46,5,24919.0,2024-05-12,1000.64,5.1464,25748.47,-829.47,-3.33,2024,5,2024-05
7918,15,44,12,129682.0,2024-12-16,2159.34,6.0509,156791.4,-27109.4,-20.9,2024,12,2024-12
7925,2,49,4,53057.0,2023-06-22,2627.0,4.775,50175.7,2881.3,5.43,2023,6,2023-06
7964,29,133,4,7571.0,2024-03-11,381.67,4.9777,7599.36,-28.36,-0.37,2024,3,2024-03
7979,16,106,4,17539.0,2024-11-06,918.37,5.7648,21176.88,-3637.88,-20.74,2024,11,2024-11
8005,49,36,11,248615.0,2023-12-01,4476.41,4.9191,242218.99,6396.01,2.57,2023,12,2023-12
8017,43,73,15,2147399.0,2023-10-12,27541.35,5.0496,2086092.01,61306.99,2.85,2023,10,2023-10
8026,13,71,1,123665.3,2024-02-05,27484.92,5.0053,137570.27,-13904.97,-11.24,2024,2,2024-02
8033,39,39,11,309662.95,2024-10-02,5270.87,5.4305,314858.05,-5195.1,-1.68,2024,10,2024-10
8050,48,103,13,22096.05,2024-11-23,326.91,5.8124,24701.71,-2605.66,-11.79,2024,11,2024-11
8051,32,65,8,194238.9,2024-10-13,4996.52,5.6263,224895.36,-30656.46,-15.78,2024,10,2024-10
8052,27,48,9,132627.0,2023-05-29,2836.04,4.9954,127504.39,5122.61,3.86,2023,5,2023-05
8054,6,33,2,12760.4,2023-12-09,1268.8,4.9158,12474.33,286.07,2.24,2023,12,2023-12
8066,17,39,10,281511.6,2024-03-12,5270.87,4.9813,262557.85,18953.75,6.73,2024,3,2024-03
8074,38,148,14,63648.1,2024-06-30,885.1,5.5589,68882.55,-5234.45,-8.22,2024,6,2024-06
8099,7,104,8,29704.0,2023-01-21,742.54,5.1986,30881.35,-1177.35,-3.96,2023,1,2023-01
8112,37,134,11,51894.0,2024-09-09,948.15,5.6097,58507.21,-6613.21,-12.74,2024,9,2024-09
8115,23,48,8,111996.45,2023-06-22,2836.04,4.775,108336.73,3659.72,3.27,2023,6,2023-06
8123,7,143,11,46360.95,2024-03-23,896.83,4.9897,49224.04,-2863.09,-6.18,2024,3,2024-03
8129,29,1,1,33123.0,2023-03-11,6360.91,5.1822,32963.51,159.49,0.48,2023,3,2023-03
8153,24,13,13,100712.0,2024-03-16,1356.5,4.9937,88061.4,12650.6,12.56,2024,3,2024-03
8160,37,12,7,18128.85,2023-05-13,527.97,4.9234,18195.85,-67.0,-0.37,2023,5,2023-05
8161,2,20,4,117167.3,2023-12-11,5689.04,4.944,112506.46,4660.84,3.98,2023,12,2023-12
8169,26,64,15,1672583.0,2023-09-02,21352.22,4.9318,1579573.18,93009.82,5.56,2023,9,2023-09
8181,9,42,3,17979.0,2023-02-24,1263.57,5.1791,19632.47,-1653.47,-9.2,2023,2,2023-02
8214,8,38,1,25137.95,2024-12-25,4851.61,6.1541,29857.29,-4719.34,-18.77,2024,12,2024-12
8227,1,60,8,826508.55,2023-10-22,22190.02,5.0528,896973.86,-70465.31,-8.53,2023,10,2023-10
8242,14,64,11,1165232.95,2023-11-28,21352.22,4.8867,1147760.83,17472.12,1.5,2023,11,2023-11
8259,15,147,12,34542.95,2023-06-29,592.19,4.8584,34525.15,17.8,0.05,2023,6,2023-06
8260,24,24,13,286917.1,2023-06-03,4129.65,4.9558,266054.35,20862.75,7.27,2023,6,2023-06
8281,2,20,6,185001.0,2023-05-27,5689.04,5.0114,171060.33,13940.67,7.54,2023,5,2023-05
8337,10,37,13,78880.0,2024-10-16,1211.89,5.6749,89405.61,-10525.61,-13.34,2024,10,2024-10
8346,27,57,6,677105.85,2024-06-21,23810.02,5.4416,777387.63,-100281.78,-14.81,2024,6,2024-06
8373,12,107,14,21187.0,2023-10-28,295.48,4.948,20468.49,718.51,3.39,2023,10,2023-10
8376,2,92,14,1181759.15,2023-03-07,16745.97,5.1901,1216785.62,-35026.47,-2.96,2023,3,2023-03
8387,43,6,14,157208.85,2023-05-22,2104.66,4.968,146383.31,10825.54,6.89,2023,5,2023-05
8391,22,92,9,759702.65,2023-06-07,16745.97,4.9119,740290.77,19411.88,2.56,2023,6,2023-06
8395,31,56,1,40839.55,2023-04-02,8087.59,5.0804,41088.19,-248.64,-0.61,2023,4,2023-04
8410,30,47,6,34901.1,2023-09-15,1496.29,4.8689,43711.72,-8810.62,-25.24,2023,9,2023-09
8440,19,38,4,100552.75,2023-11-14,5439.42,4.8682,105920.74,-5367.99,-5.34,2023,11,2023-11
8444,46,9,1,39706.0,2023-12-23,7933.96,4.8619,38574.12,1131.88,2.85,2023,12,2023-12
8481,29,87,6,401159.0,2023-10-05,13597.7,5.1713,421906.72,-20747.72,-5.17,2023,10,2023-10
8500,44,4,11,35340.95,2024-06-27,679.13,5.5229,41258.44,-5917.49,-16.74,2024,6,2024-06
8518,34,33,9,57419.9,2023-08-07,1268.8,4.901,55965.5,1454.4,2.53,2023,8,2023-08
8569,23,145,9,39149.0,2024-01-03,820.56,4.9212,36343.26,2805.74,7.17,2024,1,2024-01
8579,8,45,9,89133.0,2023-04-18,1881.33,4.9678,84114.64,5018.36,5.63,2023,4,2023-04
8580,7,105,13,3822.8,2024-04-19,62.64,5.2269,4256.37,-433.57,-11.34,2024,4,2024-04
8585,23,125,9,29088.05,2024-03-19,646.27,5.0352,29286.89,-198.84,-0.68,2024,3,2024-03
8627,33,149,1,1164.0,2023-04-05,225.94,5.0447,1139.8,24.2,2.08,2023,4,2023-04
8658,46,93,7,668172.05,2023-05-28,19409.47,5.0114,680880.33,-12708.28,-1.9,2023,5,2023-05
8660,38,119,10,30930.1,2023-06-22,625.1,4.775,29848.53,1081.57,3.5,2023,6,2023-06
8664,39,72,9,896982.0,2023-12-05,30675.48,4.9522,1367200.01,-470218.01,-52.42,2023,12,2023-12
8751,29,115,10,7890.7,2024-01-03,167.9,4.9212,8262.69,-371.99,-4.71,2024,1,2024-01
8765,15,71,11,1431915.0,2024-04-28,27484.92,5.1184,1547466.96,-115551.96,-8.07,2024,4,2024-04
8766,8,94,8,309706.65,2024-10-12,8022.13,5.6263,361079.28,-51372.63,-16.59,2024,10,2024-10
8782,9,103,2,3399.1,2024-05-28,341.7,5.1538,3522.11,-123.01,-3.62,2024,5,2024-05
8799,40,30,1,30635.6,2024-09-08,6558.44,5.5702,36531.82,-5896.22,-19.25,2024,9,2024-09
8814,17,145,6,24794.05,2024-02-02,820.56,4.9471,24356.35,437.7,1.77,2024,2,2024-02
8821,28,102,10,7904.0,2023-01-17,199.93,5.1203,10237.02,-2333.02,-29.52,2023,1,2023-01
8851,45,86,6,561139.0,2024-10-01,17824.79,5.4521,583095.23,-21956.23,-3.91,2024,10,2024-10
8855,11,46,15,74757.0,2024-04-30,1000.64,5.1718,77626.65,-2869.65,-3.84,2024,4,2024-04
8862,2,17,4,56155.0,2023-07-05,2833.14,4.8577,55050.18,1104.82,1.97,2023,7,2023-07
8866,12,132,8,12504.0,2024-10-20,314.46,5.6672,14256.86,-1752.86,-14.02,2024,10,2024-10
8871,14,4,5,16909.0,2024-03-24,679.13,4.9897,16943.27,-34.27,-0.2,2024,3,2024-03
8877,22,116,12,30906.0,2023-07-20,502.24,4.7888,28861.52,2044.48,6.62,2023,7,2023-07
8880,40,126,10,26771.0,2023-05-27,467.05,5.0114,23405.74,3365.26,12.57,2023,5,2023-05
8881,2,74,8,657844.6,2024-02-06,17160.36,4.9687,682117.45,-24272.85,-3.69,2024,2,2024-02
8893,35,18,7,176706.65,2023-02-03,4834.43,5.103,172690.67,4015.98,2.27,2023,2,2023-02
8896,36,30,11,336990.65,2023-05-05,5636.75,4.9696,308136.32,28854.33,8.56,2023,5,2023-05
8897,37,5,12,284028.0,2023-01-03,4920.79,5.3759,317444.1,-33416.1,-11.77,2023,1,2023-01
8899,47,20,9,277501.0,2023-09-06,5689.04,4.9762,254788.21,22712.79,8.18,2023,9,2023-09
8900,22,42,8,47943.0,2024-03-22,1263.57,4.9897,50438.68,-2495.68,-5.21,2024,3,2024-03
8909,48,91,12,1537700.4,2024-06-06,27671.77,5.2681,1749331.82,-211631.42,-13.76,2024,6,2024-06
8910,16,39,10,281511.6,2023-12-19,5270.87,4.8663,256496.35,25015.25,8.89,2023,12,2023-12
8931,31,61,13,364242.0,2024-11-15,5102.18,5.7885,383941.6,-19699.6,-5.41,2024,11,2024-11
9009,28,124,9,33929.0,2024-01-25,725.63,4.9232,32151.79,1777.21,5.24,2024,1,2024-01
9022,8,5,14,314797.7,2024-07-06,4752.24,5.497,365722.89,-50925.19,-16.18,2024,7,2024-07
9040,3,98,4,317445.0,2023-02-13,15262.93,5.1834,316455.49,989.51,0.31,2023,2,2023-02
9047,25,8,4,18940.15,2023-09-03,1006.07,4.9318,19846.94,-906.79,-4.79,2023,9,2023-09
9090,20,55,6,626926.85,2023-02-19,23326.09,5.2012,727941.96,-101015.11,-16.11,2023,2,2023-02
9108,26,116,9,22021.0,2023-07-10,502.24,4.8735,22029.0,-8.0,-0.04,2023,7,2023-07
9128,2,44,10,108068.0,2024-08-23,2159.34,5.5263,119331.61,-11263.61,-10.42,2024,8,2024-08
9152,39,81,8,928328.6,2023-07-12,23345.09,4.8058,897534.67,30793.93,3.32,2023,7,2023-07
9158,4,22,2,74960.7,2023-04-05,7630.67,5.0447,76988.88,-2028.18,-2.71,2023,4,2023-04
9168,3,45,7,65859.7,2023-01-23,1900.9,5.1922,69088.97,-3229.27,-4.9,2023,1,2023-01
9180,43,97,3,385704.75,2023-11-13,25607.88,4.9247,378333.38,7371.37,1.91,2023,11,2023-11
9213,21,60,15,1631266.0,2023-11-12,22190.02,4.9219,1638255.89,-6989.89,-0.43,2023,11,2023-11
9261,34,39,6,177797.0,2023-02-18,5270.87,5.2012,164489.09,13307.91,7.48,2023,2,2023-02
9266,20,88,13,628374.0,2023-05-24,9351.41,4.9474,601447.16,26926.84,4.29,2023,5,2023-05
9289,10,121,14,49134.0,2023-04-10,718.35,5.0834,51123.25,-1989.25,-4.05,2023,4,2023-04
9351,42,34,9,42045.1,2024-11-27,951.66,5.8291,49925.89,-7880.79,-18.74,2024,11,2024-11
9361,22,30,4,122541.45,2024-11-21,6558.44,5.8173,152609.65,-30068.2,-24.54,2024,11,2024-11
9364,23,28,10,135456.7,2024-12-12,2776.74,5.9408,164960.57,-29503.87,-21.78,2024,12,2024-12
9406,40,21,6,52407.0,2023-09-16,1674.22,4.8689,48909.66,3497.34,6.67,2023,9,2023-09
9430,18,73,6,816012.0,2023-02-19,27541.35,5.2012,859488.42,-43476.42,-5.33,2023,2,2023-02
9437,45,18,6,159435.0,2023-08-05,5536.62,4.8609,161477.74,-2042.74,-1.28,2023,8,2023-08
9453,37,139,9,12182.8,2023-04-02,246.89,5.0804,11288.7,894.1,7.34,2023,4,2023-04
9457,39,97,8,1082681.0,2024-11-24,25607.88,5.8124,1190745.93,-108064.93,-9.98,2024,11,2024-11
9463,15,41,6,60420.0,2024-05-02,2005.71,5.1184,61596.16,-1176.16,-1.95,2024,5,2024-05
9479,14,114,2,1519.05,2023-03-06,152.46,5.197,1584.67,-65.62,-4.32,2023,3,2023-03
9494,25,103,1,1699.55,2023-03-27,341.7,5.2306,1787.3,-87.75,-5.16,2023,3,2023-03
9533,19,139,12,17099.0,2023-05-05,246.89,4.9696,14723.33,2375.67,13.89,2023,5,2023-05
9596,37,62,9,873998.1,2024-12-14,20000.78,6.04,1087242.4,-213244.3,-24.4,2024,12,2024-12
9616,44,56,10,408393.6,2023-01-08,8087.59,5.2855,427469.57,-19075.97,-4.67,2023,1,2023-01
9665,40,129,4,13065.0,2023-01-18,598.62,5.0909,12190.06,874.94,6.7,2023,1,2023-01
9691,42,51,15,962385.0,2023-02-17,12243.38,5.2012,955204.02,7180.98,0.75,2023,2,2023-02
9694,27,14,2,71622.0,2024-04-05,6767.66,5.052,68380.44,3241.56,4.53,2024,4,2024-04
9712,45,128,11,48600.1,2023-09-26,853.09,4.9717,46654.38,1945.72,4.0,2023,9,2023-09
9731,49,50,6,67656.0,2024-11-08,2378.45,5.7648,82267.73,-14611.73,-21.6,2024,11,2024-11
9745,4,32,7,87517.0,2024-12-20,2288.99,6.078,97387.37,-9870.37,-11.28,2024,12,2024-12
9764,15,46,3,14951.0,2023-10-18,1000.64,5.0568,15180.11,-229.11,-1.53,2023,10,2023-10
9840,17,35,11,115007.95,2023-08-01,2106.85,4.7752,110666.93,4341.02,3.77,2023,8,2023-08
9844,5,71,5,618326.5,2024-11-17,23100.17,5.7885,668576.67,-50250.17,-8.13,2024,11,2024-11
9848,17,104,3,11139.0,2024-07-17,742.54,5.467,12178.4,-1039.4,-9.33,2024,7,2024-07
9888,5,71,9,1171567.0,2024-04-11,27484.92,5.0765,1255744.77,-84177.77,-7.19,2024,4,2024-04
9895,18,135,10,16445.0,2024-08-02,328.1,5.7366,18821.78,-2376.78,-14.45,2024,8,2024-08
9922,15,31,8,66265.0,2024-01-01,1686.13,4.8413,65304.49,960.51,1.45,2024,1,2024-01
9961,11,59,1,82807.7,2024-08-23,17522.59,5.5263,96835.09,-14027.39,-16.94,2024,8,2024-08
9976,38,103,14,23796.55,2023-08-04,341.7,4.8609,23253.57,542.98,2.28,2023,8,2023-08
9979,7,146,5,2480.0,2023-01-10,99.02,5.2395,2594.08,-114.08,-4.6,2023,1,2023-01
9985,13,109,8,4982.0,2023-12-11,169.23,4.944,6693.38,-1711.38,-34.35,2023,12,2023-12
13,43,19,2,31221.75,2024-04-28,3358.13,5.1184,34376.51,-3154.76,-10.1,2024,4,2024-04
14,13,125,15,48479.45,2024-05-06,646.27,5.0727,49175.01,-695.56,-1.43,2024,5,2024-05
46,25,120,5,15622.0,2023-12-15,635.45,4.9397,15694.66,-72.66,-0.47,2023,12,2023-12
107,38,98,8,634889.0,2024-08-10,15850.04,5.5115,698859.96,-63970.96,-10.08,2024,8,2024-08
148,13,111,15,61064.1,2024-09-06,860.37,5.5702,71886.49,-10822.39,-17.72,2024,9,2024-09
157,48,17,1,13337.05,2024-04-24,2833.14,5.1592,14616.74,-1279.69,-9.59,2024,4,2024-04
171,8,24,12,278786.0,2023-12-22,4129.65,4.8619,240935.34,37850.66,13.58,2023,12,2023-12
198,38,106,10,43849.0,2023-11-14,918.37,4.8682,44708.09,-859.09,-1.96,2023,11,2023-11
202,27,57,8,950325.0,2023-11-05,22497.79,4.891,880293.53,70031.47,7.37,2023,11,2023-11
203,13,18,3,79717.0,2023-01-18,4834.43,5.0909,73834.8,5882.2,7.38,2023,1,2023-01
221,39,104,4,14852.0,2023-07-23,742.54,4.7732,14177.17,674.83,4.54,2023,7,2023-07
232,42,144,9,18930.65,2024-01-18,422.52,4.9403,18786.38,144.27,0.76,2024,1,2024-01
233,23,83,4,539216.0,2023-06-05,35839.7,4.9236,705841.39,-166625.39,-30.9,2023,6,2023-06
265,15,64,12,1338067.0,2024-01-12,21352.22,4.8543,1243800.98,94266.02,7.04,2024,1,2024-01
282,30,130,1,4144.0,2024-08-10,752.23,5.5115,4145.92,-1.92,-0.05,2024,8,2024-08
299,42,137,6,20313.0,2024-11-15,673.98,5.7885,23408.0,-3095.0,-15.24,2024,11,2024-11
304,7,35,2,22011.0,2024-01-21,2106.85,4.9223,20741.1,1269.9,5.77,2024,1,2024-01
320,39,45,8,75268.5,2024-02-17,1881.33,4.9761,74893.49,375.01,0.5,2024,2,2024-02
321,42,8,7,34889.0,2024-10-01,947.05,5.4521,36143.88,-1254.88,-3.6,2024,10,2024-10
323,46,106,7,29159.3,2024-02-02,918.37,4.9471,31802.88,-2643.58,-9.07,2024,2,2024-02
327,43,60,8,826508.55,2023-10-19,22190.02,5.054,897186.89,-70678.34,-8.55,2023,10,2023-10
336,22,29,14,485587.75,2024-01-02,7689.63,4.8916,526604.32,-41016.57,-8.45,2024,1,2024-01
348,38,40,14,188648.15,2024-11-24,2867.26,5.8124,233319.27,-44671.12,-23.68,2024,11,2024-11
350,42,7,5,92714.3,2023-11-05,3678.62,4.891,89960.65,2753.65,2.97,2023,11,2023-11
362,39,20,10,292917.3,2024-04-21,5689.04,5.2269,297360.43,-4443.13,-1.52,2024,4,2024-04
365,14,112,11,23990.0,2024-06-23,406.44,5.4416,24328.52,-338.52,-1.41,2024,6,2024-06
374,6,22,15,562203.35,2024-08-06,7630.67,5.6528,647019.77,-84816.42,-15.09,2024,8,2024-08
395,3,29,11,381533.3,2023-02-27,7689.63,5.196,439508.49,-57975.19,-15.2,2023,2,2023-02
403,46,32,2,23754.75,2024-11-19,2288.99,5.7743,26434.63,-2679.88,-11.28,2024,11,2024-11
406,15,63,6,797758.7,2024-04-23,27618.14,5.1626,855488.46,-57729.76,-7.24,2024,4,2024-04
408,9,68,9,571970.3,2023-11-16,13998.43,4.8575,611976.36,-40006.06,-6.99,2023,11,2023-11
418,5,68,1,63552.15,2023-11-21,13998.43,4.8806,68320.74,-4768.59,-7.5,2023,11,2023-11
431,28,47,7,40717.95,2023-03-10,1496.29,5.1822,54278.52,-13560.57,-33.3,2023,3,2023-03
435,33,55,1,109987.0,2023-02-05,23326.09,5.103,119033.04,-9046.04,-8.22,2023,2,2023-02
440,20,83,6,808823.0,2024-02-28,35839.7,4.9557,1065664.81,-256841.81,-31.76,2024,2,2024-02
457,49,92,8,675291.35,2023-11-11,16745.97,4.9219,659375.92,15915.43,2.36,2023,11,2023-11
463,7,26,14,241965.0,2024-06-12,3378.85,5.3891,254925.45,-12960.45,-5.36,2024,6,2024-06
473,4,84,12,495032.65,2024-06-20,8456.45,5.4254,550555.49,-55522.84,-11.22,2024,6,2024-06
546,19,55,15,1567317.6,2023-11-01,23326.09,5.0194,1756244.64,-188927.04,-12.05,2023,11,2023-11
550,5,56,14,571750.85,2023-08-29,8087.59,4.8706,551479.82,20271.03,3.55,2023,8,2023-08
555,8,84,6,260543.0,2023-08-31,8951.16,4.9219,264340.29,-3797.29,-1.46,2023,8,2023-08
563,44,150,9,14811.0,2024-02-14,332.26,4.9723,14868.87,-57.87,-0.39,2024,2,2024-02
564,13,139,11,15674.0,2024-09-02,246.89,5.623,15270.89,403.11,2.57,2024,9,2024-09
605,41,9,4,150880.9,2023-04-02,7933.96,5.0804,161230.76,-10349.86,-6.86,2023,4,2023-04
638,9,62,1,97110.9,2023-12-10,20000.78,4.9158,98319.83,-1208.93,-1.24,2023,12,2023-12
677,18,7,8,156150.0,2023-01-21,3678.62,5.1986,152989.39,3160.61,2.02,2023,1,2023-01
687,18,149,1,1164.0,2024-06-20,225.94,5.4254,1225.81,-61.81,-5.31,2024,6,2024-06
732,35,64,12,1271163.65,2023-07-11,21352.22,4.8949,1254203.78,16959.87,1.33,2023,7,2023-07
748,8,43,10,350969.0,2024-06-20,6219.32,5.4254,337422.99,13546.01,3.86,2024,6,2024-06
758,38,96,7,469628.7,2023-02-25,13063.42,5.1791,473597.31,-3968.61,-0.85,2023,2,2023-02
779,5,107,1,1437.35,2024-03-09,311.59,4.9751,1550.19,-112.84,-7.85,2024,3,2024-03
787,18,106,15,62484.35,2024-07-08,918.37,5.472,75379.81,-12895.46,-20.64,2024,7,2024-07
805,2,135,12,19734.0,2024-07-09,328.1,5.4387,21413.25,-1679.25,-8.51,2024,7,2024-07
833,4,35,6,66033.0,2024-01-10,2106.85,4.8901,61816.24,4216.76,6.39,2024,1,2024-01
842,4,100,8,794961.9,2023-08-24,19807.28,4.8748,772452.23,22509.67,2.83,2023,8,2023-08
891,11,42,2,11386.7,2024-07-15,1263.57,5.4563,13788.83,-2402.13,-21.1,2024,7,2024-07
921,1,55,1,109987.0,2023-03-10,23326.09,5.1822,120880.46,-10893.46,-9.9,2023,3,2023-03
924,21,115,11,8679.2,2024-04-20,167.9,5.2269,9653.56,-974.36,-11.23,2024,4,2024-04
935,13,36,2,42942.85,2023-03-19,4221.25,5.2679,44474.25,-1531.4,-3.57,2023,3,2023-03
956,36,40,6,85104.0,2023-11-27,2970.73,4.8951,87252.12,-2148.12,-2.52,2023,11,2023-11
974,14,37,13,78880.0,2023-04-09,1181.71,5.0683,77860.39,1019.61,1.29,2023,4,2023-04
982,3,116,2,4893.45,2024-04-04,502.24,5.0237,5046.21,-152.76,-3.12,2024,4,2024-04
984,14,42,8,47943.0,2024-02-23,1263.57,4.9851,50392.18,-2449.18,-5.11,2024,2,2024-02
987,19,18,8,212580.0,2023-05-13,4834.43,4.9234,190414.66,22165.34,10.43,2023,5,2023-05
1029,43,99,4,407613.65,2024-05-01,21330.89,5.1718,441276.39,-33662.74,-8.26,2024,5,2024-05
1032,2,35,4,44022.0,2024-08-10,2106.85,5.5115,46447.62,-2425.62,-5.51,2024,8,2024-08
1034,49,6,10,118202.0,2023-10-08,2104.66,5.1918,109269.74,8932.26,7.56,2023,10,2023-10
1046,7,58,5,544123.0,2023-10-20,20157.55,5.0528,509260.34,34862.66,6.41,2023,10,2023-10
1059,15,150,4,6583.0,2024-08-17,332.26,5.4632,7260.81,-677.81,-10.3,2024,8,2024-08
1064,17,135,2,3289.0,2024-12-08,328.1,6.0293,3956.43,-667.43,-20.29,2024,12,2024-12
1066,11,65,14,357808.0,2024-02-09,5225.24,4.9717,363696.56,-5888.56,-1.65,2024,2,2024-02
1079,49,15,1,26505.0,2023-11-29,5267.98,4.8933,25777.81,727.19,2.74,2023,11,2023-11
1093,15,12,13,33668.0,2024-04-06,527.97,5.052,34674.96,-1006.96,-2.99,2024,4,2024-04
1101,36,12,15,40893.0,2023-11-26,527.97,4.8927,38747.98,2145.02,5.25,2023,11,2023-11
1104,24,14,6,204122.7,2024-04-22,6767.66,5.2043,211325.6,-7202.9,-3.53,2024,4,2024-04
1142,12,19,12,197188.0,2024-01-25,3358.13,4.9232,198392.95,-1204.95,-0.61,2024,1,2024-01
1153,17,18,12,318869.0,2024-03-21,5536.62,4.9807,330914.92,-12045.92,-3.78,2024,3,2024-03
1156,21,17,12,168465.0,2024-09-04,2833.14,5.6359,191607.52,-23142.52,-13.74,2024,9,2024-09
1158,49,133,11,19779.0,2023-03-28,348.47,5.1733,19830.14,-51.14,-0.26,2023,3,2023-03
1163,21,66,9,107487.75,2023-03-19,2360.29,5.2679,111903.95,-4416.2,-4.11,2023,3,2023-03
1167,3,111,7,28497.15,2023-01-17,821.82,5.1203,29455.75,-958.6,-3.36,2023,1,2023-01
1170,3,56,3,128966.0,2023-07-27,8087.59,4.7202,114525.13,14440.87,11.2,2023,7,2023-07
1186,10,102,7,5532.8,2023-12-16,199.93,4.9397,6913.16,-1380.36,-24.95,2023,12,2023-12
1228,11,61,12,319412.8,2024-05-15,5396.92,5.1423,333030.98,-13618.18,-4.26,2024,5,2024-05
1237,45,124,10,37699.0,2023-03-03,725.63,5.2037,37759.61,-60.61,-0.16,2023,3,2023-03
1245,49,131,7,6407.75,2023-06-10,196.2,4.8922,6718.95,-311.2,-4.86,2023,6,2023-06
1246,26,104,11,38800.85,2023-06-11,742.54,4.8922,39959.2,-1158.35,-2.99,2023,6,2023-06
1260,42,37,3,18203.0,2024-04-23,1211.89,5.1626,18769.51,-566.51,-3.11,2024,4,2024-04
1263,20,79,4,264587.0,2024-02-17,11724.63,4.9761,233371.73,31215.27,11.8,2024,2,2024-02
1266,24,80,6,775343.0,2024-12-21,24177.04,6.078,881688.29,-106345.29,-13.72,2024,12,2024-12
1292,17,87,9,571652.05,2024-06-22,13597.7,5.4416,665939.2,-94287.15,-16.49,2024,6,2024-06
1305,22,99,4,407613.65,2023-08-20,21330.89,4.9724,424262.87,-16649.22,-4.08,2023,8,2023-08
1316,47,24,8,176564.15,2023-08-25,4129.65,4.8772,161129.03,15435.12,8.74,2023,8,2023-08
1335,18,22,3,118359.0,2024-06-28,7630.67,5.5589,127254.39,-8895.39,-7.52,2024,6,2024-06
1361,11,28,15,203184.1,2023-03-17,2723.39,5.2679,215198.19,-12014.09,-5.91,2023,3,2023-03
1376,1,92,6,533125.0,2024-06-28,15985.84,5.5589,533182.12,-57.12,-0.01,2024,6,2024-06
1382,1,79,12,754073.9,2024-01-25,11724.63,4.9232,692672.38,61401.52,8.14,2024,1,2024-01
1386,30,114,13,9871.45,2023-02-19,152.46,5.2012,10308.67,-437.22,-4.43,2023,2,2023-02
1430,21,108,11,34960.95,2023-09-27,653.47,5.0289,36148.59,-1187.64,-3.4,2023,9,2023-09
1464,24,12,9,24536.0,2024-04-11,527.97,5.0765,24122.16,413.84,1.69,2024,4,2024-04
1465,8,132,11,17193.0,2024-05-30,314.46,5.1972,17977.43,-784.43,-4.56,2024,5,2024-05
1470,36,77,7,297286.35,2023-02-07,8959.75,5.1695,324221.99,-26935.64,-9.06,2023,2,2023-02
1497,37,67,10,814995.5,2023-12-10,16720.73,4.9158,821957.65,-6962.15,-0.85,2023,12,2023-12
1506,39,125,10,34021.0,2023-06-16,646.27,4.8286,31205.79,2815.21,8.27,2023,6,2023-06
1515,46,76,1,140788.1,2023-07-27,27945.06,4.7202,131906.27,8881.83,6.31,2023,7,2023-07
1533,46,21,9,74680.45,2023-07-31,1674.22,4.7415,71444.83,3235.62,4.33,2023,7,2023-07
1536,40,25,3,36379.0,2023-10-28,2389.36,4.948,35467.66,911.34,2.51,2023,10,2023-10
1538,16,35,9,99050.0,2024-10-13,2106.85,5.6263,106683.93,-7633.93,-7.71,2024,10,2024-10
1548,27,1,2,66245.0,2024-01-02,6574.8,4.8916,64322.58,1922.42,2.9,2024,1,2024-01
1552,8,41,5,53000.0,2024-01-20,2005.71,4.9223,49363.53,3636.47,6.86,2024,1,2024-01
1569,7,61,15,420279.0,2023-07-29,5396.92,4.7253,382530.99,37748.01,8.98,2023,7,2023-07
1576,48,129,8,26130.0,2024-02-26,661.98,4.9819,26383.35,-253.35,-0.97,2024,2,2024-02
1590,30,98,11,829323.4,2024-07-24,15850.04,5.6346,982394.99,-153071.59,-18.46,2024,7,2024-07
1626,29,35,10,110055.0,2024-01-31,2106.85,4.9535,104362.81,5692.19,5.17,2024,1,2024-01
1641,25,147,4,11514.0,2024-09-08,592.19,5.5702,13194.47,-1680.47,-14.59,2024,9,2024-09
1645,9,4,1,3212.9,2024-07-21,679.13,5.5543,3772.09,-559.19,-17.4,2024,7,2024-07
1648,14,87,7,468019.0,2023-12-27,13597.7,4.8306,459795.35,8223.65,1.76,2023,12,2023-12
1668,18,136,6,11841.0,2023-02-05,533.84,5.103,16345.11,-4504.11,-38.04,2023,2,2023-02
1670,48,70,7,240488.0,2023-07-16,6655.06,4.7957,223409.7,17078.3,7.1,2023,7,2023-07
1673,31,143,6,26619.0,2024-08-24,896.83,5.5263,29736.91,-3117.91,-11.71,2024,8,2024-08
1680,48,69,1,45265.0,2024-07-11,8620.92,5.41,46639.18,-1374.18,-3.04,2024,7,2024-07
1681,17,129,3,9309.05,2023-01-20,598.62,5.1986,9335.96,-26.91,-0.29,2023,1,2023-01
1682,22,64,3,334517.0,2024-02-11,21352.22,4.9717,318470.5,16046.5,4.8,2024,2,2024-02
1691,40,72,7,697652.0,2023-07-25,30675.48,4.7496,1019873.82,-322221.82,-46.19,2023,7,2023-07
1709,9,14,11,374225.9,2024-09-24,6832.87,5.4702,411148.82,-36922.92,-9.87,2024,9,2024-09
1719,35,91,6,809316.0,2023-12-15,27671.77,4.9397,820141.45,-10825.45,-1.34,2023,12,2023-12
1732,31,45,8,79230.0,2023-11-07,1881.33,4.867,73251.46,5978.54,7.55,2023,11,2023-11
1738,9,89,6,472068.0,2023-08-21,14832.32,4.9847,443607.99,28460.01,6.03,2023,8,2023-08
1741,6,30,12,386974.0,2024-02-14,6558.44,4.9723,391326.37,-4352.37,-1.12,2024,2,2024-02
1751,36,115,5,3945.35,2024-10-15,167.9,5.6378,4732.93,-787.58,-19.96,2024,10,2024-10
1758,10,68,4,267588.0,2024-11-09,13317.89,5.7648,307099.89,-39511.89,-14.77,2024,11,2024-11
1762,38,71,5,618326.5,2023-03-31,24528.75,5.0804,623079.31,-4752.81,-0.77,2023,3,2023-03
1763,47,55,8,879898.0,2023-10-08,23326.09,5.1918,968835.15,-88937.15,-10.11,2023,10,2023-10
1826,21,92,10,888541.0,2024-10-27,16239.74,5.6969,925161.75,-36620.75,-4.12,2024,10,2024-10
1837,30,49,7,92850.0,2023-07-17,2627.0,4.8302,88822.55,4027.45,4.34,2023,7,2023-07
1843,14,61,8,224149.0,2023-12-09,5396.92,4.9158,212241.43,11907.57,5.31,2023,12,2023-12
1895,12,104,8,29704.0,2024-08-20,742.54,5.4547,32402.66,-2698.66,-9.09,2024,8,2024-08
1897,22,98,1,75392.95,2023-10-29,15850.04,4.948,78426.0,-3033.05,-4.02,2023,10,2023-10
1900,13,145,15,65248.0,2023-07-26,820.56,4.7368,58302.43,6945.57,10.64,2023,7,2023-07
1906,47,100,12,1255203.0,2023-03-19,19807.28,5.2679,1252113.24,3089.76,0.25,2023,3,2023-03
1929,27,59,4,331231.75,2023-06-03,16694.98,4.9558,330947.93,283.82,0.09,2023,6,2023-06
1932,3,106,12,52618.0,2024-03-21,918.37,4.9807,54889.51,-2271.51,-4.32,2024,3,2024-03
1959,33,28,15,213878.0,2024-10-04,2776.74,5.4686,227773.21,-13895.21,-6.5,2024,10,2024-10
1974,38,37,5,30339.0,2024-11-18,1211.89,5.7603,34904.25,-4565.25,-15.05,2024,11,2024-11
1976,5,132,15,23445.0,2023-10-17,276.61,5.0384,20905.08,2539.92,10.83,2023,10,2023-10
1989,16,55,6,659923.0,2024-05-07,22138.68,5.061,672263.16,-12340.16,-1.87,2024,5,2024-05
2042,15,31,11,91114.0,2024-09-04,1482.91,5.6359,91932.86,-818.86,-0.9,2024,9,2024-09
2084,4,125,8,25856.15,2023-02-10,630.46,5.2526,26492.43,-636.28,-2.46,2023,2,2023-02
2117,35,45,5,49519.0,2024-11-28,1881.33,5.9871,56318.55,-6799.55,-13.73,2024,11,2024-11
2148,39,69,8,344014.0,2023-10-05,9219.51,5.1713,381414.82,-37400.82,-10.87,2023,10,2023-10
2188,2,131,1,964.0,2024-07-31,179.69,5.6621,1017.42,-53.42,-5.54,2024,7,2024-07
2236,31,128,14,65110.0,2024-11-11,853.09,5.798,69247.02,-4137.02,-6.35,2024,11,2024-11
2250,3,24,12,278786.0,2024-01-07,4129.65,4.8899,242322.91,36463.09,13.08,2024,1,2024-01
2257,15,111,14,59993.0,2024-06-02,860.37,5.2416,63136.02,-3143.02,-5.24,2024,6,2024-06
2278,29,111,14,59993.0,2024-07-27,860.37,5.6465,68013.11,-8020.11,-13.37,2024,7,2024-07
2279,19,11,1,34420.4,2023-09-23,7246.24,4.9131,35601.5,-1181.1,-3.43,2023,9,2023-09
2298,26,128,10,44181.65,2024-05-12,853.09,5.1464,43903.42,278.23,0.63,2024,5,2024-05
2304,3,32,12,142528.5,2024-12-04,2288.99,6.0581,166403.16,-23874.66,-16.75,2024,12,2024-12
2317,20,107,15,22701.0,2024-08-01,311.59,5.6681,26491.85,-3790.85,-16.7,2024,8,2024-08
2318,25,73,9,1288439.0,2023-05-19,27541.35,4.9858,1235840.97,52598.03,4.08,2023,5,2023-05
2325,38,116,1,2447.2,2024-11-18,502.24,5.7603,2893.05,-445.85,-18.22,2024,11,2024-11
2341,9,128,15,69761.0,2023-05-18,853.09,4.9647,63530.04,6230.96,8.93,2023,5,2023-05
2386,15,97,13,1671388.2,2024-07-14,25607.88,5.4529,1815283.72,-143895.52,-8.61,2024,7,2024-07
2409,16,16,15,427585.5,2023-06-08,5615.94,4.9119,413774.04,13811.46,3.23,2023,6,2023-06
2414,42,45,12,118845.0,2024-12-11,1881.33,6.032,136178.19,-17333.19,-14.58,2024,12,2024-12
2421,35,97,7,947345.0,2023-02-09,25607.88,5.2315,937773.37,9571.63,1.01,2023,2,2023-02
2425,43,133,3,5678.0,2024-07-25,381.67,5.6402,6458.09,-780.09,-13.74,2024,7,2024-07
2460,19,3,13,111448.3,2024-02-08,1753.77,4.9804,113548.19,-2099.89,-1.88,2024,2,2024-02
2471,9,81,13,1587930.0,2023-02-25,23345.09,5.1791,1571785.22,16144.78,1.02,2023,2,2023-02
2478,37,68,9,602074.0,2023-05-12,13226.26,4.9234,586063.52,16010.48,2.66,2023,5,2023-05
2479,5,78,4,487046.0,2024-12-29,24425.59,6.1991,605666.7,-118620.7,-24.36,2024,12,2024-12
2504,39,64,3,317791.15,2024-07-01,21352.22,5.5893,358031.89,-40240.74,-12.66,2024,7,2024-07
2527,9,142,7,5785.0,2024-02-24,169.88,4.9851,5928.08,-143.08,-2.47,2024,2,2024-02
2530,31,75,9,294915.0,2023-03-07,6193.58,5.1901,289307.7,5607.3,1.9,2023,3,2023-03
2531,48,104,13,45855.55,2024-06-16,742.54,5.363,51769.15,-5913.6,-12.9,2024,6,2024-06
2535,12,69,8,344014.0,2024-12-20,8046.11,6.078,391234.05,-47220.05,-13.73,2024,12,2024-12
2548,2,124,9,33929.0,2024-10-28,665.23,5.6988,34119.11,-190.11,-0.56,2024,10,2024-10
2593,4,109,10,6227.0,2024-10-10,123.24,5.5819,6879.13,-652.13,-10.47,2024,10,2024-10
2634,35,47,3,17450.55,2024-10-16,1116.66,5.6749,19010.8,-1560.25,-8.94,2024,10,2024-10
2635,21,148,13,62212.0,2024-12-22,885.1,6.078,69935.29,-7723.29,-12.41,2024,12,2024-12
2659,37,126,14,35605.05,2024-06-02,467.05,5.2416,34273.25,1331.8,3.74,2024,6,2024-06
2674,4,39,9,253360.25,2023-11-03,5270.87,4.891,232018.43,21341.82,8.42,2023,11,2023-11
2679,25,29,12,416217.8,2024-10-10,7689.63,5.5819,515072.95,-98855.15,-23.75,2024,10,2024-10
2682,6,127,12,18592.0,2023-06-14,296.24,4.8462,17227.66,1364.34,7.34,2023,6,2023-06
2687,22,52,12,156226.55,2024-09-25,2426.66,5.4736,159390.79,-3164.24,-2.03,2024,9,2024-09
2712,3,1,3,94399.6,2023-11-21,6574.8,4.8806,96266.91,-1867.31,-1.98,2023,11,2023-11
2714,41,150,9,14070.45,2023-02-17,321.31,5.2012,15040.78,-970.33,-6.9,2023,2,2023-02
2722,39,71,10,1236653.95,2023-03-03,24528.75,5.2037,1276402.56,-39748.61,-3.21,2023,3,2023-03
2724,34,137,5,16080.65,2023-12-19,619.79,4.8663,15080.42,1000.23,6.22,2023,12,2023-12
2794,9,139,3,4061.25,2023-04-25,246.89,5.0613,3748.75,312.5,7.69,2023,4,2023-04
2806,44,20,7,205042.3,2024-02-12,5689.04,4.9717,197989.4,7052.9,3.44,2024,2,2024-02
2813,46,26,14,229866.75,2023-06-26,3412.88,4.7698,227902.57,1964.18,0.85,2023,6,2023-06
2814,8,135,8,12498.2,2024-07-03,328.1,5.5863,14662.92,-2164.72,-17.32,2024,7,2024-07
2825,12,150,2,3291.0,2024-06-01,332.26,5.2416,3483.15,-192.15,-5.84,2024,6,2024-06
2826,31,40,13,175173.35,2024-10-24,2867.26,5.7087,212788.25,-37614.9,-21.47,2024,10,2024-10
2841,48,111,14,56993.35,2023-02-28,821.82,5.2078,59918.24,-2924.89,-5.13,2023,2,2023-02
2843,13,26,15,259248.0,2023-11-13,3412.88,4.9247,252111.15,7136.85,2.75,2023,11,2023-11
2866,45,13,12,88316.75,2023-03-17,1356.5,5.2679,85750.88,2565.87,2.91,2023,3,2023-03
2875,1,52,15,205562.0,2023-09-26,2634.69,4.9717,196483.32,9078.68,4.42,2023,9,2023-09
2889,30,80,12,1473151.7,2024-04-30,24177.04,5.1718,1500465.79,-27314.09,-1.85,2024,4,2024-04
2926,14,69,10,430017.5,2024-01-24,9219.51,4.9192,453526.14,-23508.64,-5.47,2024,1,2024-01
2934,7,127,7,10302.75,2023-11-08,296.24,4.8855,10130.96,171.79,1.67,2023,11,2023-11
2937,41,76,14,1971036.25,2024-01-30,27945.06,4.9638,1941991.64,29044.61,1.47,2024,1,2024-01
2947,18,7,15,292782.0,2023-11-24,3678.62,4.8927,269975.76,22806.24,7.79,2023,11,2023-11
2949,41,38,8,201104.55,2024-10-09,4851.61,5.5737,216331.35,-15226.8,-7.57,2024,10,2024-10
2962,33,148,10,45463.2,2024-09-14,885.1,5.5717,49315.12,-3851.92,-8.47,2024,9,2024-09
2971,17,146,2,992.0,2023-05-12,99.02,4.9234,975.03,16.97,1.71,2023,5,2023-05
2977,24,121,6,22166.0,2023-01-27,718.35,5.0767,21881.08,284.92,1.29,2023,1,2023-01
3020,14,61,10,280186.0,2023-01-24,5396.92,5.1696,278999.18,1186.82,0.42,2023,1,2023-01
3022,22,139,4,5415.0,2023-12-06,246.89,4.9031,4842.11,572.89,10.58,2023,12,2023-12
3035,9,138,11,43713.3,2024-05-22,836.88,5.1502,47411.09,-3697.79,-8.46,2024,5,2024-05
3036,18,21,13,113549.0,2024-09-24,1584.96,5.4702,112710.63,838.37,0.74,2024,9,2024-09
3078,29,23,13,145322.0,2024-12-14,2244.66,6.04,176250.7,-30928.7,-21.28,2024,12,2024-12
3087,25,73,9,1288439.0,2023-06-11,27541.35,4.8922,1212640.13,75798.87,5.88,2023,6,2023-06
3099,36,124,12,45239.0,2024-03-19,725.63,5.0352,43844.31,1394.69,3.08,2024,3,2024-03
3101,31,145,12,49588.1,2024-08-27,875.03,5.4969,57719.43,-8131.33,-16.4,2024,8,2024-08
3117,37,5,11,247341.05,2024-06-04,4752.24,5.2687,275419.4,-28078.35,-11.35,2024,6,2024-06
3126,16,13,1,7359.65,2023-03-20,1356.5,5.2467,7117.15,242.5,3.3,2023,3,2023-03
3128,2,118,9,38836.0,2024-04-23,893.4,5.1626,41510.4,-2674.4,-6.89,2024,4,2024-04
3148,40,13,1,7359.65,2024-04-14,1356.5,5.1364,6967.53,392.12,5.33,2024,4,2024-04
3164,42,56,4,171955.0,2023-05-08,8087.59,4.9696,160768.35,11186.65,6.51,2023,5,2023-05
3187,12,122,5,6612.0,2024-10-14,271.3,5.6045,7602.5,-990.5,-14.98,2024,10,2024-10
3201,23,133,2,3595.75,2023-08-18,348.47,4.9724,3465.46,130.29,3.62,2023,8,2023-08
3207,16,144,11,24356.0,2023-05-26,422.52,5.0114,23291.58,1064.42,4.37,2023,5,2023-05
3219,5,111,2,8141.5,2024-01-28,821.82,4.9125,8074.38,67.12,0.82,2024,1,2024-01
3228,31,149,6,6632.9,2024-10-20,225.94,5.6672,7682.68,-1049.78,-15.83,2024,10,2024-10
3231,27,45,12,112902.75,2024-06-24,1881.33,5.4,121910.18,-9007.43,-7.98,2024,6,2024-06
3243,9,81,15,1740615.65,2023-08-31,23345.09,4.9219,1723532.98,17082.67,0.98,2023,8,2023-08
3312,21,83,12,1536764.65,2023-09-03,35839.7,4.9318,2121050.79,-584286.14,-38.02,2023,9,2023-09
3342,48,41,13,137800.0,2023-01-04,1886.32,5.4459,133545.23,4254.77,3.09,2023,1,2023-01
3344,41,141,10,47818.0,2023-12-22,972.86,4.8619,47299.48,518.52,1.08,2023,12,2023-12
3390,24,130,11,43305.75,2023-12-13,859.48,4.958,46874.32,-3568.57,-8.24,2023,12,2023-12
3393,7,51,13,792363.65,2024-02-10,12243.38,4.9717,791315.36,1048.29,0.13,2024,2,2024-02
3394,27,116,2,5151.0,2023-03-25,502.24,5.2921,5315.81,-164.81,-3.2,2023,3,2023-03
3395,33,10,7,224231.0,2023-09-22,6445.41,4.9131,221668.61,2562.39,1.14,2023,9,2023-09
3396,3,134,15,70764.0,2024-04-26,948.15,5.1184,72795.16,-2031.16,-2.87,2024,4,2024-04
3420,32,117,1,4103.0,2023-10-05,823.4,5.1713,4258.05,-155.05,-3.78,2023,10,2023-10
3424,5,78,9,1095854.0,2024-10-12,24425.59,5.6263,1236831.27,-140977.27,-12.86,2024,10,2024-10
3442,5,45,13,128748.0,2024-11-21,1881.33,5.8173,142275.39,-13527.39,-10.51,2024,11,2024-11
3455,4,15,4,111599.0,2023-03-27,5267.98,5.2306,110218.78,1380.22,1.24,2023,3,2023-03
3458,19,49,7,92850.0,2023-07-29,2627.0,4.7253,86893.54,5956.46,6.42,2023,7,2023-07
3460,42,26,2,32837.7,2023-01-16,3412.88,5.1115,34889.87,-2052.17,-6.25,2023,1,2023-01
3462,22,74,13,1068997.95,2023-05-27,17160.36,5.0114,1117966.57,-48968.62,-4.58,2023,5,2023-05
3479,6,38,15,377071.15,2024-11-17,4851.61,5.7885,421253.17,-44182.02,-11.72,2024,11,2024-11
3493,33,65,7,178904.0,2023-08-09,5008.66,4.9015,171849.63,7054.37,3.94,2023,8,2023-08
3497,8,132,1,1484.85,2024-03-02,314.46,4.9596,1559.6,-74.75,-5.03,2024,3,2024-03
3511,35,128,14,61854.5,2024-07-24,853.09,5.6346,67295.49,-5440.99,-8.8,2024,7,2024-07
3544,27,7,3,58556.0,2024-09-01,3678.62,5.6562,62421.03,-3865.03,-6.6,2024,9,2024-09
3548,36,26,7,114932.9,2023-01-31,3412.88,5.0993,121823.09,-6890.19,-5.99,2023,1,2023-01
3629,12,29,3,109531.0,2023-02-10,7689.63,5.2526,121171.65,-11640.65,-10.63,2023,2,2023-02
3639,20,114,6,4556.2,2024-05-12,152.46,5.1464,4707.72,-151.52,-3.33,2024,5,2024-05
3674,27,22,8,315623.0,2023-09-23,7630.67,4.9131,299921.96,15701.04,4.97,2023,9,2023-09
3681,20,82,7,343366.1,2024-03-26,9770.29,4.987,341071.05,2295.05,0.67,2024,3,2024-03
3693,7,110,7,16595.55,2023-09-14,476.03,4.8751,16244.86,350.69,2.11,2023,9,2023-09
3702,4,124,15,53721.55,2023-10-19,725.63,5.054,55010.01,-1288.46,-2.4,2023,10,2023-10
3706,16,79,6,377036.95,2023-04-24,11724.63,5.0595,355924.59,21112.36,5.6,2023,4,2023-04
3740,37,86,14,1243857.8,2024-08-07,17824.79,5.6093,1399784.32,-155926.52,-12.54,2024,8,2024-08
3749,12,117,4,15591.4,2024-03-04,823.4,4.9475,16295.09,-703.69,-4.51,2024,3,2024-03
3753,15,58,10,1033833.7,2023-02-28,20157.55,5.2078,1049764.89,-15931.19,-1.54,2023,2,2023-02
3755,10,119,8,24744.65,2024-10-04,669.88,5.4686,29306.45,-4561.8,-18.44,2024,10,2024-10
3766,32,64,9,953372.5,2023-05-15,21352.22,4.9103,943612.25,9760.25,1.02,2023,5,2023-05
3769,2,91,1,128141.7,2024-02-19,27671.77,4.9585,137210.47,-9068.77,-7.08,2024,2,2024-02
3781,21,76,2,296396.0,2024-06-17,28642.87,5.413,310087.71,-13691.71,-4.62,2024,6,2024-06
3786,34,5,1,22485.55,2023-12-14,4752.24,4.8912,23244.16,-758.61,-3.37,2023,12,2023-12
3788,49,10,13,416430.0,2024-04-20,6547.91,5.2269,444928.52,-28498.52,-6.84,2024,4,2024-04
3791,38,115,10,8306.0,2023-06-21,160.69,4.7795,7680.18,625.82,7.53,2023,6,2023-06
3794,14,64,5,529651.6,2023-12-30,21352.22,4.8413,516862.51,12789.09,2.41,2023,12,2023-12
3831,49,129,13,40337.95,2023-07-04,598.62,4.8056,37397.47,2940.48,7.29,2023,7,2023-07
3854,13,15,11,306897.0,2023-09-27,5267.98,5.0289,291413.59,15483.41,5.05,2023,9,2023-09
3872,8,96,10,670897.6,2024-08-13,14776.4,5.4875,810854.95,-139957.35,-20.86,2024,8,2024-08
3874,37,93,1,95453.15,2023-05-31,19409.47,5.0959,98908.72,-3455.57,-3.62,2023,5,2023-05
3878,36,116,5,12234.1,2024-09-03,502.24,5.6224,14118.97,-1884.87,-15.41,2024,9,2024-09
3880,29,77,14,625865.0,2023-11-23,8959.75,4.8931,613773.34,12091.66,1.93,2023,11,2023-11
3921,20,133,10,18927.0,2024-03-11,381.67,4.9777,18998.39,-71.39,-0.38,2024,3,2024-03
3924,35,24,7,162625.0,2024-09-14,4113.86,5.5717,160448.36,2176.64,1.34,2024,9,2024-09
3928,7,71,7,911218.0,2024-11-17,23100.17,5.7885,936007.34,-24789.34,-2.72,2024,11,2024-11
3956,41,29,6,208108.9,2023-07-07,7689.63,4.8799,225147.75,-17038.85,-8.19,2023,7,2023-07
3973,32,6,11,123520.9,2024-08-20,2172.43,5.4547,130349.49,-6828.59,-5.53,2024,8,2024-08
3976,5,140,14,43884.0,2023-03-12,586.81,5.1822,42573.53,1310.47,2.99,2023,3,2023-03
3981,26,31,6,47214.05,2024-01-30,1686.13,4.9638,50217.67,-3003.62,-6.36,2024,1,2024-01
3984,1,75,3,93389.75,2024-02-16,6193.58,4.9761,92459.62,930.13,1.0,2024,2,2024-02
3999,3,148,8,36369.8,2023-03-22,919.03,5.2648,38708.07,-2338.27,-6.43,2023,3,2023-03
4022,47,1,7,231858.0,2024-02-20,6657.12,4.9408,230240.49,1617.51,0.7,2024,2,2024-02
4024,2,92,12,1012936.55,2023-03-02,16745.97,5.208,1046556.14,-33619.59,-3.32,2023,3,2023-03
4075,32,134,1,4718.0,2023-12-08,948.15,4.9158,4660.92,57.08,1.21,2023,12,2023-12
4101,17,42,10,56931.6,2023-03-10,1263.57,5.1822,65480.72,-8549.12,-15.02,2023,3,2023-03
4107,49,101,14,6488.0,2023-09-05,96.64,4.9705,6724.89,-236.89,-3.65,2023,9,2023-09
4112,47,29,7,255572.0,2024-01-07,7689.63,4.8899,263210.65,-7638.65,-2.99,2024,1,2024-01
4144,40,4,2,6425.8,2023-06-20,654.31,4.793,6272.22,153.58,2.39,2023,6,2023-06
4151,13,56,3,122517.7,2023-05-27,8087.59,5.0114,121590.45,927.25,0.76,2023,5,2023-05
4154,24,58,13,1414720.0,2023-03-20,20157.55,5.2467,1374888.03,39831.97,2.82,2023,3,2023-03
4224,32,15,11,306897.0,2024-03-17,5267.98,4.9937,289373.83,17523.17,5.71,2024,3,2024-03
4274,31,122,15,19837.0,2024-02-11,271.3,4.9717,20232.33,-395.33,-1.99,2024,2,2024-02
4283,42,96,15,1006347.35,2024-07-25,14776.4,5.6402,1250127.77,-243780.42,-24.22,2024,7,2024-07
4297,19,136,12,23682.0,2023-04-06,533.84,5.0683,32467.94,-8785.94,-37.1,2023,4,2023-04
4301,1,93,2,200954.0,2024-06-18,19072.72,5.4074,206267.65,-5313.65,-2.64,2024,6,2024-06
4305,10,56,1,40839.55,2023-06-11,8087.59,4.8922,39566.11,1273.44,3.12,2023,6,2023-06
4330,22,103,11,19681.0,2024-10-05,326.91,5.4686,19665.14,15.86,0.08,2024,10,2024-10
4339,35,23,5,55893.0,2024-05-09,2244.66,5.1577,57886.41,-1993.41,-3.57,2024,5,2024-05
4377,22,119,5,16279.0,2024-02-08,669.88,4.9804,16681.35,-402.35,-2.47,2024,2,2024-02
4406,11,104,12,44556.0,2023-06-03,742.54,4.9558,44158.56,397.44,0.89,2023,6,2023-06
4419,23,6,11,123520.9,2024-06-20,2394.79,5.4254,142919.63,-19398.73,-15.7,2024,6,2024-06
4423,30,73,6,858960.0,2024-04-15,28694.54,5.1746,890896.6,-31936.6,-3.72,2024,4,2024-04
4435,1,42,12,68318.3,2023-03-27,1263.57,5.2306,79310.75,-10992.45,-16.09,2023,3,2023-03
4449,15,10,5,160165.0,2023-02-09,5615.0,5.2315,146874.36,13290.64,8.3,2023,2,2023-02
4462,29,133,6,11356.0,2023-09-16,348.47,4.8689,10179.99,1176.01,10.36,2023,9,2023-09
4523,31,75,13,404689.55,2024-10-05,5924.6,5.4686,421190.48,-16500.93,-4.08,2024,10,2024-10
4525,20,140,8,25077.0,2024-06-10,612.49,5.3666,26295.91,-1218.91,-4.86,2024,6,2024-06
4549,44,102,5,3952.0,2024-12-02,199.93,6.0634,6061.28,-2109.28,-53.37,2024,12,2024-12
4577,22,80,12,1550686.0,2024-05-05,24177.04,5.0668,1470002.72,80683.28,5.2,2024,5,2024-05
4609,11,26,3,49257.5,2023-06-30,3412.88,4.8192,49342.05,-84.55,-0.17,2023,6,2023-06
4643,14,129,6,18617.15,2024-04-29,661.98,5.1155,20318.15,-1701.0,-9.14,2024,4,2024-04
4667,25,23,10,111786.0,2024-08-18,2244.66,5.4632,122630.27,-10844.27,-9.7,2024,8,2024-08
4707,45,61,1,26618.05,2024-06-16,5396.92,5.363,28943.68,-2325.63,-8.74,2024,6,2024-06
4711,41,54,5,607674.0,2023-09-05,23191.9,4.9705,576376.69,31297.31,5.15,2023,9,2023-09
4726,27,14,8,272164.55,2024-08-07,6832.87,5.6093,306620.94,-34456.39,-12.66,2024,8,2024-08
4743,13,142,13,10205.85,2024-08-17,169.88,5.4632,12065.15,-1859.3,-18.22,2024,8,2024-08
4789,27,106,1,4165.75,2023-09-22,918.37,4.9131,4512.04,-346.29,-8.31,2023,9,2023-09
4816,22,114,2,1599.0,2023-06-27,152.46,4.7903,1460.66,138.34,8.65,2023,6,2023-06
4848,39,53,11,560903.75,2024-09-23,9496.3,5.5446,579185.03,-18281.28,-3.26,2024,9,2024-09
4874,6,5,1,23669.0,2023-01-04,4920.79,5.4459,26798.13,-3129.13,-13.22,2023,1,2023-01
4886,12,22,9,337322.2,2024-01-25,7630.67,4.9232,338105.83,-783.63,-0.23,2024,1,2024-01
4894,25,80,7,859338.65,2024-11-27,24177.04,5.8291,986512.69,-127174.04,-14.8,2024,11,2024-11
4900,38,55,8,835903.1,2024-05-30,22138.68,5.1972,920473.18,-84570.08,-10.12,2024,5,2024-05
4935,18,31,9,74548.0,2024-12-06,1482.91,6.0293,80468.18,-5920.18,-7.94,2024,12,2024-12
4941,45,72,14,1395305.0,2024-05-31,30675.48,5.2416,2251040.34,-855735.34,-61.33,2024,5,2024-05
4956,4,137,6,20313.0,2024-12-30,673.98,6.1923,25040.92,-4727.92,-23.28,2024,12,2024-12
4970,48,101,15,6603.45,2023-08-12,96.64,4.8918,7091.15,-487.7,-7.39,2023,8,2023-08
4972,21,74,1,86559.0,2023-05-18,17160.36,4.9647,85196.04,1362.96,1.57,2023,5,2023-05
4974,45,85,10,385787.0,2024-02-24,7885.27,4.9851,393088.59,-7301.59,-1.89,2024,2,2024-02
4987,16,50,6,64273.2,2023-05-13,2179.61,4.9234,64386.55,-113.35,-0.18,2023,5,2023-05
5013,25,51,9,577431.0,2024-08-24,12243.38,5.5263,608945.32,-31514.32,-5.46,2024,8,2024-08
5042,9,82,5,245261.5,2023-06-17,9770.29,4.8286,235884.11,9377.39,3.82,2023,6,2023-06
5050,8,98,14,1111056.0,2023-02-11,15262.93,5.2526,1122380.93,-11324.93,-1.02,2023,2,2023-02
5093,18,15,1,26505.0,2023-11-01,5267.98,5.0194,26442.1,62.9,0.24,2023,11,2023-11
5094,40,127,10,15494.0,2024-05-11,296.24,5.1464,15245.7,248.3,1.6,2024,5,2024-05
5111,29,47,4,23267.4,2023-07-24,1496.29,4.7457,28403.77,-5136.37,-22.08,2023,7,2023-07
5128,18,139,8,11399.0,2023-08-03,246.89,4.8797,9637.99,1761.01,15.45,2023,8,2023-08
5130,20,97,13,1759356.0,2023-11-17,25607.88,4.8849,1626195.13,133160.87,7.57,2023,11,2023-11
5177,45,55,11,1209859.0,2023-07-09,23326.09,4.8799,1252118.85,-42259.85,-3.49,2023,7,2023-07
5186,46,106,15,62484.35,2023-11-30,918.37,4.9355,67989.23,-5504.88,-8.81,2023,11,2023-11
5188,44,142,8,6611.0,2023-07-05,160.09,4.8577,6221.35,389.65,5.89,2023,7,2023-07
5193,29,51,11,705749.0,2024-11-04,11769.05,5.7898,749544.9,-43795.9,-6.21,2024,11,2024-11
5203,19,141,4,18170.65,2024-09-01,972.86,5.6562,22010.76,-3840.11,-21.13,2024,9,2024-09
5226,35,52,5,65094.0,2024-03-08,2634.69,4.9751,65539.23,-445.23,-0.68,2024,3,2024-03
5242,39,109,7,4359.0,2023-11-07,169.23,4.867,5765.5,-1406.5,-32.27,2023,11,2023-11
5245,48,145,13,53720.6,2023-05-01,820.56,5.0007,53343.87,376.73,0.7,2023,5,2023-05
5273,33,121,10,35095.85,2024-06-14,747.93,5.363,40111.49,-5015.64,-14.29,2024,6,2024-06
5279,28,72,5,498323.0,2023-08-02,30675.48,4.8083,737484.55,-239161.55,-47.99,2023,8,2023-08
5329,20,1,15,471996.1,2023-05-17,6360.91,4.9513,472421.61,-425.51,-0.09,2023,5,2023-05
5358,44,119,4,12371.85,2024-12-11,669.88,6.032,16162.86,-3791.01,-30.64,2024,12,2024-12
5369,44,46,8,37876.5,2024-04-14,1000.64,5.1364,41117.5,-3241.0,-8.56,2024,4,2024-04
5373,43,86,5,444235.2,2023-12-28,17824.79,4.8413,431475.78,12759.42,2.87,2023,12,2023-12
5380,39,36,4,85885.7,2023-01-13,4221.25,5.1146,86360.02,-474.32,-0.55,2023,1,2023-01
5395,28,10,15,480496.0,2023-09-01,6594.15,4.9318,487815.43,-7319.43,-1.52,2023,9,2023-09
5402,47,26,2,32837.7,2024-11-17,3378.85,5.7885,39116.95,-6279.25,-19.12,2024,11,2024-11
5410,14,97,12,1542819.95,2024-08-15,25607.88,5.4651,1679395.5,-136575.55,-8.85,2024,8,2024-08
5427,10,137,12,40626.0,2024-05-30,673.98,5.1972,42033.71,-1407.71,-3.47,2024,5,2024-05
5437,12,81,13,1587930.0,2023-08-23,23345.09,4.8977,1486384.21,101545.79,6.39,2023,8,2023-08
5486,24,6,7,82741.0,2023-03-19,2104.66,5.2679,77609.97,5131.03,6.2,2023,3,2023-03
5487,44,128,15,66272.95,2023-10-13,853.09,5.0625,64781.52,1491.43,2.25,2023,10,2023-10
5516,20,68,15,1003457.0,2023-12-22,13998.43,4.8619,1020884.5,-17427.5,-1.74,2023,12,2023-12
5529,12,19,12,187328.6,2023-05-23,3163.35,4.9674,188563.5,-1234.9,-0.66,2023,5,2023-05
5543,40,1,2,62932.75,2023-03-02,6360.91,5.208,66255.24,-3322.49,-5.28,2023,3,2023-03
5564,3,143,3,13309.0,2023-02-07,845.69,5.1695,13115.38,193.62,1.45,2023,2,2023-02
5579,13,146,3,1488.0,2023-11-12,99.02,4.9219,1462.1,25.9,1.74,2023,11,2023-11
5594,8,81,15,1832227.0,2024-08-29,23685.5,5.6358,2002301.11,-170074.11,-9.28,2024,8,2024-08
5626,38,57,2,237581.0,2023-07-11,22497.79,4.8949,220248.86,17332.14,7.3,2023,7,2023-07
5706,29,79,7,439876.6,2023-01-12,11724.63,5.14,421852.19,18024.41,4.1,2023,1,2023-01
5726,10,140,14,41689.8,2024-05-30,612.49,5.1972,44565.26,-2875.46,-6.9,2024,5,2024-05
5751,49,116,7,17127.55,2024-06-08,502.24,5.2802,18563.49,-1435.94,-8.38,2024,6,2024-06
5762,18,15,13,344562.15,2024-11-08,5097.71,5.7648,382034.62,-37472.47,-10.88,2024,11,2024-11
5796,4,4,4,12851.6,2023-09-25,654.31,4.9606,12983.08,-131.48,-1.02,2023,9,2023-09
5803,48,127,3,4648.0,2024-02-12,296.24,4.9717,4418.45,229.55,4.94,2024,2,2024-02
5831,17,51,8,513272.0,2023-08-09,12243.38,4.9015,480087.42,33184.58,6.47,2023,8,2023-08
5845,30,101,15,6951.0,2024-03-27,96.64,4.9856,7227.13,-276.13,-3.97,2024,3,2024-03
5880,14,28,6,81273.45,2024-06-15,2776.74,5.363,89349.94,-8076.49,-9.94,2024,6,2024-06
5882,12,137,15,50782.0,2024-03-06,619.79,4.9398,45924.58,4857.42,9.57,2024,3,2024-03
5884,16,100,4,397480.95,2024-11-30,19807.28,6.0535,479613.48,-82132.53,-20.66,2024,11,2024-11
5890,43,42,6,34159.15,2024-12-05,1263.57,5.9849,45374.04,-11214.89,-32.83,2024,12,2024-12
5898,49,21,3,26204.0,2023-04-06,1674.22,5.0683,25456.35,747.65,2.85,2023,4,2023-04
5925,4,50,9,101484.0,2024-10-05,2378.45,5.4686,117061.13,-15577.13,-15.35,2024,10,2024-10
5930,42,19,5,78053.9,2023-06-30,3163.35,4.8192,76224.08,1829.82,2.34,2023,6,2023-06
5934,22,11,11,378623.45,2023-02-26,6733.8,5.1791,383625.26,-5001.81,-1.32,2023,2,2023-02
5942,15,121,11,40637.0,2023-04-06,718.35,5.0683,40048.95,588.05,1.45,2023,4,2023-04
5954,15,148,1,4546.7,2023-05-17,919.03,4.9513,4550.39,-3.69,-0.08,2023,5,2023-05
5972,39,53,9,483075.0,2023-10-12,11332.93,5.0496,515040.87,-31965.87,-6.62,2023,10,2023-10
5976,8,62,5,485554.5,2024-04-28,20000.78,5.1184,511859.96,-26305.46,-5.42,2024,4,2024-04
5985,45,110,6,14224.35,2023-04-21,476.03,5.0497,14422.85,-198.5,-1.4,2023,4,2023-04
6012,27,44,4,41065.65,2024-05-19,2159.34,5.1157,44186.14,-3120.49,-7.6,2024,5,2024-05
6020,7,79,11,691234.25,2023-10-29,11724.63,4.948,638148.16,53086.09,7.68,2023,10,2023-10
6041,35,46,4,18938.25,2023-05-20,959.01,4.9858,19125.73,-187.48,-0.99,2023,5,2023-05
6044,15,148,9,40916.5,2023-12-24,979.78,4.8619,42872.33,-1955.83,-4.78,2023,12,2023-12
6060,25,39,6,177797.0,2024-02-11,5270.87,4.9717,157231.11,20565.89,11.57,2024,2,2024-02
6081,3,4,4,12851.6,2023-04-25,654.31,5.0613,13246.64,-395.04,-3.07,2023,4,2023-04
6090,48,107,3,4540.0,2024-11-01,311.59,5.8073,5428.49,-888.49,-19.57,2024,11,2024-11
6127,34,44,9,97262.0,2024-12-04,2159.34,6.0581,117733.48,-20471.48,-21.05,2024,12,2024-12
6138,20,12,7,18128.85,2023-06-24,527.97,4.7799,17665.51,463.34,2.56,2023,6,2023-06
6141,1,56,2,81679.1,2024-12-31,8087.59,6.1923,100161.57,-18482.47,-22.63,2024,12,2024-12
6145,46,52,11,143207.75,2024-10-19,2426.66,5.6672,151276.04,-8068.29,-5.63,2024,10,2024-10
6152,41,15,7,195298.0,2024-12-26,5097.71,6.1656,220013.09,-24715.09,-12.66,2024,12,2024-12
6160,18,86,2,187046.0,2023-08-05,17824.79,4.8609,173289.04,13756.96,7.35,2023,8,2023-08
6161,11,28,1,14259.0,2024-08-25,2776.74,5.5263,15345.1,-1086.1,-7.62,2024,8,2024-08
6164,4,68,15,1003457.0,2023-01-21,11988.94,5.1986,934885.55,68571.45,6.83,2023,1,2023-01
6165,25,54,11,1336883.0,2023-11-12,23191.9,4.9219,1255630.34,81252.66,6.08,2023,11,2023-11
6169,47,30,10,306355.05,2024-08-09,6558.44,5.5115,361468.42,-55113.37,-17.99,2024,8,2024-08
6172,37,75,5,163842.0,2023-10-17,6193.58,5.0384,156028.67,7813.33,4.77,2023,10,2023-10
6201,35,71,15,1854980.45,2024-07-28,27484.92,5.6465,2327904.01,-472923.56,-25.49,2024,7,2024-07
6209,12,81,8,928328.6,2024-06-13,23685.5,5.3974,1022720.94,-94392.34,-10.17,2024,6,2024-06
6225,30,87,12,762203.05,2023-09-16,13597.7,4.8689,794470.1,-32267.05,-4.23,2023,9,2023-09
6237,26,22,11,433981.0,2024-01-24,7630.67,4.9192,412904.71,21076.29,4.86,2024,1,2024-01
6240,44,114,1,759.05,2024-02-07,152.46,4.9608,756.32,2.73,0.36,2024,2,2024-02
6247,45,24,5,116161.0,2024-02-26,4129.65,4.9819,102867.52,13293.48,11.44,2024,2,2024-02
6257,5,37,14,80700.6,2024-05-20,1211.89,5.1085,86673.16,-5972.56,-7.4,2024,5,2024-05
6282,26,146,14,6596.8,2023-01-14,99.02,5.1146,7090.27,-493.47,-7.48,2023,1,2023-01
6283,15,150,14,21887.05,2024-04-10,332.26,5.0654,23562.42,-1675.37,-7.65,2024,4,2024-04
6325,8,2,8,111985.0,2024-02-07,2829.74,4.9608,112302.19,-317.19,-0.28,2024,2,2024-02
6352,2,76,13,1830248.15,2024-04-17,28642.87,5.2469,1953721.57,-123473.42,-6.75,2024,4,2024-04
6356,48,136,10,19735.0,2024-04-13,390.62,5.1364,20063.81,-328.81,-1.67,2024,4,2024-04
6375,27,41,1,10600.0,2023-08-24,2005.71,4.8748,9777.44,822.56,7.76,2023,8,2023-08
6379,31,6,10,118202.0,2024-09-22,2172.43,5.4775,118994.85,-792.85,-0.67,2024,9,2024-09
6397,27,26,1,16418.85,2023-03-10,3412.88,5.1822,17686.23,-1267.38,-7.72,2023,3,2023-03
6400,33,48,3,44209.0,2023-11-20,3020.3,4.8723,44147.42,61.58,0.14,2023,11,2023-11
6415,9,84,2,82505.6,2023-04-23,8663.64,5.0497,87497.57,-4991.97,-6.05,2023,4,2023-04
6447,13,4,13,43964.0,2024-09-26,679.13,5.4412,48038.67,-4074.67,-9.27,2024,9,2024-09
6452,28,69,8,362120.0,2023-07-06,9219.51,4.8977,361235.15,884.85,0.24,2023,7,2023-07
6466,15,138,5,20915.0,2023-08-07,836.88,4.901,20507.74,407.26,1.95,2023,8,2023-08
6474,6,88,7,338355.0,2023-06-30,9954.59,4.8192,335812.12,2542.88,0.75,2023,6,2023-06
6476,38,129,3,9799.0,2023-05-20,598.62,4.9858,8953.8,845.2,8.63,2023,5,2023-05
6499,33,65,7,178904.0,2023-05-22,5008.66,4.968,174181.16,4722.84,2.64,2023,5,2023-05
6513,2,124,11,41469.0,2023-11-01,725.63,5.0194,40064.5,1404.5,3.39,2023,11,2023-11
6527,40,116,9,23180.0,2023-11-09,502.24,4.9007,22151.95,1028.05,4.44,2023,11,2023-11
6576,22,135,6,9373.65,2024-09-01,328.1,5.6562,11134.8,-1761.15,-18.79,2024,9,2024-09
6584,13,138,7,29281.0,2023-03-02,826.61,5.208,30134.89,-853.89,-2.92,2023,3,2023-03
6602,15,35,1,10455.7,2023-01-25,2199.13,5.1042,11224.8,-769.1,-7.36,2023,1,2023-01
6617,26,57,6,712743.0,2024-01-08,22497.79,4.885,659410.22,53332.78,7.48,2024,1,2024-01
6654,4,33,6,40295.0,2024-10-21,1325.97,5.7068,45402.27,-5107.27,-12.67,2024,10,2024-10
6658,12,84,9,390815.0,2024-02-13,8951.16,4.9717,400522.34,-9707.34,-2.48,2024,2,2024-02
6714,22,83,7,943627.0,2024-03-26,35839.7,4.987,1251128.09,-307501.09,-32.59,2024,3,2024-03
6726,27,18,10,265724.0,2024-11-16,5265.1,5.7885,304770.31,-39046.31,-14.69,2024,11,2024-11
6735,3,49,6,79586.0,2024-07-02,2627.0,5.6677,89334.29,-9748.29,-12.25,2024,7,2024-07
6797,23,5,11,260359.0,2024-09-17,4752.24,5.501,287562.79,-27203.79,-10.45,2024,9,2024-09
6820,22,81,6,696246.45,2024-06-03,23685.5,5.2373,744288.41,-48041.96,-6.9,2024,6,2024-06
6850,33,79,14,926056.0,2024-01-03,11724.63,4.9212,807789.49,118266.51,12.77,2024,1,2024-01
6874,19,20,14,410084.6,2023-12-26,5689.04,4.8368,385234.48,24850.12,6.06,2023,12,2023-12
6877,29,123,8,21106.15,2024-03-31,535.37,4.9962,21398.52,-292.37,-1.39,2024,3,2024-03
6898,41,138,13,54380.0,2023-07-12,836.88,4.8058,52284.41,2095.59,3.85,2023,7,2023-07
6901,49,121,7,24567.0,2023-12-27,747.93,4.8306,25290.65,-723.65,-2.95,2023,12,2023-12
6923,9,71,5,618326.5,2024-10-19,23100.17,5.6672,654566.42,-36239.92,-5.86,2024,10,2024-10
6926,15,82,14,722877.0,2024-12-07,9770.29,6.0293,824712.13,-101835.13,-14.09,2024,12,2024-12
6939,10,103,3,5368.0,2024-02-21,341.7,4.9303,5054.05,313.95,5.85,2024,2,2024-02
6967,6,15,13,344562.15,2024-04-24,5267.98,5.1592,353321.31,-8759.16,-2.54,2024,4,2024-04
6977,42,64,3,317791.15,2024-10-19,21352.22,5.6672,363021.9,-45230.75,-14.23,2024,10,2024-10
6992,34,43,9,315872.0,2023-05-08,6219.32,4.9696,278167.79,37704.21,11.94,2023,5,2023-05
7004,18,107,15,22701.0,2023-04-19,295.48,5.0467,22367.98,333.02,1.47,2023,4,2023-04
7024,21,16,14,399079.8,2024-10-14,5491.48,5.6045,430878.0,-31798.2,-7.97,2024,10,2024-10
7047,37,142,15,12396.0,2024-03-31,169.88,4.9962,12731.32,-335.32,-2.71,2024,3,2024-03
7049,12,82,9,441470.7,2024-11-18,9770.29,5.7603,506518.21,-65047.51,-14.73,2024,11,2024-11
7053,16,132,14,21882.0,2024-04-24,314.46,5.1592,22713.07,-831.07,-3.8,2024,4,2024-04
7056,26,119,15,48837.0,2023-07-22,625.1,4.7732,44755.91,4081.09,8.36,2023,7,2023-07
7070,38,27,9,141172.85,2023-05-16,3051.23,4.9122,134894.27,6278.58,4.45,2023,5,2023-05
7075,44,144,14,29448.1,2023-06-24,422.52,4.7799,28274.45,1173.65,3.99,2023,6,2023-06
7076,49,95,2,139616.0,2024-07-12,12945.63,5.4529,141182.45,-1566.45,-1.12,2024,7,2024-07
7084,28,112,6,13086.0,2024-11-03,406.44,5.8073,14161.91,-1075.91,-8.22,2024,11,2024-11
7111,47,80,12,1473151.7,2024-03-04,24177.04,4.9475,1435390.86,37760.84,2.56,2024,3,2024-03
7123,46,62,14,1359552.6,2024-08-30,20000.78,5.6562,1583797.77,-224245.17,-16.49,2024,8,2024-08
7131,31,1,9,283197.85,2024-08-09,5774.5,5.5115,286435.41,-3237.56,-1.14,2024,8,2024-08
7145,10,39,3,88898.0,2023-02-08,5270.87,5.2036,82282.5,6615.5,7.44,2023,2,2023-02
7153,24,100,12,1255203.0,2024-01-16,19807.28,4.9038,1165571.28,89631.72,7.14,2024,1,2024-01
7161,43,65,4,102231.0,2024-02-27,5225.24,4.9575,103616.51,-1385.51,-1.36,2024,2,2024-02
7167,42,135,10,16445.0,2023-11-02,328.1,5.0194,16468.65,-23.65,-0.14,2023,11,2023-11
7189,45,8,10,47349.9,2023-05-14,1006.07,4.9234,49532.85,-2182.95,-4.61,2023,5,2023-05
7196,2,66,12,150860.0,2023-01-28,2360.29,5.0767,143789.81,7070.19,4.69,2023,1,2023-01
7228,22,33,2,12760.4,2024-05-13,1325.97,5.1412,13634.15,-873.75,-6.85,2024,5,2024-05
7284,20,126,11,29448.0,2024-07-08,467.05,5.472,28112.67,1335.33,4.53,2024,7,2024-07
7285,40,30,7,225735.0,2024-02-25,6558.44,4.9851,228861.35,-3126.35,-1.38,2024,2,2024-02
7286,48,106,1,4385.0,2024-12-07,918.37,6.0293,5537.13,-1152.13,-26.27,2024,12,2024-12
7287,10,26,7,120982.0,2024-07-01,3378.85,5.5893,132197.84,-11215.84,-9.27,2024,7,2024-07
7330,19,30,1,30635.6,2023-05-26,5636.75,5.0114,28248.01,2387.59,7.79,2023,5,2023-05
7332,36,13,9,69724.0,2023-05-07,1356.5,4.9696,60671.36,9052.64,12.98,2023,5,2023-05
7365,19,142,12,9421.15,2023-10-08,169.88,5.1918,10583.8,-1162.65,-12.34,2023,10,2023-10
7390,17,60,5,543755.0,2024-02-17,22370.78,4.9761,556596.19,-12841.19,-2.36,2024,2,2024-02
7403,8,60,10,1087511.0,2024-11-22,19786.24,5.8124,1150055.41,-62544.41,-5.75,2024,11,2024-11
7453,8,49,14,185700.0,2024-05-18,2627.0,5.1157,188145.21,-2445.21,-1.32,2024,5,2024-05
7454,40,117,3,12309.0,2024-09-14,823.4,5.5717,13763.21,-1454.21,-11.81,2024,9,2024-09
7508,37,139,13,17596.85,2024-01-24,246.89,4.9192,15788.52,1808.33,10.28,2024,1,2024-01
7510,48,107,8,12107.0,2024-11-27,311.59,5.8291,14530.31,-2423.31,-20.02,2024,11,2024-11
7539,7,26,9,147771.55,2024-04-17,3412.88,5.2469,161163.36,-13391.81,-9.06,2024,4,2024-04
7548,42,4,12,40583.0,2023-01-18,654.31,5.0909,39972.32,610.68,1.5,2023,1,2023-01
7549,5,95,8,530540.8,2023-03-25,12945.63,5.2921,548076.55,-17535.75,-3.31,2023,3,2023-03
7554,16,116,14,36057.0,2024-03-05,502.24,4.9488,34796.79,1260.21,3.5,2024,3,2024-03
7555,39,141,10,45427.1,2024-05-15,972.86,5.1423,50027.38,-4600.28,-10.13,2024,5,2024-05
7558,37,13,11,80957.1,2024-05-22,1356.5,5.1502,76848.71,4108.39,5.07,2024,5,2024-05
7574,42,111,8,32567.9,2024-03-25,860.37,4.9869,34324.63,-1756.73,-5.39,2024,3,2024-03
7578,11,67,12,1029469.0,2024-08-26,16720.73,5.4921,1101983.05,-72514.05,-7.04,2024,8,2024-08
7580,19,17,11,154427.0,2023-01-14,2706.74,5.1146,152282.82,2144.18,1.39,2023,1,2023-01
7594,29,116,6,14680.35,2024-03-09,502.24,4.9751,14992.17,-311.82,-2.12,2024,3,2024-03
7615,35,119,3,9767.0,2024-05-06,669.88,5.0727,10194.3,-427.3,-4.37,2024,5,2024-05
7635,41,127,8,11775.25,2023-08-06,296.24,4.8609,11519.94,255.31,2.17,2023,8,2023-08
7665,34,27,2,33023.0,2023-04-22,3051.23,5.0497,30815.59,2207.41,6.68,2023,4,2023-04
7674,18,76,9,1333784.0,2023-12-15,27945.06,4.9397,1242361.92,91422.08,6.85,2023,12,2023-12
7687,29,120,2,6249.0,2023-02-02,586.85,4.9901,5856.88,392.12,6.27,2023,2,2023-02
7746,26,9,14,555877.0,2023-06-28,7933.96,4.8563,539415.66,16461.34,2.96,2023,6,2023-06
7749,42,73,3,429480.0,2024-02-21,27541.35,4.9303,407361.35,22118.65,5.15,2024,2,2024-02
7754,16,118,9,36894.2,2023-04-19,797.41,5.0467,36218.6,675.6,1.83,2023,4,2023-04
7792,11,38,4,100552.75,2024-12-03,4851.61,6.0707,117810.68,-17257.93,-17.16,2024,12,2024-12
7796,30,50,3,32136.6,2024-04-26,2378.45,5.1184,36521.58,-4384.98,-13.64,2024,4,2024-04
7804,37,115,4,3155.9,2023-12-12,167.9,4.9476,3322.81,-166.91,-5.29,2023,12,2023-12
7817,18,79,9,565555.9,2024-06-27,13344.4,5.5229,663298.08,-97742.18,-17.28,2024,6,2024-06
7825,24,106,13,54152.85,2024-06-01,918.37,5.2416,62578.47,-8425.62,-15.56,2024,6,2024-06
7833,14,89,13,1022815.0,2023-12-09,14832.32,4.9158,947865.34,74949.66,7.33,2023,12,2023-12
7864,15,136,8,14998.6,2023-11-09,390.62,4.9007,15314.49,-315.89,-2.11,2023,11,2023-11
7891,1,65,14,339917.6,2024-04-16,5225.24,5.2635,385042.71,-45125.11,-13.28,2024,4,2024-04
7899,41,78,7,809714.45,2023-01-02,23053.04,5.3436,862303.57,-52589.12,-6.49,2023,1,2023-01
7915,3,113,3,12525.75,2024-03-30,815.5,4.9962,12223.2,302.55,2.42,2024,3,2024-03
7916,15,56,12,490071.75,2023-02-20,8087.59,5.2012,504782.08,-14710.33,-3.0,2023,2,2023-02
7939,20,52,10,137041.0,2024-06-27,2634.69,5.5229,145511.29,-8470.29,-6.18,2024,6,2024-06
7940,35,75,15,491526.0,2023-11-15,6193.58,4.8682,452273.79,39252.21,7.99,2023,11,2023-11
7944,24,119,15,46395.15,2024-09-10,669.88,5.6254,56525.14,-10129.99,-21.83,2024,9,2024-09
7958,31,1,9,298103.0,2024-06-02,6633.66,5.2416,312938.93,-14835.93,-4.98,2024,6,2024-06
7993,31,62,3,306666.0,2024-12-21,20000.78,6.078,364694.22,-58028.22,-18.92,2024,12,2024-12
8008,9,73,1,143160.0,2023-11-28,27541.35,4.8867,134586.32,8573.68,5.99,2023,11,2023-11
8043,39,3,11,99266.0,2023-11-25,1753.77,4.8927,94387.38,4878.62,4.91,2023,11,2023-11
8044,45,45,14,138652.0,2024-03-15,1881.33,4.9937,131527.17,7124.83,5.14,2024,3,2024-03
8060,2,130,2,8288.0,2023-06-12,749.89,4.8832,7323.73,964.27,11.63,2023,6,2023-06
8061,13,42,8,47943.0,2024-04-26,1263.57,5.1184,51739.65,-3796.65,-7.92,2024,4,2024-04
8063,6,96,15,1059313.0,2024-03-17,14776.4,4.9937,1106833.63,-47520.63,-4.49,2024,3,2024-03
8086,47,26,8,138265.0,2023-07-31,3412.88,4.7415,129457.36,8807.64,6.37,2023,7,2023-07
8126,21,23,14,156501.0,2023-08-11,2108.74,4.8918,144417.48,12083.52,7.72,2023,8,2023-08
8131,27,143,12,53237.0,2024-07-29,896.83,5.6479,60782.47,-7545.47,-14.17,2024,7,2024-07
8132,8,7,11,214706.0,2023-01-25,3678.62,5.1042,206540.53,8165.47,3.8,2023,1,2023-01
8175,28,27,15,235288.4,2024-11-19,3051.23,5.7743,264280.76,-28992.36,-12.32,2024,11,2024-11
8184,27,80,9,1104864.25,2024-10-27,24177.04,5.6969,1239607.61,-134743.36,-12.2,2024,10,2024-10
8198,12,48,4,55997.75,2024-03-27,2940.57,4.9856,58642.02,-2644.27,-4.72,2024,3,2024-03
8219,31,63,2,279915.0,2024-07-06,27618.14,5.497,303633.83,-23718.83,-8.47,2024,7,2024-07
8235,5,114,2,1599.0,2023-02-28,152.46,5.2078,1587.96,11.04,0.69,2023,2,2023-02
8255,42,26,5,86416.0,2024-10-08,3378.85,5.5197,93251.19,-6835.19,-7.91,2024,10,2024-10
8332,12,109,6,3549.2,2023-03-20,169.23,5.2467,5327.39,-1778.19,-50.1,2023,3,2023-03
8372,41,35,8,83641.8,2024-09-24,2106.85,5.4702,92199.13,-8557.33,-10.23,2024,9,2024-09
8383,47,127,5,7747.0,2024-11-10,296.24,5.7648,8538.82,-791.82,-10.22,2024,11,2024-11
8402,15,58,8,870597.0,2024-08-23,19694.26,5.5263,870691.11,-94.11,-0.01,2024,8,2024-08
8466,13,22,8,299841.85,2024-12-30,7630.67,6.1923,378011.18,-78169.33,-26.07,2024,12,2024-12
8487,19,117,15,58467.75,2024-03-12,823.4,4.9813,61524.04,-3056.29,-5.23,2024,3,2024-03
8494,26,3,12,108290.0,2023-10-12,1753.77,5.0496,106270.04,2019.96,1.87,2023,10,2023-10
8523,6,140,3,8933.8,2024-02-18,586.81,4.9761,8760.08,173.72,1.94,2024,2,2024-02
8525,36,15,8,223198.0,2023-03-02,5267.98,5.208,219485.12,3712.88,1.66,2023,3,2023-03
8526,39,74,9,779027.0,2023-03-15,22250.99,5.2981,1060991.73,-281964.73,-36.19,2023,3,2023-03
8535,46,131,1,964.0,2023-11-08,196.2,4.8855,958.54,5.46,0.57,2023,11,2023-11
8537,38,58,13,1343984.0,2024-04-29,20157.55,5.1155,1340507.31,3476.69,0.26,2024,4,2024-04
8538,39,58,1,103383.75,2023-03-30,20157.55,5.1254,103315.51,68.24,0.07,2023,3,2023-03
8542,45,70,4,137422.0,2024-12-07,5960.14,6.0293,143741.89,-6319.89,-4.6,2024,12,2024-12
8545,47,112,9,18647.55,2023-11-28,435.58,4.8867,19156.94,-509.39,-2.73,2023,11,2023-11
8554,31,73,12,1632023.05,2023-01-09,27407.95,5.2967,1742060.27,-110037.22,-6.74,2023,1,2023-01
8573,16,36,1,21470.95,2024-04-06,4476.41,5.052,22614.82,-1143.87,-5.33,2024,4,2024-04
8613,26,28,6,81273.45,2023-01-30,2653.5,5.0959,81131.82,141.63,0.17,2023,1,2023-01
8626,25,37,5,30339.0,2024-01-11,1211.89,4.8794,29566.48,772.52,2.55,2024,1,2024-01
8628,7,79,12,793762.0,2023-05-06,11724.63,4.9696,699200.65,94561.35,11.91,2023,5,2023-05
8652,34,125,11,35551.85,2024-03-15,646.27,4.9937,35500.06,51.79,0.15,2024,3,2024-03
8659,26,84,8,330021.45,2023-07-12,8663.64,4.8058,333085.77,-3064.32,-0.93,2023,7,2023-07
8668,44,63,10,1329598.15,2024-12-06,27618.14,6.0293,1665180.52,-335582.37,-25.24,2024,12,2024-12
8692,9,38,5,132306.0,2024-03-07,5439.42,4.9364,134255.76,-1949.76,-1.47,2024,3,2024-03
8696,41,20,13,400835.0,2023-12-25,5689.04,4.8619,359574.07,41260.93,10.29,2023,12,2023-12
8712,43,31,12,94427.15,2024-09-21,1482.91,5.4775,97471.67,-3044.52,-3.22,2024,9,2024-09
8733,36,116,3,7727.0,2023-09-18,502.24,4.8535,7312.87,414.13,5.36,2023,9,2023-09
8735,17,110,4,9482.9,2023-06-02,476.03,4.9558,9436.44,46.46,0.49,2023,6,2023-06
8767,31,41,1,10600.0,2023-02-25,2005.71,5.1791,10387.77,212.23,2.0,2023,2,2023-02
8772,10,34,13,63928.0,2024-09-08,951.66,5.5702,68912.17,-4984.17,-7.8,2024,9,2024-09
8819,11,6,14,165483.0,2024-06-07,2394.79,5.2802,177029.58,-11546.58,-6.98,2024,6,2024-06
8859,13,23,15,159295.05,2024-03-01,2108.74,4.9596,156877.6,2417.45,1.52,2024,3,2024-03
8872,15,78,6,730569.0,2023-02-12,23053.04,5.2526,726530.39,4038.61,0.55,2023,2,2023-02
8883,16,138,10,39738.5,2023-10-17,836.88,5.0384,42165.36,-2426.86,-6.11,2023,10,2023-10
8903,28,102,1,790.4,2023-09-30,199.93,5.0076,1001.17,-210.77,-26.67,2023,9,2023-09
8918,8,91,2,269772.0,2024-09-22,27671.77,5.4775,303144.24,-33372.24,-12.37,2024,9,2024-09
8923,41,70,1,34355.0,2023-07-03,6655.06,4.7876,31861.77,2493.23,7.26,2023,7,2023-07
8953,8,21,1,8298.25,2023-05-23,1674.22,4.9674,8316.52,-18.27,-0.22,2023,5,2023-05
8964,19,118,6,24596.45,2024-02-10,893.4,4.9717,26650.3,-2053.85,-8.35,2024,2,2024-02
8986,1,146,8,3968.0,2023-09-03,99.02,4.9318,3906.77,61.23,1.54,2023,9,2023-09
8991,9,2,5,66491.45,2023-08-03,2829.74,4.8797,69041.41,-2549.96,-3.84,2023,8,2023-08
8993,38,67,9,772101.0,2023-05-30,16720.73,5.0593,761356.7,10744.3,1.39,2023,5,2023-05
8994,45,26,2,32837.7,2023-05-14,3412.88,4.9234,33605.95,-768.25,-2.34,2023,5,2023-05
9001,40,55,8,879898.0,2024-11-03,22138.68,5.8073,1028527.65,-148629.65,-16.89,2024,11,2024-11
9024,45,63,15,1994396.75,2023-02-15,27618.14,5.2243,2164281.73,-169884.98,-8.52,2023,2,2023-02
9031,13,13,3,23241.0,2023-07-24,1356.5,4.7457,19312.63,3928.37,16.9,2023,7,2023-07
9049,11,5,5,118345.0,2023-05-09,4920.79,5.0007,123036.97,-4691.97,-3.96,2023,5,2023-05
9051,3,23,6,67072.0,2024-06-27,2244.66,5.5229,74382.2,-7310.2,-10.9,2024,6,2024-06
9055,18,1,3,94399.6,2023-01-25,6538.2,5.1042,100116.84,-5717.24,-6.06,2023,1,2023-01
9068,31,106,14,61388.0,2023-05-05,837.06,4.9696,58237.95,3150.05,5.13,2023,5,2023-05
9069,39,77,8,339755.15,2023-12-05,8959.75,4.9522,354963.79,-15208.64,-4.48,2023,12,2023-12
9073,37,9,7,277938.0,2024-03-15,7933.96,4.9937,277338.71,599.29,0.22,2024,3,2024-03
9084,43,148,7,33499.0,2024-04-22,979.78,5.2043,35693.48,-2194.48,-6.55,2024,4,2024-04
9113,4,33,15,100737.0,2023-03-07,1268.8,5.1901,98777.98,1959.02,1.94,2023,3,2023-03
9136,15,133,5,8990.8,2024-08-12,381.67,5.4911,10478.94,-1488.14,-16.55,2024,8,2024-08
9148,29,107,13,19674.0,2024-07-02,311.59,5.6677,22957.98,-3283.98,-16.69,2024,7,2024-07
9172,35,74,15,1298378.0,2023-07-17,17160.36,4.8302,1243319.56,55058.44,4.24,2023,7,2023-07
9187,38,93,9,904293.0,2024-12-13,17444.83,6.04,948300.96,-44007.96,-4.87,2024,12,2024-12
9190,8,28,11,149001.8,2023-11-08,2723.39,4.8855,146356.34,2645.46,1.78,2023,11,2023-11
9199,49,66,6,75430.0,2023-04-12,2360.29,4.9496,70094.95,5335.05,7.07,2023,4,2023-04
9227,9,88,4,183678.7,2023-05-03,9351.41,5.0227,187877.31,-4198.61,-2.29,2023,5,2023-05
9246,19,53,14,751450.0,2024-07-25,9656.73,5.6402,762522.44,-11072.44,-1.47,2024,7,2024-07
9250,5,41,4,42400.0,2024-03-13,2005.71,4.9803,39956.15,2443.85,5.76,2024,3,2024-03
9297,36,60,13,1413764.0,2024-05-29,22370.78,5.1972,1511450.43,-97686.43,-6.91,2024,5,2024-05
9313,33,59,7,610163.0,2023-04-13,16694.98,4.9097,573771.4,36391.6,5.96,2023,4,2023-04
9324,13,136,15,28121.9,2023-04-15,533.84,4.9455,39601.59,-11479.69,-40.82,2023,4,2023-04
9330,40,23,9,95577.6,2023-08-24,2108.74,4.8748,92517.17,3060.43,3.2,2023,8,2023-08
9381,7,7,1,19519.0,2023-04-05,3678.62,5.0447,18557.53,961.47,4.93,2023,4,2023-04
9407,6,138,7,27816.95,2023-11-05,836.88,4.891,28652.26,-835.31,-3.0,2023,11,2023-11
9415,35,119,14,43301.95,2024-03-14,669.88,4.9768,46674.02,-3372.07,-7.79,2024,3,2024-03
9424,4,101,5,2317.0,2023-01-19,87.95,5.2144,2293.03,23.97,1.03,2023,1,2023-01
9425,33,24,6,139393.0,2023-10-15,4129.65,5.0625,125438.12,13954.88,10.01,2023,10,2023-10
9426,19,84,15,651358.0,2024-10-01,8456.45,5.4521,691581.17,-40223.17,-6.18,2024,10,2024-10
9427,20,66,9,113145.0,2024-09-20,2297.7,5.4775,113270.87,-125.87,-0.11,2024,9,2024-09
9481,40,65,14,357808.0,2024-08-15,4996.52,5.4651,382290.74,-24482.74,-6.84,2024,8,2024-08
9496,42,2,14,195974.0,2024-01-22,2829.74,4.949,196061.37,-87.37,-0.04,2024,1,2024-01
9528,27,123,1,2777.0,2023-12-11,535.37,4.944,2646.87,130.13,4.69,2023,12,2023-12
9577,19,93,15,1431797.25,2024-02-02,19409.47,4.9471,1440308.84,-8511.59,-0.59,2024,2,2024-02
9580,35,137,14,45027.15,2024-07-22,673.98,5.5598,52460.72,-7433.57,-16.51,2024,7,2024-07
9601,9,85,9,347208.0,2024-12-17,7885.27,6.1685,437762.59,-90554.59,-26.08,2024,12,2024-12
9609,19,54,13,1500955.35,2023-05-16,23191.9,4.9122,1481002.27,19953.08,1.33,2023,5,2023-05
9620,1,5,12,284028.0,2023-04-10,4920.79,5.0834,300172.13,-16144.13,-5.68,2023,4,2023-04
9656,7,112,3,6215.85,2023-01-20,398.23,5.1986,6210.72,5.13,0.08,2023,1,2023-01
9659,42,80,8,982101.45,2023-02-16,24177.04,5.2432,1014120.45,-32019.0,-3.26,2023,2,2023-02
9667,40,135,1,1562.75,2024-04-19,328.1,5.2269,1714.95,-152.2,-9.74,2024,4,2024-04
9678,23,137,15,48242.9,2024-01-14,619.79,4.8543,45129.7,3113.2,6.45,2024,1,2024-01
9695,48,133,9,17034.0,2023-12-31,348.47,4.8413,15183.43,1850.57,10.86,2023,12,2023-12
9710,15,80,14,1809134.0,2023-11-21,24177.04,4.8806,1651978.46,157155.54,8.69,2023,11,2023-11
9719,4,59,3,248423.1,2023-11-21,17882.07,4.8806,261825.69,-13402.59,-5.4,2023,11,2023-11
9725,42,45,1,9408.8,2023-03-28,1881.33,5.1733,9732.68,-323.88,-3.44,2023,3,2023-03
9751,37,51,6,384954.0,2023-04-28,12243.38,5.0007,367352.82,17601.18,4.57,2023,4,2023-04
9753,40,125,14,45247.55,2024-07-21,646.27,5.5543,50254.08,-5006.53,-11.06,2024,7,2024-07
9765,26,73,4,544008.0,2024-12-30,25649.93,6.1923,635328.25,-91320.25,-16.79,2024,12,2024-12
9769,34,112,8,17448.0,2023-06-30,398.23,4.8192,15353.2,2094.8,12.01,2023,6,2023-06
9795,10,99,11,1179933.0,2024-09-11,18977.86,5.6387,1177115.05,2817.95,0.24,2024,9,2024-09
9807,8,142,7,5495.75,2023-01-09,160.09,5.2967,5935.64,-439.89,-8.0,2023,1,2023-01
9827,20,117,8,32824.0,2023-05-05,823.4,4.9696,32735.75,88.25,0.27,2023,5,2023-05
9852,26,133,1,1893.0,2023-07-09,348.47,4.8799,1700.5,192.5,10.17,2023,7,2023-07
9881,48,42,12,68318.3,2024-05-07,1263.57,5.061,76739.13,-8420.83,-12.33,2024,5,2024-05
9885,15,30,14,451470.0,2024-01-29,6558.44,4.9225,451974.89,-504.89,-0.11,2024,1,2024-01
9898,10,84,11,453779.85,2024-10-18,8456.45,5.6672,527168.33,-73388.48,-16.17,2024,10,2024-10
9900,47,46,10,47346.1,2024-11-04,1000.64,5.7898,57935.05,-10588.95,-22.36,2024,11,2024-11
9907,45,148,15,71783.0,2024-12-16,885.1,6.0509,80334.77,-8551.77,-11.91,2024,12,2024-12
9931,8,76,8,1185586.0,2024-08-04,26304.27,5.7366,1207176.6,-21590.6,-1.82,2024,8,2024-08
9932,42,78,5,578367.6,2023-10-05,25349.04,5.1713,655437.45,-77069.85,-13.33,2023,10,2023-10
9943,15,131,11,10599.0,2023-01-17,185.47,5.1203,10446.28,152.72,1.44,2023,1,2023-01
9944,4,113,10,43950.0,2023-09-05,815.5,4.9705,40534.43,3415.57,7.77,2023,9,2023-09
6,36,52,3,39056.4,2023-09-26,2634.69,4.9717,39296.66,-240.26,-0.62,2023,9,2023-09
9,37,26,7,114932.9,2023-11-07,3412.88,4.867,116273.41,-1340.51,-1.17,2023,11,2023-11
17,43,91,11,1409558.7,2023-09-05,26303.31,4.9705,1438146.63,-28587.93,-2.03,2023,9,2023-09
23,7,132,15,23445.0,2023-02-04,276.61,5.103,21173.11,2271.89,9.69,2023,2,2023-02
39,13,71,8,989322.4,2024-10-16,23100.17,5.6749,1048729.24,-59406.84,-6.0,2024,10,2024-10
48,13,54,15,1823022.0,2024-05-30,23191.9,5.1972,1807994.14,15027.86,0.82,2024,5,2024-05
51,2,52,4,54816.0,2024-08-28,2426.66,5.5315,53692.28,1123.72,2.05,2024,8,2024-08
62,10,113,15,62627.8,2024-05-18,815.5,5.1157,62577.8,50.0,0.08,2024,5,2024-05
82,33,32,9,106895.9,2024-07-11,2430.64,5.41,118347.86,-11451.96,-10.71,2024,7,2024-07
86,15,145,8,34799.0,2023-06-02,820.56,4.9558,32532.25,2266.75,6.51,2023,6,2023-06
117,27,18,3,75731.15,2023-06-03,4834.43,4.9558,71875.4,3855.75,5.09,2023,6,2023-06
125,44,112,11,23990.0,2024-08-23,406.44,5.5263,24707.2,-717.2,-2.99,2024,8,2024-08
181,28,127,11,16190.85,2023-02-02,293.17,4.9901,16092.42,98.43,0.61,2023,2,2023-02
223,18,125,9,29088.05,2023-11-06,646.27,4.8999,28499.93,588.12,2.02,2023,11,2023-11
227,15,9,6,238233.0,2024-11-18,7258.64,5.7603,250871.66,-12638.66,-5.31,2024,11,2024-11
243,40,98,14,1055503.2,2023-02-23,15262.93,5.133,1096824.68,-41321.48,-3.91,2023,2,2023-02
246,28,137,14,47397.0,2023-07-01,619.79,4.8192,41816.49,5580.51,11.77,2023,7,2023-07
266,45,16,9,270054.0,2023-08-17,5615.94,4.9816,251787.3,18266.7,6.76,2023,8,2023-08
277,9,55,1,104487.65,2023-11-05,23326.09,4.891,114087.91,-9600.26,-9.19,2023,11,2023-11
294,5,120,9,28120.0,2023-05-10,586.85,4.9547,26168.99,1951.01,6.94,2023,5,2023-05
298,6,98,1,75392.95,2023-05-26,15262.93,5.0114,76488.65,-1095.7,-1.45,2023,5,2023-05
310,20,110,6,14224.35,2023-01-29,476.03,5.0767,14499.97,-275.62,-1.94,2023,1,2023-01
311,43,29,1,34684.5,2023-11-29,7689.63,4.8933,37627.67,-2943.17,-8.49,2023,11,2023-11
335,44,14,11,374225.9,2024-12-15,6832.87,6.04,453975.88,-79749.98,-21.31,2024,12,2024-12
344,47,138,12,50197.0,2024-05-16,836.88,5.127,51488.21,-1291.21,-2.57,2024,5,2024-05
349,31,55,8,835903.1,2024-12-15,22138.68,6.04,1069741.02,-233837.92,-27.97,2024,12,2024-12
352,32,136,8,15788.0,2024-02-09,390.62,4.9717,15536.36,251.64,1.59,2024,2,2024-02
360,33,63,3,419873.0,2024-09-10,27618.14,5.6254,466089.25,-46216.25,-11.01,2024,9,2024-09
364,6,6,6,70921.0,2024-07-27,2172.43,5.6465,73599.76,-2678.76,-3.78,2024,7,2024-07
367,17,72,7,697652.0,2024-04-30,30675.48,5.1718,1110532.13,-412880.13,-59.18,2024,4,2024-04
392,47,120,1,3124.0,2023-03-18,586.85,5.2679,3091.47,32.53,1.04,2023,3,2023-03
402,13,85,1,36650.05,2023-07-18,7499.89,4.804,36029.47,620.58,1.69,2023,7,2023-07
424,38,77,1,44705.0,2023-09-16,8959.75,4.8689,43624.13,1080.87,2.42,2023,9,2023-09
476,3,86,11,977316.3,2023-03-05,17824.79,5.2037,1020303.46,-42987.16,-4.4,2023,3,2023-03
485,23,149,6,6982.0,2023-01-17,217.62,5.1203,6685.68,296.32,4.24,2023,1,2023-01
507,36,143,9,37931.6,2024-01-10,896.83,4.8901,39470.3,-1538.7,-4.06,2024,1,2024-01
509,35,132,9,14067.0,2024-06-18,314.46,5.4074,15303.7,-1236.7,-8.79,2024,6,2024-06
510,48,6,12,141843.0,2023-03-10,2104.66,5.1822,130881.23,10961.77,7.73,2023,3,2023-03
535,5,112,11,23990.0,2024-10-22,406.44,5.6958,25465.01,-1475.01,-6.15,2024,10,2024-10
540,24,121,8,28076.3,2023-12-15,746.8,4.9397,29511.74,-1435.44,-5.11,2023,12,2023-12
544,28,134,6,28306.0,2024-09-22,948.15,5.4775,31160.95,-2854.95,-10.09,2024,9,2024-09
582,46,9,5,198528.0,2024-11-24,7258.64,5.8124,210950.6,-12422.6,-6.26,2024,11,2024-11
587,28,113,7,30765.0,2024-09-08,777.57,5.5702,30318.54,446.46,1.45,2024,9,2024-09
599,10,122,9,11902.0,2023-03-16,255.46,5.2892,12160.61,-258.61,-2.17,2023,3,2023-03
608,23,76,4,592793.0,2023-11-29,27945.06,4.8933,546974.25,45818.75,7.73,2023,11,2023-11
650,21,22,13,487242.65,2023-03-27,7630.67,5.2306,518868.77,-31626.12,-6.49,2023,3,2023-03
679,43,133,2,3785.0,2024-06-08,381.67,5.2802,4030.59,-245.59,-6.49,2024,6,2024-06
712,29,44,6,61598.95,2024-09-27,2159.34,5.4431,70521.02,-8922.07,-14.48,2024,9,2024-09
719,32,89,7,523208.7,2024-05-31,14832.32,5.2416,544215.62,-21006.92,-4.02,2024,5,2024-05
724,46,9,14,555877.0,2023-11-12,7933.96,4.9219,546702.21,9174.79,1.65,2023,11,2023-11
730,43,148,15,71783.0,2024-06-10,979.78,5.3666,78871.31,-7088.31,-9.87,2024,6,2024-06
737,22,106,5,20827.8,2023-02-24,837.06,5.1791,21676.09,-848.29,-4.07,2023,2,2023-02
738,46,3,7,60010.55,2023-02-12,1753.77,5.2526,64482.97,-4472.42,-7.45,2023,2,2023-02
753,23,120,14,41555.85,2023-01-28,586.85,5.0767,41709.66,-153.81,-0.37,2023,1,2023-01
760,30,68,10,635522.45,2023-06-28,13998.43,4.8563,679805.76,-44283.31,-6.97,2023,6,2023-06
775,43,32,4,50010.0,2024-04-10,2562.61,5.0654,51922.58,-1912.58,-3.82,2024,4,2024-04
794,13,73,4,572640.0,2024-10-30,25649.93,5.7801,593036.64,-20396.64,-3.56,2024,10,2024-10
838,41,124,9,32232.55,2023-04-02,725.63,5.0804,33178.42,-945.87,-2.93,2023,4,2023-04
858,45,53,4,214700.0,2024-08-31,9496.3,5.6562,214851.89,-151.89,-0.07,2024,8,2024-08
859,28,95,15,994764.95,2023-12-06,12945.63,4.9031,952105.78,42659.17,4.29,2023,12,2023-12
865,11,150,14,21887.05,2023-01-17,321.31,5.1203,23032.85,-1145.8,-5.24,2023,1,2023-01
866,25,138,11,43713.3,2024-07-09,836.88,5.4387,50066.93,-6353.63,-14.53,2024,7,2024-07
870,22,90,11,826567.45,2024-11-24,14571.29,5.8124,931635.83,-105068.38,-12.71,2024,11,2024-11
897,44,116,3,7727.0,2024-11-16,502.24,5.7885,8721.65,-994.65,-12.87,2024,11,2024-11
899,29,28,7,94819.5,2023-06-08,2723.39,4.9119,93639.14,1180.36,1.24,2023,6,2023-06
900,19,146,14,6944.0,2024-06-07,99.02,5.2802,7319.84,-375.84,-5.41,2024,6,2024-06
907,39,66,2,23885.85,2023-06-04,2360.29,4.9558,23394.25,491.6,2.06,2023,6,2023-06
934,3,72,15,1494970.0,2023-08-07,30675.48,4.901,2255107.91,-760137.91,-50.85,2023,8,2023-08
941,33,5,14,331366.0,2023-02-09,4920.79,5.2315,360403.58,-29037.58,-8.76,2023,2,2023-02
981,15,15,3,83699.0,2023-06-30,5267.98,4.8192,76162.35,7536.65,9.0,2023,6,2023-06
1004,39,94,1,40751.0,2023-07-20,8022.13,4.7888,38416.38,2334.62,5.73,2023,7,2023-07
1061,17,82,15,735785.45,2024-06-02,9770.29,5.2416,768179.28,-32393.83,-4.4,2024,6,2024-06
1091,3,56,5,214944.0,2024-05-27,8087.59,5.1704,209080.38,5863.62,2.73,2024,5,2024-05
1097,45,55,7,769910.0,2024-03-12,22138.68,4.9813,771955.85,-2045.85,-0.27,2024,3,2024-03
1117,41,60,7,723195.1,2024-09-04,19786.24,5.6359,780592.89,-57397.79,-7.94,2024,9,2024-09
1123,3,53,3,161025.0,2024-07-19,9656.73,5.5543,160909.13,115.87,0.07,2024,7,2024-07
1127,40,126,4,10708.0,2023-07-29,467.05,4.7253,8827.81,1880.19,17.56,2023,7,2023-07
1169,47,2,10,139982.0,2023-01-08,2577.22,5.2855,136218.96,3763.04,2.69,2023,1,2023-01
1182,18,135,13,21379.0,2024-10-30,328.1,5.7801,24653.86,-3274.86,-15.32,2024,10,2024-10
1187,3,65,4,102231.0,2023-07-02,5008.66,4.8192,96550.94,5680.06,5.56,2023,7,2023-07
1199,4,101,8,3521.65,2023-12-10,96.64,4.9158,3800.5,-278.85,-7.92,2023,12,2023-12
1204,8,22,2,74960.7,2023-09-21,7630.67,4.9229,75130.05,-169.35,-0.23,2023,9,2023-09
1212,8,124,7,26390.0,2023-02-20,719.16,5.2012,26183.46,206.54,0.78,2023,2,2023-02
1219,2,149,9,9949.35,2023-03-19,225.94,5.2679,10712.06,-762.71,-7.67,2023,3,2023-03
1225,11,60,15,1549702.7,2024-12-25,19786.24,6.1541,1826497.49,-276794.79,-17.86,2024,12,2024-12
1240,31,30,2,64496.0,2024-05-06,6558.44,5.0727,66538.0,-2042.0,-3.17,2024,5,2024-05
1254,20,61,12,319412.8,2023-05-30,5396.92,5.0593,327655.65,-8242.85,-2.58,2023,5,2023-05
1258,45,38,2,50275.9,2024-08-26,4851.61,5.4921,53291.05,-3015.15,-6.0,2024,8,2024-08
1267,30,136,5,9868.0,2023-12-15,390.62,4.9397,9647.73,220.27,2.23,2023,12,2023-12
1273,36,62,1,97110.9,2023-09-06,20000.78,4.9762,99527.88,-2416.98,-2.49,2023,9,2023-09
1276,39,25,8,97012.0,2024-01-16,2478.48,4.9038,97231.76,-219.76,-0.23,2024,1,2024-01
1299,31,117,13,53339.0,2023-09-07,823.4,4.9762,53266.24,72.76,0.14,2023,9,2023-09
1301,24,126,7,18739.0,2023-09-19,467.05,4.8575,15880.87,2858.13,15.25,2023,9,2023-09
1307,34,94,15,580699.85,2024-12-30,8022.13,6.1923,745131.53,-164431.68,-28.32,2024,12,2024-12
1337,19,22,15,591793.0,2024-02-06,7630.67,4.9687,568717.65,23075.35,3.9,2024,2,2024-02
1367,39,120,3,9373.0,2023-10-26,635.45,5.0055,9542.23,-169.23,-1.81,2023,10,2023-10
1377,18,107,8,11501.65,2024-04-26,311.59,5.1184,12758.74,-1257.09,-10.93,2024,4,2024-04
1395,17,145,11,47848.0,2023-10-16,820.56,5.0618,45688.62,2159.38,4.51,2023,10,2023-10
1406,7,100,2,198740.0,2023-02-03,19807.28,5.103,202153.1,-3413.1,-1.72,2023,2,2023-02
1417,27,129,15,46543.35,2023-11-17,598.62,4.8849,43862.98,2680.37,5.76,2023,11,2023-11
1453,43,42,3,17080.05,2024-08-06,1263.57,5.6528,21428.13,-4348.08,-25.46,2024,8,2024-08
1460,18,4,13,43964.0,2023-07-25,654.31,4.7496,40400.24,3563.76,8.11,2023,7,2023-07
1468,31,69,15,678975.0,2023-04-04,8542.02,5.0762,650415.03,28559.97,4.21,2023,4,2023-04
1507,7,110,5,12478.0,2023-07-20,476.03,4.7888,11398.06,1079.94,8.65,2023,7,2023-07
1520,30,45,4,37634.25,2023-03-04,1900.9,5.2037,39566.85,-1932.6,-5.14,2023,3,2023-03
1522,15,1,2,66245.0,2023-11-04,6574.8,4.891,64314.69,1930.31,2.91,2023,11,2023-11
1532,46,137,10,33855.0,2023-12-23,619.79,4.8619,30133.57,3721.43,10.99,2023,12,2023-12
1539,48,15,14,371067.15,2023-10-21,5267.98,5.0528,372652.69,-1585.54,-0.43,2023,10,2023-10
1553,43,71,12,1562089.0,2023-06-16,25647.03,4.8286,1486070.99,76018.01,4.87,2023,6,2023-06
1555,14,104,4,14852.0,2024-06-29,742.54,5.5589,16510.82,-1658.82,-11.17,2024,6,2024-06
1579,21,79,9,595322.0,2024-06-01,13344.4,5.2416,629514.06,-34192.06,-5.74,2024,6,2024-06
1612,48,61,11,308205.0,2024-02-02,5396.92,4.9471,293690.13,14514.87,4.71,2024,2,2024-02
1625,38,130,14,58017.0,2023-08-26,859.48,4.8772,58685.98,-668.98,-1.15,2023,8,2023-08
1658,2,141,15,68140.65,2023-06-30,942.08,4.8192,68101.08,39.57,0.06,2023,6,2023-06
1671,1,92,7,621979.0,2023-10-14,16745.97,5.0625,593435.31,28543.69,4.59,2023,10,2023-10
1685,26,149,6,6982.0,2023-04-30,225.94,5.0007,6779.15,202.85,2.91,2023,4,2023-04
1697,7,110,9,21337.0,2024-03-09,476.03,4.9751,21314.67,22.33,0.1,2024,3,2024-03
1713,41,25,15,181897.0,2023-03-24,2389.36,5.2921,189670.98,-7773.98,-4.27,2023,3,2023-03
1728,29,46,14,66284.35,2023-01-08,959.01,5.2855,70963.86,-4679.51,-7.06,2023,1,2023-01
1743,23,76,2,281576.2,2024-05-03,28642.87,5.0668,290255.39,-8679.19,-3.08,2024,5,2024-05
1760,1,57,4,475162.0,2024-01-28,22497.79,4.9125,442081.57,33080.43,6.96,2024,1,2024-01
1780,49,129,6,18617.15,2024-05-24,661.98,5.1508,20458.36,-1841.21,-9.89,2024,5,2024-05
1800,8,71,8,989322.4,2023-08-31,27484.92,4.9219,1082224.22,-92901.82,-9.39,2023,8,2023-08
1814,2,107,8,12107.0,2023-01-27,295.48,5.0767,12000.51,106.49,0.88,2023,1,2023-01
1835,28,8,8,39873.0,2023-08-09,1006.07,4.9015,39450.02,422.98,1.06,2023,8,2023-08
1870,4,122,14,17589.25,2024-09-21,271.3,5.4775,20804.64,-3215.39,-18.28,2024,9,2024-09
1896,1,86,13,1155010.95,2023-11-01,17824.79,5.0194,1163106.76,-8095.81,-0.7,2023,11,2023-11
1907,1,124,13,49009.0,2024-07-24,665.23,5.6346,48727.96,281.04,0.57,2024,7,2024-07
1912,21,5,5,112427.75,2024-08-17,4752.24,5.4632,129812.19,-17384.44,-15.46,2024,8,2024-08
1915,11,8,9,44857.0,2023-09-03,1006.07,4.9318,44655.62,201.38,0.45,2023,9,2023-09
1928,36,147,6,18180.0,2024-03-28,592.19,4.9962,17752.2,427.8,2.35,2024,3,2024-03
1930,27,8,14,69778.0,2023-06-29,1006.07,4.8584,68430.47,1347.53,1.93,2023,6,2023-06
1940,47,35,9,99050.0,2023-05-10,2106.85,4.9547,93949.29,5100.71,5.15,2023,5,2023-05
1963,1,30,7,214448.25,2023-11-26,6558.44,4.8927,224619.36,-10171.11,-4.74,2023,11,2023-11
1964,21,3,10,90242.0,2023-03-29,1753.77,5.1493,90306.88,-64.88,-0.07,2023,3,2023-03
2000,12,72,5,473406.85,2023-05-19,30675.48,4.9858,764709.04,-291302.19,-61.53,2023,5,2023-05
2015,23,107,3,4540.0,2024-01-16,311.59,4.9038,4583.93,-43.93,-0.97,2024,1,2024-01
2019,4,128,2,8835.95,2024-02-05,853.09,5.0053,8539.94,296.01,3.35,2024,2,2024-02
2075,14,74,12,986767.85,2024-07-31,17160.36,5.6621,1165964.09,-179196.24,-18.16,2024,7,2024-07
2094,9,33,4,26863.0,2023-02-14,1268.8,5.1507,26140.83,722.17,2.69,2023,2,2023-02
2095,27,40,14,188648.15,2024-02-10,2881.94,4.9717,200593.98,-11945.83,-6.33,2024,2,2024-02
2102,36,71,7,865657.1,2023-08-03,27484.92,4.8797,938827.15,-73170.05,-8.45,2023,8,2023-08
2129,23,146,1,471.2,2023-05-03,99.02,5.0227,497.35,-26.15,-5.55,2023,5,2023-05
2131,39,53,6,322050.0,2024-12-18,9496.3,6.1624,351119.99,-29069.99,-9.03,2024,12,2024-12
2141,10,91,3,384425.1,2023-07-01,26303.31,4.8192,380282.73,4142.37,1.08,2023,7,2023-07
2178,9,35,3,33017.0,2023-10-02,2106.85,5.0679,32031.92,985.08,2.98,2023,10,2023-10
2210,15,146,5,2480.0,2023-07-26,99.02,4.7368,2345.19,134.81,5.44,2023,7,2023-07
2248,47,10,6,182588.1,2023-09-04,6594.15,4.9176,194564.35,-11976.25,-6.56,2023,9,2023-09
2251,29,102,2,1580.8,2024-09-22,199.93,5.4775,2190.23,-609.43,-38.55,2024,9,2024-09
2262,11,28,5,71293.0,2024-01-03,2921.84,4.9212,71894.8,-601.8,-0.84,2024,1,2024-01
2264,48,143,4,17746.0,2023-02-02,845.69,4.9901,16880.31,865.69,4.88,2023,2,2023-02
2280,40,88,8,386692.0,2023-10-25,9954.59,4.9981,398032.29,-11340.29,-2.93,2023,10,2023-10
2297,22,90,12,901709.6,2024-01-21,16092.39,4.9223,950538.86,-48829.26,-5.42,2024,1,2024-01
2300,30,95,9,596858.4,2023-01-01,12945.63,5.3436,622586.42,-25728.02,-4.31,2023,1,2023-01
2303,30,5,12,269826.6,2023-03-07,4920.79,5.1901,306472.71,-36646.11,-13.58,2023,3,2023-03
2375,49,116,14,34254.15,2024-05-31,502.24,5.2416,36855.58,-2601.43,-7.59,2024,5,2024-05
2378,31,114,14,11190.0,2023-12-25,152.46,4.8619,10377.43,812.57,7.26,2023,12,2023-12
2388,41,41,15,151050.0,2023-11-13,2005.71,4.9247,148162.8,2887.2,1.91,2023,11,2023-11
2403,21,131,8,7323.55,2024-05-09,196.2,5.1577,8095.53,-771.98,-10.54,2024,5,2024-05
2426,42,120,11,32650.55,2024-06-23,635.45,5.4416,38036.51,-5385.96,-16.5,2024,6,2024-06
2428,21,126,15,40156.0,2024-01-29,467.05,4.9225,34485.8,5670.2,14.12,2024,1,2024-01
2432,12,49,13,163813.25,2024-02-03,2627.0,4.9471,168948.41,-5135.16,-3.13,2024,2,2024-02
2433,35,116,9,23180.0,2023-11-23,502.24,4.8931,22117.59,1062.41,4.58,2023,11,2023-11
2440,34,125,11,35551.85,2023-04-18,646.27,4.9678,35315.94,235.91,0.66,2023,4,2023-04
2442,45,15,14,371067.15,2023-07-22,5267.98,4.7732,352031.71,19035.44,5.13,2023,7,2023-07
2452,40,110,8,19964.0,2024-06-18,476.03,5.4074,20592.68,-628.68,-3.15,2024,6,2024-06
2509,12,34,15,70074.85,2024-06-17,951.66,5.413,77270.03,-7195.18,-10.27,2024,6,2024-06
2518,36,134,9,40335.1,2023-06-08,899.33,4.9119,39756.77,578.33,1.43,2023,6,2023-06
2523,1,70,9,293739.05,2023-10-27,6655.06,4.948,296363.13,-2624.08,-0.89,2023,10,2023-10
2529,10,82,1,49052.3,2024-04-15,9770.29,5.1746,50557.34,-1505.04,-3.07,2024,4,2024-04
2563,46,12,9,23309.2,2023-11-04,527.97,4.891,23240.71,68.49,0.29,2023,11,2023-11
2584,48,58,12,1305895.0,2023-07-24,20157.55,4.7457,1147940.22,157954.78,12.1,2023,7,2023-07
2586,46,24,12,278786.0,2023-03-05,4129.65,5.2037,257873.52,20912.48,7.5,2023,3,2023-03
2594,3,147,1,3030.0,2024-06-15,592.19,5.363,3175.91,-145.91,-4.82,2024,6,2024-06
2609,47,16,12,360072.0,2023-03-07,5615.94,5.1901,349767.48,10304.52,2.86,2023,3,2023-03
2667,47,20,15,462502.0,2023-10-25,5689.04,4.9981,426515.86,35986.14,7.78,2023,10,2023-10
2685,36,33,15,100737.0,2024-02-24,1268.8,4.9851,94876.42,5860.58,5.82,2024,2,2024-02
2692,5,90,6,450854.8,2024-02-14,16081.27,4.9723,479765.39,-28910.59,-6.41,2024,2,2024-02
2693,26,82,15,774511.0,2023-08-20,9770.29,4.9724,728726.85,45784.15,5.91,2023,8,2023-08
2701,26,48,7,103154.0,2023-12-06,3020.3,4.9031,103661.83,-507.83,-0.49,2023,12,2023-12
2702,2,86,14,1309324.0,2023-02-28,17824.79,5.2078,1299591.18,9732.82,0.74,2023,2,2023-02
2743,40,130,4,16576.0,2024-09-30,752.23,5.4481,16392.9,183.1,1.1,2024,9,2024-09
2791,5,50,4,42848.8,2024-01-19,2378.45,4.9223,46829.78,-3980.98,-9.29,2024,1,2024-01
2797,42,146,13,6125.6,2023-08-31,99.02,4.9219,6335.76,-210.16,-3.43,2023,8,2023-08
2803,39,122,1,1255.9,2024-08-22,271.3,5.5524,1506.37,-250.47,-19.94,2024,8,2024-08
2805,15,93,8,803816.0,2024-04-18,19409.47,5.2512,815384.07,-11568.07,-1.44,2024,4,2024-04
2845,43,90,7,553681.0,2023-10-27,14083.78,4.948,487805.8,65875.2,11.9,2023,10,2023-10
2884,18,82,13,671243.0,2024-12-01,9770.29,6.0535,768877.86,-97634.86,-14.55,2024,12,2024-12
2891,38,89,14,1046418.35,2024-09-14,14122.53,5.5717,1101611.01,-55192.66,-5.27,2024,9,2024-09
2901,19,78,2,243523.0,2024-11-12,24425.59,5.7694,281842.0,-38319.0,-15.74,2024,11,2024-11
2943,3,72,10,996646.0,2024-06-21,30675.48,5.4416,1669236.92,-672590.92,-67.49,2024,6,2024-06
2982,14,52,14,182264.15,2024-01-28,2634.69,4.9125,181200.8,1063.35,0.58,2024,1,2024-01
2992,19,81,14,1624575.05,2024-07-19,23685.5,5.5543,1841789.22,-217214.17,-13.37,2024,7,2024-07
2999,14,119,13,42326.0,2023-02-21,625.1,5.2012,42266.51,59.49,0.14,2023,2,2023-02
3023,41,57,5,564255.35,2024-07-05,23810.02,5.497,654418.4,-90163.05,-15.98,2024,7,2024-07
3056,47,116,10,24467.25,2023-01-14,502.24,5.1146,25687.57,-1220.32,-4.99,2023,1,2023-01
3063,38,138,4,15895.4,2023-11-15,836.88,4.8682,16296.4,-401.0,-2.52,2023,11,2023-11
3066,38,69,4,172007.0,2023-11-23,9219.51,4.8931,180447.94,-8440.94,-4.91,2023,11,2023-11
3070,29,134,5,23588.0,2024-03-19,948.15,5.0352,23870.62,-282.62,-1.2,2024,3,2024-03
3074,18,82,14,722877.0,2024-06-09,9770.29,5.2802,722247.19,629.81,0.09,2024,6,2024-06
3090,45,121,2,7019.55,2023-06-22,746.8,4.775,7131.94,-112.39,-1.6,2023,6,2023-06
3116,16,105,3,929.0,2023-12-13,62.64,4.958,931.71,-2.71,-0.29,2023,12,2023-12
3120,36,52,8,104151.35,2023-10-03,2634.69,5.11,107706.13,-3554.78,-3.41,2023,10,2023-10
3141,19,100,4,397480.95,2024-09-09,19807.28,5.6097,444451.59,-46970.64,-11.82,2024,9,2024-09
3171,26,11,15,543479.0,2024-07-08,7246.24,5.472,594771.38,-51292.38,-9.44,2024,7,2024-07
3194,49,78,13,1582900.0,2024-05-10,24425.59,5.1464,1634150.13,-51250.13,-3.24,2024,5,2024-05
3203,15,113,15,62627.8,2024-12-16,777.57,6.0509,70574.97,-7947.17,-12.69,2024,12,2024-12
3206,39,61,9,239559.6,2023-11-06,5396.92,4.8999,237999.31,1560.29,0.65,2023,11,2023-11
3262,32,27,11,181626.0,2023-09-22,3051.23,4.9131,164900.98,16725.02,9.21,2023,9,2023-09
3265,33,4,13,43964.0,2024-05-24,679.13,5.1508,45474.82,-1510.82,-3.44,2024,5,2024-05
3266,38,1,2,66245.0,2024-06-27,6633.66,5.5229,73274.08,-7029.08,-10.61,2024,6,2024-06
3267,1,20,7,205042.3,2024-07-04,5689.04,5.4839,218386.89,-13344.59,-6.51,2024,7,2024-07
3296,46,13,7,51518.5,2024-06-17,1356.5,5.413,51399.14,119.36,0.23,2024,6,2024-06
3304,47,77,2,89409.0,2024-01-31,8959.75,4.9535,88764.24,644.76,0.72,2024,1,2024-01
3325,37,36,11,248615.0,2023-09-03,4733.87,4.9318,256811.5,-8196.5,-3.3,2023,9,2023-09
3378,26,149,14,15476.45,2024-04-04,225.94,5.0237,15890.77,-414.32,-2.68,2024,4,2024-04
3385,9,146,3,1413.6,2023-04-21,99.02,5.0497,1500.06,-86.46,-6.12,2023,4,2023-04
3401,10,30,5,153177.05,2023-09-25,6558.44,4.9606,162668.99,-9491.94,-6.2,2023,9,2023-09
3403,19,135,13,21379.0,2023-08-25,328.1,4.8772,20802.72,576.28,2.7,2023,8,2023-08
3441,24,87,12,762203.05,2023-07-22,11794.37,4.7732,675562.64,86640.41,11.37,2023,7,2023-07
3459,33,124,3,11310.0,2023-04-14,725.63,4.9455,10765.81,544.19,4.81,2023,4,2023-04
3472,23,70,13,424289.95,2024-07-16,6655.06,5.4274,469555.74,-45265.79,-10.67,2024,7,2024-07
3475,25,69,12,543180.0,2023-09-29,9219.51,5.0076,554011.42,-10831.42,-1.99,2023,9,2023-09
3514,34,13,6,46483.0,2023-11-24,1356.5,4.8927,39821.69,6661.31,14.33,2023,11,2023-11
3529,38,148,4,18184.9,2023-03-12,919.03,5.1822,19050.39,-865.49,-4.76,2023,3,2023-03
3547,28,80,8,982101.45,2024-10-01,24177.04,5.4521,1054525.12,-72423.67,-7.37,2024,10,2024-10
3560,5,78,11,1339377.0,2023-08-02,25349.04,4.8083,1340743.68,-1366.68,-0.1,2023,8,2023-08
3562,30,141,6,27256.45,2024-01-29,972.86,4.9225,28733.42,-1476.97,-5.42,2024,1,2024-01
3580,22,13,3,23241.0,2023-12-27,1356.5,4.8306,19658.13,3582.87,15.42,2023,12,2023-12
3583,28,47,12,73476.0,2024-08-06,1116.66,5.6528,75747.07,-2271.07,-3.09,2024,8,2024-08
3588,22,128,2,9301.0,2023-04-24,853.09,5.0595,8632.42,668.58,7.19,2023,4,2023-04
3601,14,1,12,377596.5,2023-01-29,6538.2,5.0767,398309.76,-20713.26,-5.49,2023,1,2023-01
3626,1,12,14,38167.0,2023-09-07,527.97,4.9762,36781.98,1385.02,3.63,2023,9,2023-09
3678,25,71,12,1562089.0,2023-10-31,27484.92,5.0575,1668059.79,-105970.79,-6.78,2023,10,2023-10
3679,5,4,1,3212.9,2023-08-03,654.31,4.8797,3192.84,20.06,0.62,2023,8,2023-08
3698,22,67,14,1201047.0,2024-02-07,16720.73,4.9608,1161274.76,39772.24,3.31,2024,2,2024-02
3720,13,80,2,245525.6,2024-07-10,24177.04,5.3967,260952.46,-15426.86,-6.28,2024,7,2024-07
3729,27,59,6,496847.15,2024-03-30,17522.59,4.9962,525278.18,-28431.03,-5.72,2024,3,2024-03
3752,6,45,14,131719.4,2024-09-16,1881.33,5.5207,145407.62,-13688.22,-10.39,2024,9,2024-09
3792,40,14,8,272164.55,2023-05-14,6767.66,4.9234,266559.18,5605.37,2.06,2023,5,2023-05
3798,2,122,8,10051.0,2024-11-09,271.3,5.7648,12511.92,-2460.92,-24.48,2024,11,2024-11
3803,34,106,12,52618.0,2024-04-19,918.37,5.2269,57602.74,-4984.74,-9.47,2024,4,2024-04
3806,14,54,14,1616412.65,2023-03-04,23191.9,5.2037,1689571.66,-73159.01,-4.53,2023,3,2023-03
3821,1,32,1,12502.0,2023-02-06,2585.66,5.1763,13384.15,-882.15,-7.06,2023,2,2023-02
3859,45,34,14,68845.0,2023-09-09,1022.84,4.9835,71362.52,-2517.52,-3.66,2023,9,2023-09
3883,33,30,6,193487.0,2024-04-19,6558.44,5.2269,205681.86,-12194.86,-6.3,2024,4,2024-04
3887,1,85,6,231472.0,2023-01-07,7499.89,5.2855,237844.01,-6372.01,-2.75,2023,1,2023-01
3902,43,18,15,398587.0,2024-10-05,5265.1,5.4686,431890.89,-33303.89,-8.36,2024,10,2024-10
3920,2,14,10,358111.0,2023-02-10,6841.36,5.2526,359349.28,-1238.28,-0.35,2023,2,2023-02
3927,1,60,6,652507.0,2023-11-17,22190.02,4.8849,650376.17,2130.83,0.33,2023,11,2023-11
3931,33,117,2,7795.7,2023-04-02,823.4,5.0804,8366.4,-570.7,-7.32,2023,4,2023-04
3952,15,37,14,80700.6,2024-05-05,1211.89,5.0668,85965.66,-5265.06,-6.52,2024,5,2024-05
3970,22,2,6,79789.55,2024-08-18,2829.74,5.4632,92756.61,-12967.06,-16.25,2024,8,2024-08
3991,26,102,1,790.4,2024-09-27,199.93,5.4431,1088.24,-297.84,-37.68,2024,9,2024-09
3992,24,9,5,188601.6,2024-09-01,7258.64,5.6562,205281.6,-16680.0,-8.84,2024,9,2024-09
4030,41,107,5,7188.65,2023-08-27,295.48,4.8772,7205.58,-16.93,-0.24,2023,8,2023-08
4033,26,104,5,17636.75,2023-02-03,742.54,5.103,18945.91,-1309.16,-7.42,2023,2,2023-02
4038,18,57,6,677105.85,2024-12-21,20486.78,6.078,747111.89,-70006.04,-10.34,2024,12,2024-12
4039,17,127,7,10845.0,2023-12-09,296.24,4.9158,10193.8,651.2,6.0,2023,12,2023-12
4046,3,119,11,35814.0,2024-10-27,669.88,5.6969,41978.63,-6164.63,-17.21,2024,10,2024-10
4074,12,93,4,401908.0,2023-05-03,19409.47,5.0227,389951.78,11956.22,2.97,2023,5,2023-05
4117,47,26,11,180609.25,2024-06-29,3378.85,5.5589,206609.58,-26000.33,-14.4,2024,6,2024-06
4118,29,130,7,29009.0,2023-10-15,859.48,5.0625,30457.82,-1448.82,-4.99,2023,10,2023-10
4130,41,73,6,816012.0,2024-11-30,25649.93,6.0535,931631.11,-115619.11,-14.17,2024,11,2024-11
4148,28,69,8,362120.0,2024-08-23,8620.92,5.5263,381134.32,-19014.32,-5.25,2024,8,2024-08
4158,32,49,11,145907.0,2023-02-08,2627.0,5.2036,150368.43,-4461.43,-3.06,2023,2,2023-02
4164,27,35,11,121061.0,2024-04-07,2106.85,5.052,117081.87,3979.13,3.29,2024,4,2024-04
4171,25,146,13,6125.6,2023-10-13,99.02,5.0625,6516.75,-391.15,-6.39,2023,10,2023-10
4174,14,23,7,74337.5,2024-04-14,2244.66,5.1364,80706.3,-6368.8,-8.57,2024,4,2024-04
4196,46,86,9,799622.6,2024-02-21,17824.79,4.9303,790934.06,8688.54,1.09,2024,2,2024-02
4229,34,56,1,42989.0,2024-07-22,8087.59,5.5598,44965.38,-1976.38,-4.6,2024,7,2024-07
4243,13,84,2,82505.6,2024-10-11,8456.45,5.6263,95157.05,-12651.45,-15.33,2024,10,2024-10
4250,49,110,3,7112.65,2023-05-25,476.03,4.999,7139.02,-26.37,-0.37,2023,5,2023-05
4257,18,5,3,71007.0,2023-09-06,4752.24,4.9762,70944.29,62.71,0.09,2023,9,2023-09
4273,25,9,12,452642.7,2024-02-07,7933.96,4.9608,472305.47,-19662.77,-4.34,2024,2,2024-02
4282,28,87,6,381101.05,2023-04-21,11794.37,5.0497,357348.18,23752.87,6.23,2023,4,2023-04
4341,29,141,8,36341.3,2023-04-08,942.08,5.0683,38197.95,-1856.65,-5.11,2023,4,2023-04
4365,44,40,4,53899.2,2024-08-19,2867.26,5.4237,62204.63,-8305.43,-15.41,2024,8,2024-08
4394,49,73,2,286320.0,2024-05-30,28694.54,5.1972,298262.53,-11942.53,-4.17,2024,5,2024-05
4404,40,130,9,35432.15,2024-11-29,752.23,6.0535,40982.62,-5550.47,-15.67,2024,11,2024-11
4410,22,73,1,143160.0,2024-07-18,28694.54,5.5426,159042.36,-15882.36,-11.09,2024,7,2024-07
4414,18,114,6,4796.0,2024-11-07,152.46,5.6624,5179.74,-383.74,-8.0,2024,11,2024-11
4420,43,52,14,182264.15,2024-05-08,2634.69,5.0887,187700.06,-5435.91,-2.98,2024,5,2024-05
4426,16,60,14,1522515.0,2024-09-13,19786.24,5.5717,1543401.91,-20886.91,-1.37,2024,9,2024-09
4428,26,87,2,133720.0,2023-11-08,13597.7,4.8855,132863.13,856.87,0.64,2023,11,2023-11
4432,31,104,7,24691.45,2024-12-17,742.54,6.1685,32062.51,-7371.06,-29.85,2024,12,2024-12
4446,4,95,10,663176.0,2023-06-28,12945.63,4.8563,628678.63,34497.37,5.2,2023,6,2023-06
4453,22,118,5,21576.0,2024-09-08,893.4,5.5702,24882.08,-3306.08,-15.32,2024,9,2024-09
4455,48,84,3,123758.4,2023-05-12,8663.64,4.9234,127963.7,-4205.3,-3.4,2023,5,2023-05
4472,31,107,11,15814.65,2024-08-31,311.59,5.6562,19386.57,-3571.92,-22.59,2024,8,2024-08
4476,17,108,10,31783.2,2024-06-13,688.83,5.3974,37178.91,-5395.71,-16.98,2024,6,2024-06
4504,44,54,8,972279.0,2024-06-22,23191.9,5.4416,1009608.34,-37329.34,-3.84,2024,6,2024-06
4508,33,71,15,1952611.0,2023-04-19,25647.03,5.0467,1941492.99,11118.01,0.57,2023,4,2023-04
4514,8,102,14,11065.6,2024-09-10,199.93,5.6254,15745.61,-4680.01,-42.29,2024,9,2024-09
4530,37,9,14,555877.0,2023-02-13,7933.96,5.1834,575748.44,-19871.44,-3.57,2023,2,2023-02
4539,48,88,1,45919.2,2024-10-20,9896.1,5.6672,56083.18,-10163.98,-22.13,2024,10,2024-10
4560,48,122,12,15870.0,2024-11-29,271.3,6.0535,19707.77,-3837.77,-24.18,2024,11,2024-11
4574,29,28,14,199620.0,2023-03-23,2723.39,5.2632,200672.45,-1052.45,-0.53,2023,3,2023-03
4576,38,129,4,12411.75,2024-01-29,661.98,4.9225,13034.39,-622.64,-5.02,2024,1,2024-01
4594,9,82,8,392418.4,2024-04-10,9770.29,5.0654,395923.42,-3505.02,-0.89,2024,4,2024-04
4595,27,28,5,71293.0,2024-03-02,2921.84,4.9596,72455.79,-1162.79,-1.63,2024,3,2024-03
4622,15,141,12,57382.0,2023-09-16,962.15,4.8689,56215.35,1166.65,2.03,2023,9,2023-09
4651,22,71,14,1822437.0,2024-08-17,27484.92,5.4632,2102178.61,-279741.61,-15.35,2024,8,2024-08
4659,24,40,4,56736.0,2023-11-14,2970.73,4.8682,57848.43,-1112.43,-1.96,2023,11,2023-11
4663,26,90,12,901709.6,2024-06-10,16081.27,5.3666,1035620.92,-133911.32,-14.85,2024,6,2024-06
4689,30,113,4,16701.0,2024-08-03,815.5,5.7366,18712.79,-2011.79,-12.05,2024,8,2024-08
4702,4,47,13,79598.0,2024-11-30,1116.66,6.0535,87876.12,-8278.12,-10.4,2024,11,2024-11
4709,8,112,15,32714.0,2024-09-24,406.44,5.4702,33349.62,-635.62,-1.94,2024,9,2024-09
4713,22,16,13,370574.1,2024-02-02,6212.42,4.9471,399535.02,-28960.92,-7.82,2024,2,2024-02
4714,47,31,14,115964.0,2024-05-19,1686.13,5.1157,120760.29,-4796.29,-4.14,2024,5,2024-05
4731,2,133,11,20820.0,2023-11-21,348.47,4.8806,18708.17,2111.83,10.14,2023,11,2023-11
4737,23,97,13,1759356.0,2023-12-15,25607.88,4.9397,1644438.18,114917.82,6.53,2023,12,2023-12
4745,47,64,4,423720.9,2024-05-23,21352.22,5.1443,439368.9,-15648.0,-3.69,2024,5,2024-05
4746,45,31,11,91114.0,2024-08-13,1482.91,5.4875,89512.15,1601.85,1.76,2024,8,2024-08
4762,41,123,6,16662.0,2024-05-20,535.37,5.1085,16409.63,252.37,1.51,2024,5,2024-05
4766,30,119,1,3256.0,2023-11-04,669.88,4.891,3276.38,-20.38,-0.63,2023,11,2023-11
4794,20,72,4,378726.05,2023-12-29,30675.48,4.8413,594036.81,-215310.76,-56.85,2023,12,2023-12
4800,33,17,6,84233.0,2024-04-02,2833.14,5.0476,85803.34,-1570.34,-1.86,2024,4,2024-04
4810,2,143,9,39928.0,2024-08-06,896.83,5.6528,45626.41,-5698.41,-14.27,2024,8,2024-08
4821,11,134,7,33023.0,2024-07-20,948.15,5.5543,36864.17,-3841.17,-11.63,2024,7,2024-07
4836,15,26,14,229866.75,2024-12-29,3378.85,6.1991,293241.61,-63374.86,-27.57,2024,12,2024-12
4840,5,101,7,3081.8,2024-12-14,82.96,6.04,3507.55,-425.75,-13.81,2024,12,2024-12
4843,18,25,5,60632.0,2024-10-11,2430.59,5.6263,68376.14,-7744.14,-12.77,2024,10,2024-10
4847,17,15,9,238543.1,2024-10-02,5097.71,5.4305,249148.03,-10604.93,-4.45,2024,10,2024-10
4855,9,12,8,21809.0,2024-11-20,481.53,5.7743,22243.99,-434.99,-1.99,2024,11,2024-11
4858,47,39,14,414860.0,2023-11-30,5270.87,4.9355,364201.3,50658.7,12.21,2023,11,2023-11
4879,42,48,12,167994.2,2023-09-01,3020.3,4.9318,178746.19,-10751.99,-6.4,2023,9,2023-09
4880,47,105,4,1176.1,2023-12-30,62.64,4.8413,1213.04,-36.94,-3.14,2023,12,2023-12
4882,8,5,13,292312.15,2023-03-25,4920.79,5.2921,338537.07,-46224.92,-15.81,2023,3,2023-03
4888,19,110,8,18965.8,2023-03-04,476.03,5.2037,19816.94,-851.14,-4.49,2023,3,2023-03
4898,28,66,4,50287.0,2023-12-18,2360.29,4.9399,46638.39,3648.61,7.26,2023,12,2023-12
4925,28,144,7,15499.0,2024-07-11,444.87,5.41,16847.23,-1348.23,-8.7,2024,7,2024-07
4939,5,113,9,37577.25,2023-05-05,815.5,4.9696,36474.38,1102.87,2.93,2023,5,2023-05
4977,15,100,15,1569004.0,2023-04-06,19807.28,5.0683,1505838.56,63165.44,4.03,2023,4,2023-04
5009,20,47,11,67353.0,2024-07-03,1496.29,5.5863,91945.97,-24592.97,-36.51,2024,7,2024-07
5010,8,27,5,82557.0,2023-05-07,3051.23,4.9696,75816.96,6740.04,8.16,2023,5,2023-05
5011,13,26,1,16418.85,2024-03-04,3412.88,4.9475,16885.22,-466.37,-2.84,2024,3,2024-03
5028,23,103,4,6799.15,2024-06-12,341.7,5.3891,7365.82,-566.67,-8.33,2024,6,2024-06
5046,7,111,2,8141.5,2024-11-01,860.37,5.8073,9992.85,-1851.35,-22.74,2024,11,2024-11
5064,18,60,3,326253.0,2024-05-19,22370.78,5.1157,343326.6,-17073.6,-5.23,2024,5,2024-05
5085,8,84,12,521087.0,2024-06-17,8456.45,5.413,549297.17,-28210.17,-5.41,2024,6,2024-06
5088,22,70,10,326376.3,2023-09-04,6655.06,4.9176,327269.23,-892.93,-0.27,2023,9,2023-09
5139,22,112,12,24862.45,2023-09-15,398.23,4.8689,23267.3,1595.15,6.42,2023,9,2023-09
5166,16,39,9,266695.0,2023-12-21,5270.87,4.8755,231283.14,35411.86,13.28,2023,12,2023-12
5200,36,139,3,4275.0,2024-07-14,246.89,5.4529,4038.8,236.2,5.53,2024,7,2024-07
5206,41,115,3,2367.4,2023-07-16,160.69,4.7957,2311.86,55.54,2.35,2023,7,2023-07
5215,21,65,4,102231.0,2023-03-01,5008.66,5.207,104320.37,-2089.37,-2.04,2023,3,2023-03
5257,12,96,12,805077.5,2023-04-02,13063.42,5.0804,796408.79,8668.71,1.08,2023,4,2023-04
5278,20,79,1,66147.0,2023-05-13,11724.63,4.9234,57725.04,8421.96,12.73,2023,5,2023-05
5292,19,110,9,21337.0,2024-02-21,476.03,4.9303,21122.74,214.26,1.0,2024,2,2024-02
5298,21,66,3,35829.25,2024-02-01,2360.29,4.935,34944.09,885.16,2.47,2024,2,2024-02
5307,39,102,5,4160.0,2024-11-27,199.93,5.8291,5827.06,-1667.06,-40.07,2024,11,2024-11
5342,27,50,8,85697.6,2024-12-15,2378.45,6.04,114926.7,-29229.1,-34.11,2024,12,2024-12
5355,36,14,5,179055.0,2023-05-04,6767.66,5.0106,169550.19,9504.81,5.31,2023,5,2023-05
5376,46,122,5,6281.4,2024-06-22,271.3,5.4416,7381.53,-1100.13,-17.51,2024,6,2024-06
5383,40,44,9,92398.9,2024-07-30,2159.34,5.6532,109864.63,-17465.73,-18.9,2024,7,2024-07
5408,49,67,12,977995.55,2023-03-16,16720.73,5.2892,1061271.42,-83275.87,-8.51,2023,3,2023-03
5413,16,1,9,283197.85,2023-01-29,6538.2,5.0767,298732.32,-15534.47,-5.49,2023,1,2023-01
5416,19,104,3,11139.0,2024-04-21,742.54,5.2269,11643.55,-504.55,-4.53,2024,4,2024-04
5422,34,3,14,126339.0,2024-04-03,1753.77,5.0724,124541.52,1797.48,1.42,2024,4,2024-04
5451,7,27,9,141172.85,2024-12-31,3051.23,6.1923,170047.18,-28874.33,-20.45,2024,12,2024-12
5462,33,123,13,36102.0,2024-03-15,535.37,4.9937,34755.2,1346.8,3.73,2024,3,2024-03
5470,45,6,14,157208.85,2023-06-22,2104.66,4.775,140696.52,16512.33,10.5,2023,6,2023-06
5510,31,35,4,44022.0,2024-10-04,2106.85,5.4686,46086.08,-2064.08,-4.69,2024,10,2024-10
5524,40,144,15,33212.0,2024-05-05,444.87,5.0668,33811.01,-599.01,-1.8,2024,5,2024-05
5558,3,84,12,521087.0,2023-08-19,8951.16,4.9724,534104.98,-13017.98,-2.5,2023,8,2023-08
5570,25,78,6,730569.0,2024-12-16,24425.59,6.0509,886780.82,-156211.82,-21.38,2024,12,2024-12
5574,5,46,4,19935.0,2024-06-05,1000.64,5.2841,21149.93,-1214.93,-6.09,2024,6,2024-06
5580,46,140,14,41689.8,2024-10-22,612.49,5.6958,48840.69,-7150.89,-17.15,2024,10,2024-10
5582,46,96,12,805077.5,2024-03-20,14776.4,5.012,888711.8,-83634.3,-10.39,2024,3,2024-03
5591,12,141,11,49970.0,2023-04-28,942.08,5.0007,51821.65,-1851.65,-3.71,2023,4,2023-04
5603,36,144,8,16827.35,2024-03-23,444.87,4.9897,17758.14,-930.79,-5.53,2024,3,2024-03
5617,21,127,1,1549.0,2024-08-09,296.24,5.5115,1632.73,-83.73,-5.41,2024,8,2024-08
5624,36,28,15,213878.0,2024-10-12,2776.74,5.6263,234341.58,-20463.58,-9.57,2024,10,2024-10
5637,36,2,2,26596.2,2023-05-06,2577.22,4.9696,25615.51,980.69,3.69,2023,5,2023-05
5644,17,87,11,698686.05,2024-09-05,13597.7,5.6049,838351.24,-139665.19,-19.99,2024,9,2024-09
5645,17,130,11,45585.0,2023-08-31,859.48,4.9219,46533.02,-948.02,-2.08,2023,8,2023-08
5657,31,147,9,25907.45,2023-05-13,592.19,4.9234,26240.29,-332.84,-1.28,2023,5,2023-05
5663,7,18,3,79717.0,2024-04-21,5265.1,5.2269,82560.45,-2843.45,-3.57,2024,4,2024-04
5668,9,25,7,84885.0,2023-04-16,2389.36,4.9455,82716.06,2168.94,2.56,2023,4,2023-04
5689,11,136,9,17762.0,2024-04-05,390.62,5.052,17760.71,1.29,0.01,2024,4,2024-04
5691,38,34,7,32701.85,2023-11-28,1022.84,4.8867,34988.19,-2286.34,-6.99,2023,11,2023-11
5700,20,33,5,33579.0,2023-01-22,1268.8,5.1986,32979.92,599.08,1.78,2023,1,2023-01
5704,22,51,6,384954.0,2023-05-22,12243.38,4.968,364950.67,20003.33,5.2,2023,5,2023-05
5787,10,102,15,12480.0,2023-06-09,199.93,4.8922,14671.46,-2191.46,-17.56,2023,6,2023-06
5797,25,129,14,45727.0,2023-01-21,598.62,5.1986,43567.8,2159.2,4.72,2023,1,2023-01
5814,35,94,5,193566.3,2023-03-10,7181.14,5.1822,186070.52,7495.78,3.87,2023,3,2023-03
5817,44,58,4,435298.0,2024-02-12,20157.55,4.9717,400869.17,34428.83,7.91,2024,2,2024-02
5854,5,73,11,1496021.05,2024-11-16,25649.93,5.7885,1633220.82,-137199.77,-9.17,2024,11,2024-11
5878,22,129,8,26130.0,2023-12-14,598.62,4.8912,23423.76,2706.24,10.36,2023,12,2023-12
5912,42,136,15,28121.9,2023-03-14,533.84,5.2362,41929.4,-13807.5,-49.1,2023,3,2023-03
5915,18,130,1,4144.0,2023-05-12,749.89,4.9234,3692.01,451.99,10.91,2023,5,2023-05
5921,25,71,10,1236653.95,2024-04-20,27484.92,5.2269,1436609.28,-199955.33,-16.17,2024,4,2024-04
5937,39,148,1,4786.0,2023-03-11,919.03,5.1822,4762.6,23.4,0.49,2023,3,2023-03
5987,24,34,10,49175.0,2024-06-11,951.66,5.3524,50936.65,-1761.65,-3.58,2024,6,2024-06
5996,44,32,11,130650.65,2024-11-21,2288.99,5.8173,146473.16,-15822.51,-12.11,2024,11,2024-11
5998,36,115,9,7475.0,2024-09-02,167.9,5.623,8496.92,-1021.92,-13.67,2024,9,2024-09
6007,26,6,11,123520.9,2023-09-03,2104.66,4.9318,114177.38,9343.52,7.56,2023,9,2023-09
6016,18,117,13,53339.0,2023-03-03,823.4,5.2037,55701.45,-2362.45,-4.43,2023,3,2023-03
6055,25,148,1,4546.7,2024-11-13,885.1,5.7713,5108.18,-561.48,-12.35,2024,11,2024-11
6070,17,144,6,12620.75,2024-04-07,444.87,5.052,13484.9,-864.15,-6.85,2024,4,2024-04
6080,34,104,1,3713.0,2024-03-13,742.54,4.9803,3698.07,14.93,0.4,2024,3,2024-03
6083,33,11,12,413043.85,2024-06-19,7246.24,5.4647,475182.33,-62138.48,-15.04,2024,6,2024-06
6180,42,53,12,644100.0,2023-07-27,11332.93,4.7202,641924.35,2175.65,0.34,2023,7,2023-07
6188,34,133,10,18927.0,2023-10-29,348.47,4.948,17242.3,1684.7,8.9,2023,10,2023-10
6193,27,22,9,337322.2,2023-02-05,7630.67,5.103,350453.78,-13131.58,-3.89,2023,2,2023-02
6198,5,73,10,1360019.05,2023-04-06,27541.35,5.0683,1395878.24,-35859.19,-2.64,2023,4,2023-04
6200,38,28,2,27091.15,2023-10-14,2723.39,5.0625,27574.32,-483.17,-1.78,2023,10,2023-10
6235,16,41,15,159000.0,2024-08-12,1906.75,5.4911,157052.32,1947.68,1.22,2024,8,2024-08
6238,16,69,2,90530.0,2023-11-19,9219.51,4.8849,90072.77,457.23,0.51,2023,11,2023-11
6239,44,141,7,33473.0,2024-11-17,972.86,5.7885,39419.8,-5946.8,-17.77,2024,11,2024-11
6244,38,99,3,305710.0,2024-06-25,21330.89,5.429,347416.21,-41706.21,-13.64,2024,6,2024-06
6252,3,40,12,170208.0,2023-09-09,2970.73,4.9835,177655.6,-7447.6,-4.38,2023,9,2023-09
6254,31,33,1,6380.2,2023-04-22,1268.8,5.0497,6407.06,-26.86,-0.42,2023,4,2023-04
6261,20,2,10,139982.0,2024-09-26,2829.74,5.4412,153971.81,-13989.81,-9.99,2024,9,2024-09
6288,17,18,6,159435.0,2024-02-15,5536.62,4.971,165135.23,-5700.23,-3.58,2024,2,2024-02
6295,32,46,11,54821.0,2023-02-04,959.01,5.103,53832.11,988.89,1.8,2023,2,2023-02
6320,5,29,14,511145.0,2023-07-16,7689.63,4.7957,516280.22,-5135.22,-1.0,2023,7,2023-07
6360,6,99,7,750867.0,2023-10-30,21330.89,5.0074,747686.09,3180.91,0.42,2023,10,2023-10
6374,47,28,2,28517.0,2024-09-24,2776.74,5.4702,30378.65,-1861.65,-6.53,2024,9,2024-09
6380,34,144,13,27344.8,2023-09-23,422.52,4.9131,26986.48,358.32,1.31,2023,9,2023-09
6382,16,33,13,82939.75,2023-12-05,1268.8,4.9522,81683.57,1256.18,1.51,2023,12,2023-12
6384,43,44,8,86455.0,2024-10-29,2159.34,5.714,98707.75,-12252.75,-14.17,2024,10,2024-10
6393,49,59,5,435831.0,2024-02-22,17882.07,4.9419,441857.01,-6026.01,-1.38,2024,2,2024-02
6406,40,61,13,364242.0,2024-04-07,5396.92,5.052,354448.12,9793.88,2.69,2024,4,2024-04
6423,46,57,2,237581.0,2024-04-09,23810.02,5.008,238481.16,-900.16,-0.38,2024,4,2024-04
6439,42,3,9,77157.1,2024-03-15,1753.77,4.9937,78820.21,-1663.11,-2.16,2024,3,2024-03
6475,43,88,2,96673.0,2024-08-06,9896.1,5.6528,111881.35,-15208.35,-15.73,2024,8,2024-08
6492,37,122,4,5025.5,2023-11-17,271.3,4.8849,5301.09,-275.59,-5.48,2023,11,2023-11
6493,38,107,9,12939.0,2024-11-17,311.59,5.7885,16232.75,-3293.75,-25.46,2024,11,2024-11
6494,7,50,7,74985.4,2024-04-21,2378.45,5.2269,87023.44,-12038.04,-16.05,2024,4,2024-04
6538,11,33,11,73873.0,2024-09-18,1325.97,5.4767,79881.34,-6008.34,-8.13,2024,9,2024-09
6547,47,69,9,387015.75,2024-01-14,9219.51,4.8543,402788.41,-15772.66,-4.08,2024,1,2024-01
6595,8,56,14,601843.0,2023-06-04,8087.59,4.9558,561126.7,40716.3,6.77,2023,6,2023-06
6596,39,22,10,374802.55,2023-01-13,7630.67,5.1146,390278.25,-15475.7,-4.13,2023,1,2023-01
6600,42,138,9,35764.65,2023-08-10,836.88,4.8518,36543.37,-778.72,-2.18,2023,8,2023-08
6623,33,136,2,3749.65,2024-05-31,390.62,5.2416,4094.95,-345.3,-9.21,2024,5,2024-05
6653,35,45,12,118845.0,2024-09-18,1881.33,5.4767,123641.76,-4796.76,-4.04,2024,9,2024-09
6661,43,56,1,42989.0,2024-03-13,8087.59,4.9803,40278.62,2710.38,6.3,2024,3,2024-03
6668,42,74,9,779027.0,2023-02-08,22250.99,5.2036,1042067.26,-263040.26,-33.77,2023,2,2023-02
6670,6,3,1,8572.8,2024-09-09,1753.77,5.6097,9838.12,-1265.32,-14.76,2024,9,2024-09
6689,22,56,4,171955.0,2023-07-19,8087.59,4.8,155281.73,16673.27,9.7,2023,7,2023-07
6693,31,15,13,344562.15,2023-09-27,5267.98,5.0289,344397.88,164.27,0.05,2023,9,2023-09
6709,35,149,10,11054.2,2024-10-15,225.94,5.6378,12738.05,-1683.85,-15.23,2024,10,2024-10
6728,49,61,3,79853.2,2024-05-11,5396.92,5.1464,83324.13,-3470.93,-4.35,2024,5,2024-05
6732,13,123,13,36102.0,2023-05-12,535.37,4.9234,34265.93,1836.07,5.09,2023,5,2023-05
6751,15,78,2,243523.0,2023-04-26,23053.04,5.0585,233227.61,10295.39,4.23,2023,4,2023-04
6755,35,87,10,635169.05,2024-10-26,13597.7,5.6969,774647.37,-139478.32,-21.96,2024,10,2024-10
6773,13,78,14,1704662.0,2023-09-18,25349.04,4.8535,1722441.92,-17779.92,-1.04,2023,9,2023-09
6777,12,100,15,1569004.0,2024-02-21,19807.28,4.9303,1464837.49,104166.51,6.64,2024,2,2024-02
6793,21,122,2,2645.0,2024-12-18,222.63,6.1624,2743.87,-98.87,-3.74,2024,12,2024-12
6795,49,96,8,536718.65,2023-06-01,13063.42,5.035,526194.56,10524.09,1.96,2023,6,2023-06
6827,14,99,13,1324743.65,2024-03-22,21330.89,4.9897,1383651.64,-58907.99,-4.45,2024,3,2024-03
6873,42,124,12,45239.0,2024-09-14,665.23,5.5717,44477.54,761.46,1.68,2024,9,2024-09
6902,15,143,9,39928.0,2024-08-30,896.83,5.6562,45653.85,-5725.85,-14.34,2024,8,2024-08
6903,40,55,5,522439.2,2024-04-08,22138.68,5.0421,558127.19,-35687.99,-6.83,2024,4,2024-04
6913,37,77,6,254816.6,2024-11-17,8959.75,5.7885,311181.08,-56364.48,-22.12,2024,11,2024-11
6951,6,124,3,11310.0,2024-10-26,665.23,5.6969,11369.25,-59.25,-0.52,2024,10,2024-10
6952,9,80,1,122762.8,2023-11-07,24177.04,4.867,117669.65,5093.15,4.15,2023,11,2023-11
6970,5,79,8,529175.0,2023-04-21,11724.63,5.0497,473646.91,55528.09,10.49,2023,4,2023-04
6990,44,92,3,266562.0,2023-04-26,16745.97,5.0585,254128.47,12433.53,4.66,2023,4,2023-04
6999,22,98,13,980110.25,2023-11-28,15850.04,4.8867,1006907.08,-26796.83,-2.73,2023,11,2023-11
7003,32,147,4,11514.0,2024-01-20,592.19,4.9223,11659.75,-145.75,-1.27,2024,1,2024-01
7035,27,106,12,52618.0,2023-12-30,918.37,4.8413,53353.26,-735.26,-1.4,2023,12,2023-12
7039,35,27,2,33023.0,2023-04-10,3051.23,5.0834,31021.25,2001.75,6.06,2023,4,2023-04
7073,22,128,3,13254.4,2023-09-08,853.09,4.9835,12754.12,500.28,3.77,2023,9,2023-09
7079,26,29,11,381533.3,2023-04-02,7689.63,5.0804,429730.36,-48197.06,-12.63,2023,4,2023-04
7091,3,32,4,50010.0,2024-09-17,2240.54,5.501,49300.84,709.16,1.42,2024,9,2024-09
7092,14,48,13,191573.0,2024-03-02,3020.3,4.9596,194733.24,-3160.24,-1.65,2024,3,2024-03
7108,7,148,9,43070.0,2023-03-13,919.03,5.24,43341.45,-271.45,-0.63,2023,3,2023-03
7132,45,40,1,14184.0,2023-12-11,2970.73,4.944,14687.29,-503.29,-3.55,2023,12,2023-12
7133,8,56,3,122517.7,2024-03-04,8087.59,4.9475,120040.05,2477.65,2.02,2024,3,2024-03
7157,4,131,2,1830.65,2023-02-28,185.47,5.2078,1931.78,-101.13,-5.52,2023,2,2023-02
7168,45,80,1,129224.0,2023-12-03,24177.04,4.9191,118929.28,10294.72,7.97,2023,12,2023-12
7191,17,5,10,236690.0,2024-08-03,4752.24,5.7366,272617.0,-35927.0,-15.18,2024,8,2024-08
7213,13,53,14,751450.0,2023-02-17,10045.86,5.2012,731507.38,19942.62,2.65,2023,2,2023-02
7235,5,122,1,1322.0,2023-03-03,255.46,5.2037,1329.34,-7.34,-0.56,2023,3,2023-03
7237,7,121,13,45624.7,2023-04-03,718.35,5.0637,47287.62,-1662.92,-3.64,2023,4,2023-04
7263,35,103,4,6799.15,2023-05-20,341.7,4.9858,6814.59,-15.44,-0.23,2023,5,2023-05
7270,6,100,14,1391182.85,2024-04-22,19807.28,5.2043,1443162.38,-51979.53,-3.74,2024,4,2024-04
7307,37,117,8,32824.0,2023-05-27,823.4,5.0114,33011.09,-187.09,-0.57,2023,5,2023-05
7342,30,13,1,7359.65,2024-04-09,1356.5,5.008,6793.35,566.3,7.69,2024,4,2024-04
7343,25,21,7,61142.0,2023-03-08,1674.22,5.1387,60223.2,918.8,1.5,2023,3,2023-03
7356,25,134,9,40335.1,2023-06-19,899.33,4.7803,38691.6,1643.5,4.07,2023,6,2023-06
7397,9,8,13,61554.3,2024-10-15,947.05,5.6378,69410.62,-7856.32,-12.76,2024,10,2024-10
7407,13,59,5,435831.0,2024-06-25,17522.59,5.429,475650.71,-39819.71,-9.14,2024,6,2024-06
7412,7,54,13,1579953.0,2023-02-06,23191.9,5.1763,1560627.02,19325.98,1.22,2023,2,2023-02
7417,47,127,5,7359.65,2023-12-17,296.24,4.9397,7316.68,42.97,0.58,2023,12,2023-12
7439,16,129,8,26130.0,2024-11-29,661.98,6.0535,32058.37,-5928.37,-22.69,2024,11,2024-11
7441,40,51,1,60951.05,2024-10-14,11769.05,5.6045,65959.64,-5008.59,-8.22,2024,10,2024-10
7467,35,119,14,45581.0,2024-05-03,669.88,5.0668,47518.07,-1937.07,-4.25,2024,5,2024-05
7485,46,1,4,125865.5,2023-12-15,6574.8,4.9397,129910.16,-4044.66,-3.21,2023,12,2023-12
7534,42,29,4,146041.0,2023-03-08,7689.63,5.1387,158058.81,-12017.81,-8.23,2023,3,2023-03
7542,18,67,11,896496.0,2023-10-24,16720.73,5.0065,920835.68,-24339.68,-2.71,2023,10,2023-10
7570,15,110,12,29946.0,2023-11-07,476.03,4.867,27802.06,2143.94,7.16,2023,11,2023-11
7572,43,110,3,7487.0,2024-07-27,476.03,5.6465,8063.71,-576.71,-7.7,2024,7,2024-07
7577,47,86,6,533082.05,2024-06-30,17824.79,5.5589,594517.35,-61435.3,-11.52,2024,6,2024-06
7586,4,40,10,141840.0,2023-09-23,2970.73,4.9131,145954.94,-4114.94,-2.9,2023,9,2023-09
7588,23,120,13,38587.1,2024-06-26,635.45,5.5097,45514.81,-6927.71,-17.95,2024,6,2024-06
7601,3,72,14,1395305.0,2023-12-25,30675.48,4.8619,2087975.63,-692670.63,-49.64,2023,12,2023-12
7605,33,97,3,406005.0,2024-08-31,25607.88,5.6562,434529.87,-28524.87,-7.03,2024,8,2024-08
7608,10,11,13,447464.25,2024-08-19,7246.24,5.4237,510918.61,-63454.36,-14.18,2024,8,2024-08
7612,40,94,8,326007.0,2024-05-17,8022.13,5.1157,328310.48,-2303.48,-0.71,2024,5,2024-05
7617,47,144,4,8857.0,2024-08-25,444.87,5.5263,9833.94,-976.94,-11.03,2024,8,2024-08
7634,26,150,14,21887.05,2024-10-21,300.96,5.7068,24045.26,-2158.21,-9.86,2024,10,2024-10
7652,38,35,6,62731.35,2023-05-16,2106.85,4.9122,62095.61,635.74,1.01,2023,5,2023-05
7678,41,83,10,1280637.05,2024-04-29,35839.7,5.1155,1833379.85,-552742.8,-43.16,2024,4,2024-04
7692,1,13,5,36799.2,2024-08-25,1356.5,5.5263,37482.13,-682.93,-1.86,2024,8,2024-08
7706,34,88,8,386692.0,2023-07-03,9954.59,4.7876,381268.76,5423.24,1.4,2023,7,2023-07
7726,7,24,7,162625.0,2024-11-11,4113.86,5.798,166965.12,-4340.12,-2.67,2024,11,2024-11
7729,12,84,4,173696.0,2023-03-04,8041.61,5.2037,167384.5,6311.5,3.63,2023,3,2023-03
7737,25,144,6,12620.75,2023-04-06,422.52,5.0683,12848.75,-228.0,-1.81,2023,4,2023-04
7747,36,17,3,42116.0,2024-09-01,2833.14,5.6562,48074.42,-5958.42,-14.15,2024,9,2024-09
7774,13,96,13,872167.45,2024-11-04,14776.4,5.7898,1112181.21,-240013.76,-27.52,2024,11,2024-11
7778,23,130,9,37297.0,2023-06-17,859.48,4.8286,37350.77,-53.77,-0.14,2023,6,2023-06
7782,18,97,3,385704.75,2024-10-17,25607.88,5.6758,436035.62,-50330.87,-13.05,2024,10,2024-10
7784,41,27,11,172544.7,2023-06-28,3051.23,4.8563,162994.57,9550.13,5.53,2023,6,2023-06
7807,8,25,12,145518.0,2023-10-08,2389.36,5.1918,148860.95,-3342.95,-2.3,2023,10,2023-10
7827,23,22,1,39453.0,2023-12-10,7630.67,4.9158,37510.85,1942.15,4.92,2023,12,2023-12
7832,1,107,9,12939.0,2024-12-30,311.59,6.1923,17365.13,-4426.13,-34.21,2024,12,2024-12
7834,24,54,7,808206.8,2024-09-28,23191.9,5.4431,883650.82,-75444.02,-9.33,2024,9,2024-09
7837,48,126,10,25432.45,2023-06-18,467.05,4.8286,22551.98,2880.47,11.33,2023,6,2023-06
7838,20,27,7,115580.0,2023-04-30,3051.23,5.0007,106808.0,8772.0,7.59,2023,4,2023-04
7846,19,86,14,1243857.8,2024-10-31,17824.79,5.7779,1441857.96,-198000.16,-15.92,2024,10,2024-10
7862,12,35,14,146373.15,2023-07-22,2106.85,4.7732,140789.83,5583.32,3.81,2023,7,2023-07
7884,41,133,4,7571.0,2023-06-17,348.47,4.8286,6730.49,840.51,11.1,2023,6,2023-06
7893,15,37,15,91016.0,2024-09-08,1211.89,5.5702,101257.05,-10241.05,-11.25,2024,9,2024-09
7941,44,80,7,859338.65,2023-09-04,24177.04,4.9176,832251.08,27087.57,3.15,2023,9,2023-09
7948,17,126,3,8031.0,2024-08-31,467.05,5.6562,7925.18,105.82,1.32,2024,8,2024-08
7969,48,52,6,78113.75,2023-08-11,2634.69,4.8918,77330.26,783.49,1.0,2023,8,2023-08
7981,12,107,11,16647.0,2024-04-02,311.59,5.0476,17300.6,-653.6,-3.93,2024,4,2024-04
7990,38,61,8,212941.55,2024-09-30,5102.18,5.4481,222377.49,-9435.94,-4.43,2024,9,2024-09
7991,7,15,15,397571.2,2024-06-15,5267.98,5.363,423782.65,-26211.45,-6.59,2024,6,2024-06
8007,17,127,8,11775.25,2024-10-06,296.24,5.4686,12960.14,-1184.89,-10.06,2024,10,2024-10
8009,2,114,1,799.0,2023-05-01,152.46,5.0007,762.41,36.59,4.58,2023,5,2023-05
8012,45,56,12,490071.75,2023-01-13,8087.59,5.1146,496377.45,-6305.7,-1.29,2023,1,2023-01
8034,15,123,14,36935.05,2023-10-16,535.37,5.0618,37939.1,-1004.05,-2.72,2023,10,2023-10
8055,22,71,9,1171567.0,2023-11-25,27484.92,4.8927,1210279.21,-38712.21,-3.3,2023,11,2023-11
8065,36,85,4,154315.0,2023-09-28,7499.89,5.0475,151422.78,2892.22,1.87,2023,9,2023-09
8067,20,14,10,340205.45,2024-01-27,6767.66,4.9125,332461.3,7744.15,2.28,2024,1,2024-01
8082,46,91,12,1537700.4,2024-03-29,27671.77,4.9962,1659044.37,-121343.97,-7.89,2024,3,2024-03
8094,40,80,8,1033791.0,2024-02-13,24177.04,4.9717,961607.92,72183.08,6.98,2024,2,2024-02
8105,28,115,11,8679.2,2023-03-06,160.69,5.197,9186.17,-506.97,-5.84,2023,3,2023-03
8122,22,112,2,4362.0,2024-01-20,435.58,4.9223,4288.11,73.89,1.69,2024,1,2024-01
8133,46,11,2,72464.0,2024-09-10,7246.24,5.6254,81526.0,-9062.0,-12.51,2024,9,2024-09
8147,48,118,15,61490.65,2024-09-17,893.4,5.501,73718.9,-12228.25,-19.89,2024,9,2024-09
8164,47,55,13,1358342.3,2023-06-28,23326.09,4.8563,1472620.38,-114278.08,-8.41,2023,6,2023-06
8167,27,104,12,44556.0,2024-12-26,742.54,6.1656,54938.46,-10382.46,-23.3,2024,12,2024-12
8177,26,115,2,1577.95,2023-05-07,160.69,4.9696,1597.13,-19.18,-1.22,2023,5,2023-05
8183,11,61,9,239559.6,2024-08-08,5396.92,5.6172,272840.21,-33280.61,-13.89,2024,8,2024-08
8196,32,42,5,28465.8,2024-12-26,1263.57,6.1656,38953.34,-10487.54,-36.84,2024,12,2024-12
8199,38,92,6,533125.0,2024-05-05,16745.97,5.0668,509090.88,24034.12,4.51,2024,5,2024-05
8206,16,110,10,24955.0,2023-04-02,476.03,5.0804,24184.23,770.77,3.09,2023,4,2023-04
8210,2,49,8,106114.0,2024-12-13,2352.61,6.04,113678.12,-7564.12,-7.13,2024,12,2024-12
8239,28,103,5,8946.0,2023-04-19,341.7,5.0467,8622.29,323.71,3.62,2023,4,2023-04
8276,41,48,10,147364.0,2023-04-05,2836.04,5.0447,143069.71,4294.29,2.91,2023,4,2023-04
8299,11,137,3,10156.0,2024-08-31,673.98,5.6562,11436.5,-1280.5,-12.61,2024,8,2024-08
8306,21,2,7,97987.0,2024-08-28,2829.74,5.5315,109568.95,-11581.95,-11.82,2024,8,2024-08
8311,16,71,5,650870.0,2023-06-12,25647.03,4.8832,626197.88,24672.12,3.79,2023,6,2023-06
8319,3,99,4,407613.65,2024-10-31,18977.86,5.7779,438608.71,-30995.06,-7.6,2024,10,2024-10
8331,27,71,4,494661.2,2023-06-01,25647.03,5.035,516531.18,-21869.98,-4.42,2023,6,2023-06
8348,43,35,15,165083.0,2023-05-25,2106.85,4.999,157982.15,7100.85,4.3,2023,5,2023-05
8350,33,10,2,60862.7,2023-05-30,6449.43,5.0593,65259.2,-4396.5,-7.22,2023,5,2023-05
8404,23,19,7,115026.0,2023-07-17,3163.35,4.8302,106957.29,8068.71,7.01,2023,7,2023-07
8430,8,67,14,1140994.65,2023-05-05,16720.73,4.9696,1163334.76,-22340.11,-1.96,2023,5,2023-05
8453,7,11,10,344203.05,2024-11-12,7246.24,5.7694,418064.57,-73861.52,-21.46,2024,11,2024-11
8483,23,127,9,13246.8,2023-05-29,296.24,4.9954,13318.54,-71.74,-0.54,2023,5,2023-05
8489,48,116,6,14680.35,2024-09-23,502.24,5.5446,16708.32,-2027.97,-13.81,2024,9,2024-09
8567,2,138,9,37647.0,2023-08-29,836.88,4.8706,36684.97,962.03,2.56,2023,8,2023-08
8584,36,138,5,19869.25,2023-09-16,836.88,4.8689,20373.43,-504.18,-2.54,2023,9,2023-09
8590,6,39,13,385227.0,2024-10-31,5270.87,5.7779,395909.28,-10682.28,-2.77,2024,10,2024-10
8599,21,97,8,1028546.95,2023-09-28,25607.88,5.0475,1034046.19,-5499.24,-0.53,2023,9,2023-09
8603,13,119,4,12371.85,2023-12-03,669.88,4.9191,13180.83,-808.98,-6.54,2023,12,2023-12
8605,4,36,9,193242.35,2024-11-11,4476.41,5.798,233588.03,-40345.68,-20.88,2024,11,2024-11
8645,14,68,11,735868.0,2023-04-27,13226.26,5.015,729626.63,6241.37,0.85,2023,4,2023-04
8651,3,96,2,134179.9,2024-05-05,14776.4,5.0668,149738.13,-15558.23,-11.6,2024,5,2024-05
8653,33,100,9,894331.9,2024-10-04,19807.28,5.4686,974862.82,-80530.92,-9.0,2024,10,2024-10
8690,30,36,3,67804.0,2023-09-17,4733.87,4.8689,69146.22,-1342.22,-1.98,2023,9,2023-09
8693,26,103,11,18696.95,2023-04-11,341.7,5.0128,18841.61,-144.66,-0.77,2023,4,2023-04
8697,17,66,1,11943.4,2024-01-29,2360.29,4.9225,11618.53,324.87,2.72,2024,1,2024-01
8706,2,88,1,48336.0,2023-01-14,8866.48,5.1146,45348.5,2987.5,6.18,2023,1,2023-01
8746,25,101,13,6024.0,2024-10-15,82.96,5.6378,6080.25,-56.25,-0.93,2024,10,2024-10
8770,30,120,15,44523.65,2023-02-16,586.85,5.2432,46154.58,-1630.93,-3.66,2023,2,2023-02
8781,43,95,8,558464.0,2024-11-29,12945.63,6.0535,626930.97,-68466.97,-12.26,2024,11,2024-11
8805,30,48,5,73682.0,2023-03-23,2836.04,5.2632,74633.23,-951.23,-1.29,2023,3,2023-03
8806,37,45,5,49519.0,2023-08-18,1881.33,4.9724,46773.63,2745.37,5.54,2023,8,2023-08
8820,2,39,6,168907.15,2024-07-28,5270.87,5.6465,178571.8,-9664.65,-5.72,2024,7,2024-07
8828,36,41,9,95400.0,2023-01-24,2005.71,5.1696,93318.47,2081.53,2.18,2023,1,2023-01
8840,43,73,12,1717919.0,2023-03-05,27541.35,5.2037,1719803.08,-1884.08,-0.11,2023,3,2023-03
8882,20,25,14,161281.5,2023-03-19,2389.36,5.2679,176216.73,-14935.23,-9.26,2023,3,2023-03
8886,17,142,15,11776.2,2024-12-24,149.71,6.1541,13819.95,-2043.75,-17.35,2024,12,2024-12
8928,14,60,5,543755.0,2023-07-17,19341.09,4.8302,467106.66,76648.34,14.1,2023,7,2023-07
8932,10,4,2,6425.8,2023-05-31,654.31,5.0959,6668.6,-242.8,-3.78,2023,5,2023-05
8948,9,34,7,34423.0,2023-10-16,1022.84,5.0618,36241.88,-1818.88,-5.28,2023,10,2023-10
8963,32,61,7,196130.0,2023-09-04,5396.92,4.9176,185779.26,10350.74,5.28,2023,9,2023-09
8973,39,116,13,33482.0,2024-07-08,502.24,5.472,35727.34,-2245.34,-6.71,2024,7,2024-07
8975,25,85,14,513096.9,2024-03-02,7885.27,4.9596,547508.99,-34412.09,-6.71,2024,3,2024-03
8988,11,84,5,217119.0,2023-04-21,8663.64,5.0497,218743.91,-1624.91,-0.75,2023,4,2023-04
9006,13,109,7,4141.05,2024-05-22,123.24,5.1502,4442.97,-301.92,-7.29,2024,5,2024-05
9028,36,22,11,433981.0,2023-05-12,7630.67,4.9234,413257.25,20723.75,4.78,2023,5,2023-05
9029,18,112,6,12431.7,2023-06-24,398.23,4.7799,11421.0,1010.7,8.13,2023,6,2023-06
9037,9,17,3,40010.2,2024-11-08,2833.14,5.7648,48997.46,-8987.26,-22.46,2024,11,2024-11
9065,25,77,1,44705.0,2023-01-26,8617.27,5.0951,43905.85,799.15,1.79,2023,1,2023-01
9072,41,112,14,30533.0,2024-01-02,435.58,4.8916,29829.56,703.44,2.3,2024,1,2024-01
9079,21,137,4,12864.9,2023-09-11,619.79,4.9366,12238.62,626.28,4.87,2023,9,2023-09
9087,42,138,3,11921.55,2023-01-23,826.61,5.1922,12875.77,-954.22,-8.0,2023,1,2023-01
9117,20,71,15,1952611.0,2024-01-07,27484.92,4.8899,2015977.65,-63366.65,-3.25,2024,1,2024-01
9138,22,41,11,110770.0,2024-02-26,2005.71,4.9819,109914.71,855.29,0.77,2024,2,2024-02
9144,15,72,9,852132.9,2023-04-15,30675.48,4.9455,1365350.28,-513217.38,-60.23,2023,4,2023-04
9163,26,48,10,139995.8,2024-11-06,2605.99,5.7648,150230.11,-10234.31,-7.31,2024,11,2024-11
9182,29,87,8,534879.0,2024-02-09,13597.7,4.9717,540829.48,-5950.48,-1.11,2024,2,2024-02
9208,1,91,4,512566.8,2024-06-14,27671.77,5.363,593614.81,-81048.01,-15.81,2024,6,2024-06
9212,29,119,1,3093.2,2024-07-31,669.88,5.6621,3792.93,-699.73,-22.62,2024,7,2024-07
9230,36,23,14,148675.95,2023-12-10,2108.74,4.9158,145126.02,3549.93,2.39,2023,12,2023-12
9235,21,66,5,62858.0,2024-03-19,2360.29,5.0352,59422.66,3435.34,5.47,2024,3,2024-03
9264,9,99,7,713323.65,2024-02-25,21330.89,4.9851,744356.34,-31032.69,-4.35,2024,2,2024-02
9267,31,8,9,44857.0,2023-07-28,1006.07,4.7253,42785.84,2071.16,4.62,2023,7,2023-07
9280,41,41,13,130910.0,2023-04-15,2005.71,4.9455,128950.1,1959.9,1.5,2023,4,2023-04
9291,13,146,2,992.0,2023-05-12,99.02,4.9234,975.03,16.97,1.71,2023,5,2023-05
9310,11,8,5,24921.0,2023-08-26,1006.07,4.8772,24534.02,386.98,1.55,2023,8,2023-08
9312,25,61,15,420279.0,2023-06-12,5396.92,4.8832,395313.6,24965.4,5.94,2023,6,2023-06
9315,18,71,6,741991.8,2023-03-03,24528.75,5.2037,765841.54,-23849.74,-3.21,2023,3,2023-03
9335,37,61,4,106471.25,2023-01-28,5396.92,5.0767,109594.18,-3122.93,-2.93,2023,1,2023-01
9359,18,66,9,113145.0,2024-04-10,2360.29,5.0654,107602.32,5542.68,4.9,2024,4,2024-04
9366,17,8,15,71023.9,2023-07-20,1006.07,4.7888,72268.02,-1244.12,-1.75,2023,7,2023-07
9395,47,136,12,22497.9,2023-08-28,533.84,4.8938,31350.07,-8852.17,-39.35,2023,8,2023-08
9466,29,31,15,124247.0,2023-05-08,2418.07,4.9696,180252.61,-56005.61,-45.08,2023,5,2023-05
9469,49,123,11,30548.0,2024-04-12,535.37,5.1364,30248.62,299.38,0.98,2024,4,2024-04
9473,36,19,9,140496.45,2024-06-23,3358.13,5.4416,164462.4,-23965.95,-17.06,2024,6,2024-06
9477,29,52,15,195283.9,2023-07-18,2634.69,4.804,189855.76,5428.14,2.78,2023,7,2023-07
9495,42,108,1,3346.0,2024-10-07,688.83,5.4626,3762.8,-416.8,-12.46,2024,10,2024-10
9510,11,19,15,246485.0,2023-12-26,3358.13,4.8368,243639.05,2845.95,1.15,2023,12,2023-12
9527,17,52,7,95929.0,2024-05-17,2634.69,5.1157,94347.99,1581.01,1.65,2024,5,2024-05
9538,11,70,13,446621.0,2024-10-26,6083.51,5.6969,450542.93,-3921.93,-0.88,2024,10,2024-10
9541,34,43,7,233394.1,2024-01-15,6219.32,4.8765,212299.6,21094.5,9.04,2024,1,2024-01
9590,7,121,10,35095.85,2023-08-10,746.8,4.8518,36233.24,-1137.39,-3.24,2023,8,2023-08
9642,31,122,10,13225.0,2023-03-06,255.46,5.197,13276.26,-51.26,-0.39,2023,3,2023-03
9658,27,99,11,1179933.0,2023-07-20,21330.89,4.7888,1123643.03,56289.97,4.77,2023,7,2023-07
9662,18,23,3,33536.0,2023-02-22,2108.74,5.173,32725.54,810.46,2.42,2023,2,2023-02
9664,17,59,2,165615.4,2024-10-19,15361.57,5.6672,174114.18,-8498.78,-5.13,2024,10,2024-10
9685,48,79,9,595322.0,2023-05-20,11724.63,4.9858,526109.94,69212.06,11.63,2023,5,2023-05
9692,30,138,6,25098.0,2023-09-22,836.88,4.9131,24670.05,427.95,1.71,2023,9,2023-09
9717,28,46,14,69773.0,2023-06-28,1007.47,4.8563,68496.07,1276.93,1.83,2023,6,2023-06
9728,18,92,8,710833.0,2024-01-31,16745.97,4.9535,663609.3,47223.7,6.64,2024,1,2024-01
9746,22,80,12,1550686.0,2023-01-25,24177.04,5.1042,1480853.37,69832.63,4.5,2023,1,2023-01
9755,34,23,1,10620.05,2024-11-11,2244.66,5.798,13014.54,-2394.49,-22.55,2024,11,2024-11
9759,22,105,15,4643.0,2023-07-14,62.64,4.7957,4506.04,136.96,2.95,2023,7,2023-07
9780,21,115,5,3945.35,2024-02-22,167.9,4.9419,4148.73,-203.38,-5.15,2024,2,2024-02
9798,49,88,10,459196.75,2023-02-03,8866.48,5.103,452456.47,6740.28,1.47,2023,2,2023-02
9813,32,121,5,18471.0,2024-01-06,747.93,4.8899,18286.51,184.49,1.0,2024,1,2024-01
9814,13,112,8,16575.6,2024-07-20,406.44,5.5543,18059.92,-1484.32,-8.95,2024,7,2024-07
9825,48,104,5,17636.75,2023-09-16,742.54,4.8689,18076.77,-440.02,-2.49,2023,9,2023-09
9847,16,84,4,173696.0,2024-12-10,8456.45,6.0529,204744.18,-31048.18,-17.88,2024,12,2024-12
9851,45,131,6,5782.0,2023-11-09,196.2,4.9007,5769.1,12.9,0.22,2023,11,2023-11
9879,12,21,3,24893.8,2023-04-19,1674.22,5.0467,25347.86,-454.06,-1.82,2023,4,2023-04
9884,36,56,8,343910.0,2023-01-21,8087.59,5.1986,336353.16,7556.84,2.2,2023,1,2023-01
9909,26,2,11,153980.0,2024-06-19,2829.74,5.4647,170100.48,-16120.48,-10.47,2024,6,2024-06
9930,35,48,9,125995.65,2023-01-22,2836.04,5.1986,132690.94,-6695.29,-5.31,2023,1,2023-01
9959,14,105,14,4117.3,2023-11-10,62.64,4.9219,4316.31,-199.01,-4.83,2023,11,2023-11
9968,6,69,8,362120.0,2024-06-25,8620.92,5.429,374423.8,-12303.8,-3.4,2024,6,2024-06
9999,8,20,6,185001.0,2023-06-15,5689.04,4.8222,164602.13,20398.87,11.03,2023,6,2023-06
49,14,74,7,575614.5,2024-08-29,17160.36,5.6358,676986.5,-101372.0,-17.61,2024,8,2024-08
58,46,45,2,19807.0,2024-08-22,1881.33,5.5524,20891.79,-1084.79,-5.48,2024,8,2024-08
76,28,18,14,353413.3,2024-03-07,5536.62,4.9364,382633.59,-29220.29,-8.27,2024,3,2024-03
98,21,142,2,1570.35,2024-02-13,169.88,4.9717,1689.18,-118.83,-7.57,2024,2,2024-02
102,9,67,9,733495.95,2024-02-02,16720.73,4.9471,744472.11,-10976.16,-1.5,2024,2,2024-02
118,18,122,10,13225.0,2023-07-22,270.21,4.7732,12897.66,327.34,2.48,2023,7,2023-07
155,12,21,9,78611.0,2024-06-22,1689.08,5.4416,82721.68,-4110.68,-5.23,2024,6,2024-06
156,11,44,13,133464.55,2024-10-22,2159.34,5.6958,159889.19,-26424.64,-19.8,2024,10,2024-10
163,4,70,7,228463.6,2023-03-09,6655.06,5.1353,239230.11,-10766.51,-4.71,2023,3,2023-03
188,26,117,10,41030.0,2024-02-07,823.4,4.9608,40847.23,182.77,0.45,2024,2,2024-02
191,43,101,11,5097.0,2024-11-24,82.96,5.8124,5304.16,-207.16,-4.06,2024,11,2024-11
224,42,34,10,46716.25,2023-11-21,1022.84,4.8806,49920.73,-3204.48,-6.86,2023,11,2023-11
256,12,130,4,16576.0,2023-06-05,749.89,4.9236,14768.63,1807.37,10.9,2023,6,2023-06
268,24,97,5,676675.0,2024-11-09,25607.88,5.7648,738121.53,-61446.53,-9.08,2024,11,2024-11
288,23,138,2,7947.7,2024-08-10,836.88,5.5115,9224.93,-1277.23,-16.07,2024,8,2024-08
324,15,21,5,43673.0,2023-04-17,1674.22,4.9421,41370.81,2302.19,5.27,2023,4,2023-04
342,3,74,6,493383.45,2023-11-10,17160.36,4.9219,506769.46,-13386.01,-2.71,2023,11,2023-11
351,41,6,14,157208.85,2024-09-04,2172.43,5.6359,171410.38,-14201.53,-9.03,2024,9,2024-09
373,29,145,6,26099.0,2024-01-31,820.56,4.9535,24387.86,1711.14,6.56,2024,1,2024-01
417,41,85,9,347208.0,2024-06-17,7885.27,5.413,384146.7,-36938.7,-10.64,2024,6,2024-06
437,25,110,11,26078.45,2024-01-12,476.03,4.8543,25418.72,659.73,2.53,2024,1,2024-01
456,17,43,8,266736.25,2024-03-02,6219.32,4.9596,246762.72,19973.53,7.49,2024,3,2024-03
468,3,101,6,2641.0,2024-03-31,96.64,4.9962,2897.0,-256.0,-9.69,2024,3,2024-03
480,20,4,1,3382.0,2023-04-28,654.31,5.0007,3272.01,109.99,3.25,2023,4,2023-04
483,41,123,10,27771.0,2024-08-26,535.37,5.4921,29403.06,-1632.06,-5.88,2024,8,2024-08
516,32,119,4,12371.85,2024-01-15,669.88,4.8765,13066.68,-694.83,-5.62,2024,1,2024-01
554,23,16,15,450090.0,2023-11-13,5615.94,4.9247,414852.3,35237.7,7.83,2023,11,2023-11
570,8,132,10,14848.5,2024-12-30,314.46,6.1923,19472.31,-4623.81,-31.14,2024,12,2024-12
586,36,130,14,58017.0,2023-02-07,749.89,5.1695,54271.79,3745.21,6.46,2023,2,2023-02
589,42,93,14,1406678.0,2024-08-17,19072.72,5.4632,1458773.17,-52095.17,-3.7,2024,8,2024-08
592,21,133,4,7192.45,2024-06-02,381.67,5.2416,8002.25,-809.8,-11.26,2024,6,2024-06
598,13,39,14,414860.0,2024-11-01,5270.87,5.8073,428533.33,-13673.33,-3.3,2024,11,2024-11
602,35,39,8,225209.85,2024-05-24,5270.87,5.1508,217193.58,8016.27,3.56,2024,5,2024-05
628,20,72,3,284044.3,2024-12-28,30675.48,6.1991,570481.1,-286436.8,-100.84,2024,12,2024-12
629,23,116,8,20604.0,2024-04-09,502.24,5.008,20121.74,482.26,2.34,2024,4,2024-04
632,41,61,15,420279.0,2023-12-19,5396.92,4.8663,393945.48,26333.52,6.27,2023,12,2023-12
643,30,37,15,91016.0,2024-01-15,1211.89,4.8765,88646.72,2369.28,2.6,2024,1,2024-01
654,5,42,5,28465.8,2024-01-14,1263.57,4.8543,30668.74,-2202.94,-7.74,2024,1,2024-01
667,16,124,1,3581.5,2024-04-26,725.63,5.1184,3714.06,-132.56,-3.7,2024,4,2024-04
672,9,124,4,14326.0,2023-06-16,725.63,4.8286,14015.11,310.89,2.17,2023,6,2023-06
681,32,76,3,422365.25,2024-10-06,26819.81,5.4686,440000.44,-17635.19,-4.18,2024,10,2024-10
706,21,98,5,396806.0,2023-02-08,15262.93,5.2036,397110.91,-304.91,-0.08,2023,2,2023-02
744,44,102,15,12480.0,2024-04-24,199.93,5.1592,15472.18,-2992.18,-23.98,2024,4,2024-04
751,15,89,11,865459.0,2024-08-23,14832.32,5.5263,901646.35,-36187.35,-4.18,2024,8,2024-08
764,1,28,10,135456.7,2024-10-14,2776.74,5.6045,155622.39,-20165.69,-14.89,2024,10,2024-10
801,37,64,10,1059303.2,2024-11-27,21352.22,5.8291,1244642.26,-185339.06,-17.5,2024,11,2024-11
814,10,82,4,206536.0,2023-04-26,9770.29,5.0585,197692.05,8843.95,4.28,2023,4,2023-04
837,44,117,14,54569.9,2024-08-20,823.4,5.4547,62879.6,-8309.7,-15.23,2024,8,2024-08
852,49,28,1,13546.05,2023-10-02,2723.39,5.0679,13801.87,-255.82,-1.89,2023,10,2023-10
887,10,40,10,134748.0,2024-09-21,2867.26,5.4775,157054.17,-22306.17,-16.55,2024,9,2024-09
911,40,16,5,150030.0,2023-01-31,5615.94,5.0993,143186.81,6843.19,4.56,2023,1,2023-01
920,15,148,8,36369.8,2024-12-12,885.1,5.9408,42065.62,-5695.82,-15.66,2024,12,2024-12
933,34,108,11,34960.95,2024-02-23,688.83,4.9851,37772.75,-2811.8,-8.04,2024,2,2024-02
936,29,57,7,831534.0,2023-01-14,22497.79,5.1146,805470.38,26063.62,3.13,2023,1,2023-01
945,2,80,12,1473151.7,2023-01-07,24177.04,5.2855,1533452.94,-60301.24,-4.09,2023,1,2023-01
953,11,108,14,46838.0,2023-09-15,653.47,4.8689,44543.52,2294.48,4.9,2023,9,2023-09
964,34,70,12,391651.75,2024-04-20,6655.06,5.2269,417424.0,-25772.25,-6.58,2024,4,2024-04
965,39,22,7,262361.5,2023-04-14,7630.67,4.9455,264162.35,-1800.85,-0.69,2023,4,2023-04
971,20,32,4,47509.5,2024-03-21,2562.61,4.9807,51054.37,-3544.87,-7.46,2024,3,2024-03
978,23,112,8,16575.6,2023-07-14,398.23,4.7957,15278.33,1297.27,7.83,2023,7,2023-07
1023,30,82,11,567974.0,2024-11-19,9770.29,5.7743,620582.44,-52608.44,-9.26,2024,11,2024-11
1042,37,78,6,694040.55,2023-06-10,23053.04,4.8922,676680.49,17360.06,2.5,2023,6,2023-06
1049,46,122,13,16332.4,2023-11-01,271.3,5.0194,17702.92,-1370.52,-8.39,2023,11,2023-11
1050,24,62,1,97110.9,2024-06-01,20000.78,5.2416,104836.09,-7725.19,-7.96,2024,6,2024-06
1075,7,1,12,377596.5,2023-12-17,6574.8,4.9397,389730.47,-12133.97,-3.21,2023,12,2023-12
1116,3,9,6,238233.0,2023-10-10,7933.96,5.0862,242122.24,-3889.24,-1.63,2023,10,2023-10
1131,37,113,15,65924.0,2023-10-30,815.5,5.0074,61253.02,4670.98,7.09,2023,10,2023-10
1154,11,42,8,45545.85,2023-11-13,1263.57,4.9247,49781.63,-4235.78,-9.3,2023,11,2023-11
1166,14,118,13,56096.0,2024-09-02,893.4,5.623,65306.65,-9210.65,-16.42,2024,9,2024-09
1252,47,10,4,128132.0,2024-09-07,6547.91,5.5702,145892.67,-17760.67,-13.86,2024,9,2024-09
1255,41,10,12,365176.2,2023-01-16,5615.0,5.1115,344412.87,20763.33,5.69,2023,1,2023-01
1264,36,16,3,90018.0,2024-03-07,6212.42,4.9364,92000.97,-1982.97,-2.2,2024,3,2024-03
1270,2,87,11,698686.05,2024-09-25,13597.7,5.4736,818712.08,-120026.03,-17.18,2024,9,2024-09
1286,44,54,3,346373.8,2023-01-10,23191.9,5.2395,364541.88,-18168.08,-5.25,2023,1,2023-01
1303,14,111,14,56993.35,2024-05-28,860.37,5.1538,62078.45,-5085.1,-8.92,2024,5,2024-05
1339,15,142,8,6611.0,2024-05-01,169.88,5.1718,7028.68,-417.68,-6.32,2024,5,2024-05
1341,35,56,3,122517.7,2023-05-04,8087.59,5.0106,121571.04,946.66,0.77,2023,5,2023-05
1348,15,66,10,119430.2,2024-06-14,2360.29,5.363,126582.35,-7152.15,-5.99,2024,6,2024-06
1351,46,148,9,43070.0,2024-07-16,885.1,5.4274,43234.13,-164.13,-0.38,2024,7,2024-07
1372,12,136,8,14998.6,2024-01-08,390.62,4.885,15265.43,-266.83,-1.78,2024,1,2024-01
1392,22,25,11,133391.0,2023-07-15,2389.36,4.7957,126045.19,7345.81,5.51,2023,7,2023-07
1443,24,120,15,46867.0,2023-11-23,635.45,4.8931,46639.81,227.19,0.48,2023,11,2023-11
1450,23,24,7,162625.0,2023-04-20,4129.65,5.0497,145974.46,16650.54,10.24,2023,4,2023-04
1451,24,52,13,169245.35,2024-03-19,2634.69,5.0352,172460.48,-3215.13,-1.9,2024,3,2024-03
1480,21,95,5,349040.0,2023-07-31,12945.63,4.7415,306908.52,42131.48,12.07,2023,7,2023-07
1508,2,117,9,35080.65,2023-07-01,823.4,4.8192,35713.16,-632.51,-1.8,2023,7,2023-07
1525,30,37,9,51878.55,2023-04-19,1181.71,5.0467,53673.62,-1795.07,-3.46,2023,4,2023-04
1535,7,110,3,7487.0,2024-04-19,476.03,5.2269,7464.48,22.52,0.3,2024,4,2024-04
1547,49,71,14,1822437.0,2024-06-05,27484.92,5.2841,2033262.92,-210825.92,-11.57,2024,6,2024-06
1573,3,46,11,52079.95,2023-02-12,959.01,5.2526,55410.26,-3330.31,-6.39,2023,2,2023-02
1595,49,18,13,328169.9,2023-05-06,4834.43,4.9696,312327.38,15842.52,4.83,2023,5,2023-05
1598,9,76,15,2222973.0,2024-07-19,28642.87,5.5543,2386366.39,-163393.39,-7.35,2024,7,2024-07
1619,43,140,8,23823.15,2024-07-13,612.49,5.4529,26718.77,-2895.62,-12.15,2024,7,2024-07
1650,34,125,4,12927.6,2023-06-16,646.27,4.8286,12482.32,445.28,3.44,2023,6,2023-06
1652,45,110,15,37433.0,2023-03-30,476.03,5.1254,36597.66,835.34,2.23,2023,3,2023-03
1664,13,85,11,424366.0,2023-09-09,7499.89,4.9835,411132.72,13233.28,3.12,2023,9,2023-09
1666,32,53,2,107350.0,2024-03-03,11332.93,4.9596,112413.6,-5063.6,-4.72,2024,3,2024-03
1677,31,107,2,2875.65,2024-04-22,311.59,5.2043,3243.22,-367.57,-12.78,2024,4,2024-04
1678,19,125,1,3231.9,2024-03-18,646.27,5.0124,3239.36,-7.46,-0.23,2024,3,2024-03
1699,47,122,7,9257.0,2024-11-02,271.3,5.8073,11028.64,-1771.64,-19.14,2024,11,2024-11
1705,31,115,14,11628.0,2024-05-30,167.9,5.1972,12216.54,-588.54,-5.06,2024,5,2024-05
1717,20,123,7,19439.0,2023-06-27,535.37,4.7903,17952.08,1486.92,7.65,2023,6,2023-06
1720,39,11,8,289855.0,2024-07-21,7246.24,5.5543,321982.33,-32127.33,-11.08,2024,7,2024-07
1729,36,55,1,104487.65,2023-08-02,23326.09,4.8083,112158.84,-7671.19,-7.34,2023,8,2023-08
1773,35,140,3,8933.8,2024-01-03,586.81,4.9212,8663.43,270.37,3.03,2024,1,2024-01
1775,2,19,14,218550.35,2024-11-28,3358.13,5.9871,281476.44,-62926.09,-28.79,2024,11,2024-11
1816,39,65,12,291357.4,2024-12-25,4996.52,6.1541,368989.0,-77631.6,-26.64,2024,12,2024-12
1825,43,96,10,670897.6,2023-12-31,14776.4,4.8413,715369.85,-44472.25,-6.63,2023,12,2023-12
1840,27,44,6,61598.95,2024-06-23,2159.34,5.4416,70501.59,-8902.64,-14.45,2024,6,2024-06
1855,41,103,15,25496.1,2023-01-19,341.7,5.2144,26726.41,-1230.31,-4.83,2023,1,2023-01
1868,46,16,5,150030.0,2023-04-20,5615.94,5.0497,141794.06,8235.94,5.49,2023,4,2023-04
1880,8,80,1,122762.8,2023-10-23,24177.04,5.0164,121281.7,1481.1,1.21,2023,10,2023-10
1887,18,101,7,3244.0,2023-03-13,87.95,5.24,3226.01,17.99,0.55,2023,3,2023-03
1889,24,5,8,179884.4,2023-10-23,4752.24,5.0164,190713.09,-10828.69,-6.02,2023,10,2023-10
1893,37,110,11,26078.45,2023-08-09,476.03,4.9015,25665.87,412.58,1.58,2023,8,2023-08
1903,3,54,7,808206.8,2023-10-14,23191.9,5.0625,821862.96,-13656.16,-1.69,2023,10,2023-10
1909,26,71,14,1731315.15,2023-04-01,24528.75,5.0804,1744622.06,-13306.91,-0.77,2023,4,2023-04
1921,43,25,6,69121.05,2024-07-05,2430.59,5.497,80165.72,-11044.67,-15.98,2024,7,2024-07
1957,20,16,2,57011.4,2024-01-18,6212.42,4.9403,61382.44,-4371.04,-7.67,2024,1,2024-01
1958,40,58,11,1137216.5,2024-10-24,19694.26,5.7087,1236714.84,-99498.34,-8.75,2024,10,2024-10
1967,39,75,15,491526.0,2023-12-19,6193.58,4.8663,452097.28,39428.72,8.02,2023,12,2023-12
1971,39,102,1,832.0,2023-06-29,199.93,4.8584,971.34,-139.34,-16.75,2023,6,2023-06
2010,20,23,15,167679.0,2024-02-26,2108.74,4.9819,157582.98,10096.02,6.02,2024,2,2024-02
2016,29,27,4,62743.7,2023-01-07,3051.23,5.2855,64509.1,-1765.4,-2.81,2023,1,2023-01
2017,45,92,1,88854.0,2023-01-04,16745.97,5.4459,91196.88,-2342.88,-2.64,2023,1,2023-01
2036,30,127,14,21691.0,2023-06-06,296.24,4.9292,20443.17,1247.83,5.75,2023,6,2023-06
2063,17,112,11,23990.0,2024-05-28,430.01,5.1538,24378.04,-388.04,-1.62,2024,5,2024-05
2118,23,98,2,150785.9,2023-06-12,15262.93,4.8832,149063.88,1722.02,1.14,2023,6,2023-06
2120,13,4,12,38553.85,2023-09-13,654.31,4.9171,38607.69,-53.84,-0.14,2023,9,2023-09
2126,6,3,6,54145.0,2023-11-13,1753.77,4.9247,51820.75,2324.25,4.29,2023,11,2023-11
2164,6,135,14,21871.85,2024-03-05,328.1,4.9488,22731.82,-859.97,-3.93,2024,3,2024-03
2168,23,19,2,32865.0,2023-03-24,3163.35,5.2921,33481.53,-616.53,-1.88,2023,3,2023-03
2220,41,6,11,130022.0,2024-06-28,2172.43,5.5589,132839.53,-2817.53,-2.17,2024,6,2024-06
2226,37,124,2,7540.0,2023-07-27,725.63,4.7202,6850.24,689.76,9.15,2023,7,2023-07
2230,9,51,9,577431.0,2024-12-23,11769.05,6.1612,652603.24,-75172.24,-13.02,2024,12,2024-12
2315,18,38,3,75413.85,2023-07-21,5097.21,4.7732,72990.01,2423.84,3.21,2023,7,2023-07
2347,39,128,1,4651.0,2024-04-03,853.09,5.0724,4327.21,323.79,6.96,2024,4,2024-04
2348,5,18,12,302925.55,2024-09-09,5265.1,5.6097,354427.58,-51502.03,-17.0,2024,9,2024-09
2368,23,58,2,206766.55,2024-09-02,19694.26,5.623,221481.65,-14715.1,-7.12,2024,9,2024-09
2369,26,60,8,826508.55,2023-05-11,19341.09,4.9696,768939.85,57568.7,6.97,2023,5,2023-05
2382,36,88,1,45919.2,2023-07-19,9954.59,4.8,47782.03,-1862.83,-4.06,2023,7,2023-07
2400,39,2,10,132982.9,2024-05-12,2829.74,5.1464,145629.74,-12646.84,-9.51,2024,5,2024-05
2404,3,123,8,22217.0,2024-08-29,535.37,5.6358,24137.91,-1920.91,-8.65,2024,8,2024-08
2423,14,22,13,512887.0,2023-06-04,7630.67,4.9558,491608.97,21278.03,4.15,2023,6,2023-06
2448,36,59,6,496847.15,2023-03-15,16694.98,5.2981,530710.04,-33862.89,-6.82,2023,3,2023-03
2456,34,31,1,7868.85,2023-03-07,2418.07,5.1901,12550.03,-4681.18,-59.49,2023,3,2023-03
2467,13,64,8,847441.8,2024-09-09,21352.22,5.6097,958236.39,-110794.59,-13.07,2024,9,2024-09
2476,25,126,10,25432.45,2023-02-01,467.05,5.0721,23689.24,1743.21,6.85,2023,2,2023-02
2489,49,85,6,231472.0,2023-06-12,7499.89,4.8832,219740.78,11731.22,5.07,2023,6,2023-06
2520,4,88,10,483365.0,2024-10-02,9896.1,5.4305,537407.71,-54042.71,-11.18,2024,10,2024-10
2526,42,21,15,124467.1,2024-11-30,1584.96,6.0535,143918.33,-19451.23,-15.63,2024,11,2024-11
2572,3,2,13,181976.0,2024-01-21,2829.74,4.9223,181074.78,901.22,0.5,2024,1,2024-01
2606,7,100,12,1192442.85,2023-05-22,19807.28,4.968,1180830.8,11612.05,0.97,2023,5,2023-05
2607,4,63,2,279915.0,2023-10-02,27618.14,5.0679,279931.94,-16.94,-0.01,2023,10,2023-10
2614,27,34,8,37373.0,2024-02-18,1022.84,4.9761,40718.03,-3345.03,-8.95,2024,2,2024-02
2615,19,138,6,25098.0,2024-03-01,836.88,4.9596,24903.54,194.46,0.77,2024,3,2024-03
2621,6,128,9,39763.2,2024-12-21,853.09,6.078,46665.73,-6902.53,-17.36,2024,12,2024-12
2627,23,27,6,99069.0,2023-05-04,3051.23,5.0106,91730.96,7338.04,7.41,2023,5,2023-05
2642,36,49,8,106114.0,2024-09-28,2352.61,5.4431,102443.93,3670.07,3.46,2024,9,2024-09
2665,29,72,14,1395305.0,2023-08-16,30675.48,4.9772,2137491.99,-742186.99,-53.19,2023,8,2023-08
2678,16,50,12,128546.4,2024-10-25,2378.45,5.6969,162597.5,-34051.1,-26.49,2024,10,2024-10
2699,13,41,12,127200.0,2024-11-07,1944.42,5.6624,132121.01,-4921.01,-3.87,2024,11,2024-11
2700,6,71,3,370995.9,2023-10-03,27484.92,5.11,421343.82,-50347.92,-13.57,2023,10,2023-10
2711,5,29,10,346847.85,2023-03-27,7689.63,5.2306,402213.79,-55365.94,-15.96,2023,3,2023-03
2776,4,27,8,125487.4,2024-06-05,3051.23,5.2841,128984.04,-3496.64,-2.79,2024,6,2024-06
2821,34,128,2,8835.95,2024-09-22,853.09,5.4775,9345.6,-509.65,-5.77,2024,9,2024-09
2838,36,18,9,239152.0,2023-12-11,5536.62,4.944,246357.44,-7205.44,-3.01,2023,12,2023-12
2855,36,102,11,9152.0,2024-11-14,199.93,5.7885,12730.24,-3578.24,-39.1,2024,11,2024-11
2861,16,115,15,12459.0,2023-06-01,160.69,5.035,12136.11,322.89,2.59,2023,6,2023-06
2863,43,18,5,132862.0,2024-01-07,5536.62,4.8899,135367.59,-2505.59,-1.89,2024,1,2024-01
2871,8,107,13,19674.0,2024-11-04,311.59,5.7898,23452.57,-3778.57,-19.21,2024,11,2024-11
2885,40,83,5,640318.05,2024-06-30,35839.7,5.5589,996146.54,-355828.49,-55.57,2024,6,2024-06
2925,7,114,12,9591.0,2023-08-23,152.46,4.8977,8960.44,630.56,6.57,2023,8,2023-08
2941,29,34,4,18686.5,2024-08-11,951.66,5.5115,20980.3,-2293.8,-12.28,2024,8,2024-08
2958,48,78,13,1503755.0,2024-12-17,24425.59,6.1685,1958700.27,-454945.27,-30.25,2024,12,2024-12
2996,33,16,15,427585.5,2023-11-21,5615.94,4.8806,411137.35,16448.15,3.85,2023,11,2023-11
3000,18,32,4,47509.5,2024-09-09,2240.54,5.6097,50275.03,-2765.53,-5.82,2024,9,2024-09
3013,36,146,4,1884.8,2024-08-13,87.83,5.4875,1927.87,-43.07,-2.29,2024,8,2024-08
3025,20,74,6,519351.0,2024-05-05,17160.36,5.0668,521688.67,-2337.67,-0.45,2024,5,2024-05
3038,12,46,6,28407.85,2024-06-26,1000.64,5.5097,33079.36,-4671.51,-16.44,2024,6,2024-06
3051,43,101,1,463.0,2023-09-21,96.64,4.9229,475.75,-12.75,-2.75,2023,9,2023-09
3092,18,61,5,133088.35,2023-05-06,5396.92,4.9696,134102.67,-1014.32,-0.76,2023,5,2023-05
3094,30,150,11,17196.9,2024-05-31,332.26,5.2416,19157.31,-1960.41,-11.4,2024,5,2024-05
3100,44,106,11,48234.0,2024-07-02,918.37,5.6677,57255.5,-9021.5,-18.7,2024,7,2024-07
3127,37,131,7,6407.75,2023-11-16,196.2,4.8575,6671.29,-263.54,-4.11,2023,11,2023-11
3129,15,81,8,928328.6,2024-06-20,23685.5,5.4254,1028026.49,-99697.89,-10.74,2024,6,2024-06
3132,41,133,15,28391.0,2023-06-04,348.47,4.9558,25904.21,2486.79,8.76,2023,6,2023-06
3134,39,139,4,5415.0,2023-07-13,246.89,4.8038,4744.04,670.96,12.39,2023,7,2023-07
3145,46,76,8,1185586.0,2024-12-18,26819.81,6.1624,1322195.18,-136609.18,-11.52,2024,12,2024-12
3218,4,11,9,309782.65,2024-09-13,7246.24,5.5717,363364.88,-53582.23,-17.3,2024,9,2024-09
3222,24,132,1,1484.85,2023-04-26,276.61,5.0585,1399.23,85.62,5.77,2023,4,2023-04
3224,32,31,5,39345.2,2023-09-04,1724.43,4.9176,42400.28,-3055.08,-7.76,2023,9,2023-09
3227,27,35,15,165083.0,2024-04-21,2106.85,5.2269,165184.41,-101.41,-0.06,2024,4,2024-04
3264,38,9,10,377202.25,2023-05-31,7933.96,5.0959,404306.67,-27104.42,-7.19,2023,5,2023-05
3275,44,77,9,382224.9,2024-10-08,8959.75,5.5197,445096.19,-62871.29,-16.45,2024,10,2024-10
3281,6,92,12,1012936.55,2023-09-16,16745.97,4.8689,978413.44,34523.11,3.41,2023,9,2023-09
3297,10,32,3,35631.65,2024-10-17,2288.99,5.6758,38975.55,-3343.9,-9.38,2024,10,2024-10
3305,20,141,7,33473.0,2023-09-07,962.15,4.9762,33514.96,-41.96,-0.13,2023,9,2023-09
3317,6,83,4,512255.2,2024-12-06,35839.7,6.0293,864353.21,-352098.01,-68.73,2024,12,2024-12
3329,38,59,6,496847.15,2023-07-29,16694.98,4.7253,473332.73,23514.42,4.73,2023,7,2023-07
3330,19,142,14,10991.5,2023-05-15,160.09,4.9103,11005.26,-13.76,-0.13,2023,5,2023-05
3343,12,103,11,18696.95,2023-03-16,341.7,5.2892,19880.52,-1183.57,-6.33,2023,3,2023-03
3346,6,12,2,5179.4,2023-09-10,527.97,4.9835,5262.28,-82.88,-1.6,2023,9,2023-09
3354,16,129,7,21719.85,2023-05-23,598.62,4.9674,20815.09,904.76,4.17,2023,5,2023-05
3360,13,82,10,516340.0,2024-09-18,9770.29,5.4767,535089.47,-18749.47,-3.63,2024,9,2024-09
3391,13,93,12,1205724.0,2024-11-10,19072.72,5.7648,1319405.0,-113681.0,-9.43,2024,11,2024-11
3416,15,6,10,112291.9,2023-02-25,2104.66,5.1791,109002.45,3289.45,2.93,2023,2,2023-02
3435,30,130,14,55116.15,2024-07-30,752.23,5.6532,59535.09,-4418.94,-8.02,2024,7,2024-07
3436,36,75,2,65537.0,2024-10-12,5924.6,5.6263,66667.15,-1130.15,-1.72,2024,10,2024-10
3449,22,131,8,7709.0,2024-12-24,175.62,6.1541,8646.26,-937.26,-12.16,2024,12,2024-12
3480,30,56,9,386899.0,2024-03-19,8087.59,5.0352,366503.7,20395.3,5.27,2024,3,2024-03
3489,13,128,7,30927.25,2024-11-13,853.09,5.7713,34464.07,-3536.82,-11.44,2024,11,2024-11
3495,27,126,9,24094.0,2023-04-28,467.05,5.0007,21020.19,3073.81,12.76,2023,4,2023-04
3504,47,149,12,13963.0,2023-09-14,225.94,4.8751,13217.76,745.24,5.34,2023,9,2023-09
3507,16,141,9,40884.2,2023-05-02,942.08,5.0334,42676.79,-1792.59,-4.38,2023,5,2023-05
3519,33,50,8,85697.6,2023-09-27,2378.45,5.0289,95687.9,-9990.3,-11.66,2023,9,2023-09
3532,47,67,4,343156.0,2024-07-02,16720.73,5.6677,379072.33,-35916.33,-10.47,2024,7,2024-07
3554,19,37,8,46114.9,2023-01-18,1132.29,5.0909,46115.0,-0.1,0.0,2023,1,2023-01
3565,35,106,4,17539.0,2024-01-01,918.37,4.8413,17784.42,-245.42,-1.4,2024,1,2024-01
3576,28,6,2,22458.0,2023-04-11,2104.66,5.0128,21100.48,1357.52,6.04,2023,4,2023-04
3591,6,31,14,110165.8,2024-06-02,1686.13,5.2416,123732.27,-13566.47,-12.31,2024,6,2024-06
3595,26,101,3,1320.5,2023-10-06,96.64,5.1918,1505.21,-184.71,-13.99,2023,10,2023-10
3597,10,145,14,57853.1,2024-05-24,875.03,5.1508,63099.46,-5246.36,-9.07,2024,5,2024-05
3608,3,26,9,155549.0,2023-07-04,3412.88,4.8056,147608.43,7940.57,5.1,2023,7,2023-07
3617,39,4,3,10146.0,2024-06-06,679.13,5.2681,10733.17,-587.17,-5.79,2024,6,2024-06
3621,15,147,1,3030.0,2023-04-08,592.19,5.0683,3001.4,28.6,0.94,2023,4,2023-04
3637,26,57,8,950325.0,2024-10-21,23810.02,5.7068,1087032.18,-136707.18,-14.39,2024,10,2024-10
3643,39,149,7,8145.0,2023-11-09,225.94,4.9007,7750.85,394.15,4.84,2023,11,2023-11
3658,29,95,8,558464.0,2024-11-05,12945.63,5.7846,599082.33,-40618.33,-7.27,2024,11,2024-11
3699,40,46,6,28407.85,2023-11-15,1000.64,4.8682,29227.89,-820.04,-2.89,2023,11,2023-11
3704,49,9,1,37720.7,2023-07-15,7933.96,4.7957,38048.89,-328.19,-0.87,2023,7,2023-07
3736,21,111,10,40709.4,2024-05-28,860.37,5.1538,44341.75,-3632.35,-8.92,2024,5,2024-05
3745,22,93,11,1105247.0,2024-06-07,19072.72,5.2802,1107785.54,-2538.54,-0.23,2024,6,2024-06
3747,3,42,4,23971.0,2024-11-09,1263.57,5.7648,29136.91,-5165.91,-21.55,2024,11,2024-11
3760,10,147,1,2878.5,2024-11-06,592.19,5.7648,3413.86,-535.36,-18.6,2024,11,2024-11
3761,21,27,6,99069.0,2024-10-15,3051.23,5.6378,103213.35,-4144.35,-4.18,2024,10,2024-10
3762,49,66,7,83600.95,2024-11-06,2297.7,5.7648,92720.47,-9119.52,-10.91,2024,11,2024-11
3763,27,112,5,10905.0,2024-02-16,435.58,4.9761,10837.45,67.55,0.62,2024,2,2024-02
3779,35,128,5,22091.3,2024-11-05,853.09,5.7846,24673.92,-2582.62,-11.69,2024,11,2024-11
3785,24,99,2,203806.35,2023-10-01,21330.89,5.0076,213633.13,-9826.78,-4.82,2023,10,2023-10
3787,35,77,13,581161.0,2023-03-27,8959.75,5.2306,609243.29,-28082.29,-4.83,2023,3,2023-03
3800,4,45,13,128748.0,2023-01-17,1900.9,5.1203,126531.32,2216.68,1.72,2023,1,2023-01
3813,37,14,11,393922.0,2024-01-02,6767.66,4.8916,364151.54,29770.46,7.56,2024,1,2024-01
3817,18,33,11,70179.35,2024-06-14,1325.97,5.363,78222.95,-8043.6,-11.46,2024,6,2024-06
3819,26,56,13,558854.0,2023-04-17,8087.59,4.9421,519605.82,39248.18,7.02,2023,4,2023-04
3823,15,14,9,306185.0,2023-07-31,6767.66,4.7415,288799.74,17385.26,5.68,2023,7,2023-07
3844,33,148,10,47856.0,2023-12-22,979.78,4.8619,47635.92,220.08,0.46,2023,12,2023-12
3865,12,100,1,99370.0,2023-07-13,19807.28,4.8038,95150.21,4219.79,4.25,2023,7,2023-07
3907,48,133,10,18927.0,2024-06-13,381.67,5.3974,20600.26,-1673.26,-8.84,2024,6,2024-06
3915,10,106,4,16662.05,2023-08-27,918.37,4.8772,17916.3,-1254.25,-7.53,2023,8,2023-08
3935,5,111,3,12856.0,2023-10-11,821.82,5.0496,12449.59,406.41,3.16,2023,10,2023-10
3941,21,28,14,199620.0,2023-11-04,2723.39,4.891,186481.41,13138.59,6.58,2023,11,2023-11
3944,21,84,10,434239.0,2024-05-13,8951.16,5.1412,460197.04,-25958.04,-5.98,2024,5,2024-05
3964,24,37,9,51878.55,2023-06-11,1181.71,4.8922,52030.45,-151.9,-0.29,2023,6,2023-06
4023,40,52,9,117170.15,2023-05-31,2634.69,5.0959,120835.05,-3664.9,-3.13,2023,5,2023-05
4077,31,29,3,104054.45,2024-06-22,7689.63,5.4416,125531.67,-21477.22,-20.64,2024,6,2024-06
4081,2,133,10,17980.65,2023-01-08,348.47,5.2855,18418.38,-437.73,-2.43,2023,1,2023-01
4102,35,54,1,121535.0,2023-10-30,23191.9,5.0074,116131.12,5403.88,4.45,2023,10,2023-10
4128,15,119,12,37116.5,2024-10-14,669.88,5.6045,45052.11,-7935.61,-21.38,2024,10,2024-10
4137,27,92,1,88854.0,2024-09-09,16239.74,5.6097,91100.07,-2246.07,-2.53,2024,9,2024-09
4175,19,139,12,17099.0,2023-09-30,246.89,5.0076,14835.92,2263.08,13.24,2023,9,2023-09
4220,43,97,6,771409.5,2024-02-19,25607.88,4.9585,761860.04,9549.46,1.24,2024,2,2024-02
4236,21,109,2,1182.75,2024-09-20,123.24,5.4775,1350.09,-167.34,-14.15,2024,9,2024-09
4245,20,99,11,1120936.35,2024-11-28,18977.86,5.9871,1249845.8,-128909.45,-11.5,2024,11,2024-11
4265,9,32,6,71264.25,2023-09-01,2560.62,4.9318,75770.79,-4506.54,-6.32,2023,9,2023-09
4334,24,13,15,110395.7,2024-10-12,1356.5,5.6263,114481.14,-4085.44,-3.7,2024,10,2024-10
4353,21,128,2,9301.0,2023-02-24,853.09,5.1791,8836.48,464.52,4.99,2023,2,2023-02
4360,19,92,3,266562.0,2023-10-08,16745.97,5.1918,260825.18,5736.82,2.15,2023,10,2023-10
4362,30,127,2,2944.05,2023-12-27,296.24,4.8306,2862.03,82.02,2.79,2023,12,2023-12
4402,10,89,4,314712.0,2024-06-27,14832.32,5.5229,327669.68,-12957.68,-4.12,2024,6,2024-06
4440,38,103,2,3399.1,2024-11-07,326.91,5.6624,3702.19,-303.09,-8.92,2024,11,2024-11
4452,15,92,3,266562.0,2024-11-28,16239.74,5.9871,291686.84,-25124.84,-9.43,2024,11,2024-11
4489,28,33,4,26863.0,2023-11-27,1268.8,4.8951,24843.61,2019.39,7.52,2023,11,2023-11
4515,26,116,6,14680.35,2023-04-26,502.24,5.0585,15243.49,-563.14,-3.84,2023,4,2023-04
4541,39,72,13,1295640.0,2024-05-26,30675.48,5.1508,2054042.41,-758402.41,-58.53,2024,5,2024-05
4546,39,49,4,53057.0,2023-01-26,2627.0,5.0951,53539.31,-482.31,-0.91,2023,1,2023-01
4561,22,58,7,723683.4,2023-12-01,20157.55,4.9191,694099.03,29584.37,4.09,2023,12,2023-12
4565,32,95,3,209424.0,2023-09-02,12945.63,4.9318,191535.77,17888.23,8.54,2023,9,2023-09
4568,18,21,12,104815.0,2023-02-28,1674.22,5.2078,104628.03,186.97,0.18,2023,2,2023-02
4570,18,30,10,322479.0,2023-04-29,5636.75,5.0007,281876.96,40602.04,12.59,2023,4,2023-04
4582,39,47,13,79598.0,2023-02-16,1496.29,5.2432,101989.52,-22391.52,-28.13,2023,2,2023-02
4589,36,110,11,26078.45,2023-12-28,476.03,4.8413,25350.64,727.81,2.79,2023,12,2023-12
4591,31,54,11,1270038.85,2023-07-14,23191.9,4.7957,1223435.34,46603.51,3.67,2023,7,2023-07
4611,39,127,6,8831.2,2023-09-19,296.24,4.8575,8633.91,197.29,2.23,2023,9,2023-09
4632,23,29,3,109531.0,2023-02-05,7689.63,5.103,117720.55,-8189.55,-7.48,2023,2,2023-02
4633,21,25,4,48506.0,2023-03-31,2389.36,5.0804,48555.62,-49.62,-0.1,2023,3,2023-03
4669,17,41,13,137800.0,2024-02-22,2005.71,4.9419,128856.24,8943.76,6.49,2024,2,2024-02
4671,42,114,9,6834.3,2024-03-25,152.46,4.9869,6842.72,-8.42,-0.12,2024,3,2024-03
4672,2,126,6,15258.9,2024-06-01,467.05,5.2416,14688.54,570.36,3.74,2024,6,2024-06
4679,22,147,9,27271.0,2023-09-15,592.19,4.8689,25949.83,1321.17,4.84,2023,9,2023-09
4682,45,1,12,377596.5,2023-07-09,6360.91,4.8799,372487.26,5109.24,1.35,2023,7,2023-07
4695,7,20,4,123334.0,2024-03-01,5689.04,4.9596,112861.45,10472.55,8.49,2024,3,2024-03
4700,17,94,14,541986.4,2023-04-18,8022.13,4.9678,557932.72,-15946.32,-2.94,2023,4,2023-04
4712,28,78,2,231346.85,2023-02-02,23053.04,4.9901,230073.95,1272.9,0.55,2023,2,2023-02
4724,23,116,8,20604.0,2024-09-19,502.24,5.4189,21772.71,-1168.71,-5.67,2024,9,2024-09
4747,14,27,10,165114.0,2023-11-03,3051.23,4.891,149235.66,15878.34,9.62,2023,11,2023-11
4753,37,51,9,577431.0,2024-05-12,12243.38,5.1464,567083.98,10347.02,1.79,2024,5,2024-05
4773,20,52,8,104151.35,2024-12-17,2426.66,6.1685,119750.82,-15599.47,-14.98,2024,12,2024-12
4780,11,62,7,715554.0,2024-10-22,20000.78,5.6958,797443.1,-81889.1,-11.44,2024,10,2024-10
4784,14,9,2,79411.0,2023-06-03,7933.96,4.9558,78638.24,772.76,0.97,2023,6,2023-06
4813,44,85,15,549746.0,2023-07-12,7499.89,4.8058,540644.57,9101.43,1.66,2023,7,2023-07
4817,20,69,4,172007.0,2023-07-18,9219.51,4.804,177162.1,-5155.1,-3.0,2023,7,2023-07
4842,49,38,10,251380.45,2024-05-05,5439.42,5.0668,275604.53,-24224.08,-9.64,2024,5,2024-05
4854,26,20,14,431668.0,2023-10-25,5689.04,4.9981,398081.47,33586.53,7.78,2023,10,2023-10
4872,24,108,11,34960.95,2023-02-25,653.47,5.1791,37228.25,-2267.3,-6.49,2023,2,2023-02
4903,11,56,14,571750.85,2024-11-15,8087.59,5.7885,655410.21,-83659.36,-14.63,2024,11,2024-11
4910,4,125,13,42015.65,2023-03-09,630.46,5.1353,42088.82,-73.17,-0.17,2023,3,2023-03
4914,48,144,6,13285.0,2024-11-16,402.54,5.7885,13980.62,-695.62,-5.24,2024,11,2024-11
4981,48,14,15,537166.0,2024-01-12,6767.66,4.8543,492783.78,44382.22,8.26,2024,1,2024-01
5002,7,93,12,1145437.8,2024-04-30,19409.47,5.1718,1204582.76,-59144.96,-5.16,2024,4,2024-04
5005,8,138,8,31790.8,2023-04-25,826.61,5.0613,33469.77,-1678.97,-5.28,2023,4,2023-04
5040,19,102,1,832.0,2024-02-11,199.93,4.9717,993.99,-161.99,-19.47,2024,2,2024-02
5048,36,122,3,3768.65,2023-09-02,270.21,4.9318,3997.87,-229.22,-6.08,2023,9,2023-09
5062,27,133,3,5394.1,2023-02-07,348.47,5.1695,5404.25,-10.15,-0.19,2023,2,2023-02
5078,30,9,6,238233.0,2024-05-12,7544.56,5.1464,232963.94,5269.06,2.21,2024,5,2024-05
5084,20,25,2,24253.0,2023-09-15,2389.36,4.8689,23267.11,985.89,4.07,2023,9,2023-09
5102,17,82,6,294313.8,2023-09-11,9770.29,4.9366,289392.08,4921.72,1.67,2023,9,2023-09
5158,28,62,3,306666.0,2024-02-01,20000.78,4.935,296111.55,10554.45,3.44,2024,2,2024-02
5176,28,111,7,28497.15,2024-01-22,821.82,4.949,28470.31,26.84,0.09,2024,1,2024-01
5246,41,28,14,189639.0,2023-10-03,2723.39,5.11,194831.32,-5192.32,-2.74,2023,10,2023-10
5280,49,130,10,41441.0,2024-06-10,826.87,5.3666,44374.81,-2933.81,-7.08,2024,6,2024-06
5317,11,61,1,26618.05,2024-03-15,5396.92,4.9937,26950.6,-332.55,-1.25,2024,3,2024-03
5324,22,149,9,9949.35,2024-01-12,225.94,4.8543,9871.02,78.33,0.79,2024,1,2024-01
5366,37,80,3,368288.4,2023-03-17,24177.04,5.2679,382086.69,-13798.29,-3.75,2023,3,2023-03
5374,42,90,1,75142.15,2023-05-03,14083.78,5.0227,70738.6,4403.55,5.86,2023,5,2023-05
5392,5,63,15,1994396.75,2023-01-30,27618.14,5.0959,2111089.19,-116692.44,-5.85,2023,1,2023-01
5393,42,65,7,178904.0,2023-04-18,5008.66,4.9678,174174.15,4729.85,2.64,2023,4,2023-04
5411,32,109,9,5604.0,2023-09-17,169.23,4.8689,7415.68,-1811.68,-32.33,2023,9,2023-09
5419,1,122,8,10580.0,2023-10-28,271.3,4.948,10739.14,-159.14,-1.5,2023,10,2023-10
5425,47,118,10,43151.0,2024-07-01,893.4,5.5893,49934.81,-6783.81,-15.72,2024,7,2024-07
5426,43,137,5,16927.0,2024-07-07,673.98,5.497,18524.34,-1597.34,-9.44,2024,7,2024-07
5435,39,107,9,13620.0,2024-03-30,311.59,4.9962,14010.89,-390.89,-2.87,2024,3,2024-03
5442,30,65,11,281135.0,2024-06-21,4996.52,5.4416,299079.7,-17944.7,-6.38,2024,6,2024-06
5455,12,132,2,3126.0,2024-06-02,314.46,5.2416,3296.55,-170.55,-5.46,2024,6,2024-06
5471,27,61,15,399265.05,2023-07-29,5396.92,4.7253,382530.99,16734.06,4.19,2023,7,2023-07
5477,29,93,13,1240890.95,2023-05-01,19409.47,5.0007,1261792.18,-20901.23,-1.68,2023,5,2023-05
5505,6,129,13,40337.95,2023-12-14,598.62,4.8912,38063.61,2274.34,5.64,2023,12,2023-12
5506,37,141,4,19127.0,2024-03-11,972.86,4.9777,19370.42,-243.42,-1.27,2024,3,2024-03
5535,2,99,12,1222840.0,2024-09-14,18977.86,5.5717,1268867.31,-46027.31,-3.76,2024,9,2024-09
5542,47,97,9,1157115.2,2024-10-29,25607.88,5.714,1316910.84,-159795.64,-13.81,2024,10,2024-10
5544,18,133,4,7192.45,2023-03-10,348.47,5.1822,7223.36,-30.91,-0.43,2023,3,2023-03
5553,16,103,4,7157.0,2024-05-02,341.7,5.1184,6995.83,161.17,2.25,2024,5,2024-05
5559,25,90,7,553681.0,2023-04-09,14083.78,5.0683,499665.76,54015.24,9.76,2023,4,2023-04
5562,34,75,13,404689.55,2023-09-18,6193.58,4.8535,390787.03,13902.52,3.44,2023,9,2023-09
5565,49,15,12,318057.15,2023-12-23,5267.98,4.8619,307348.7,10708.45,3.37,2023,12,2023-12
5583,42,62,3,291332.7,2024-11-19,20000.78,5.7743,346471.51,-55138.81,-18.93,2024,11,2024-11
5596,3,109,15,9340.0,2024-08-04,123.24,5.7366,10604.68,-1264.68,-13.54,2024,8,2024-08
5611,31,110,3,7112.65,2023-05-24,476.03,4.9474,7065.33,47.32,0.67,2023,5,2023-05
5636,27,6,9,101062.9,2023-04-23,2104.66,5.0497,95651.11,5411.79,5.35,2023,4,2023-04
5642,28,69,11,473019.25,2024-11-07,8046.11,5.6624,501163.23,-28143.98,-5.95,2024,11,2024-11
5648,15,40,8,107798.4,2024-11-14,2867.26,5.7885,132777.08,-24978.68,-23.17,2024,11,2024-11
5650,32,39,1,28151.35,2024-12-31,5270.87,6.1923,32638.81,-4487.46,-15.94,2024,12,2024-12
5651,37,125,3,9695.7,2023-09-25,646.27,4.9606,9617.66,78.04,0.8,2023,9,2023-09
5655,9,99,14,1501733.0,2023-06-09,21330.89,4.8922,1460969.72,40763.28,2.71,2023,6,2023-06
5666,36,116,11,28331.0,2024-06-04,502.24,5.2687,29107.67,-776.67,-2.74,2024,6,2024-06
5694,12,7,10,185428.6,2024-02-08,3678.62,4.9804,183209.99,2218.61,1.2,2024,2,2024-02
5696,28,85,3,109949.2,2023-11-16,7499.89,4.8575,109292.15,657.05,0.6,2023,11,2023-11
5705,10,144,3,6309.9,2024-01-13,422.52,4.8543,6153.12,156.78,2.48,2024,1,2024-01
5712,13,78,8,974092.0,2023-09-17,25349.04,4.8689,987375.53,-13283.53,-1.36,2023,9,2023-09
5714,48,106,5,21924.0,2024-04-30,918.37,5.1718,23748.13,-1824.13,-8.32,2024,4,2024-04
5771,20,14,15,537166.0,2023-09-20,6767.66,4.8487,492215.3,44950.7,8.37,2023,9,2023-09
5781,47,54,12,1458418.0,2024-11-27,23191.9,5.8291,1622254.85,-163836.85,-11.23,2024,11,2024-11
5801,19,144,6,13285.0,2023-10-06,422.52,5.1918,13161.84,123.16,0.93,2023,10,2023-10
5805,26,149,13,14370.65,2023-06-20,225.94,4.793,14078.1,292.55,2.04,2023,6,2023-06
5810,44,67,10,814995.5,2023-10-13,16720.73,5.0625,846486.96,-31491.46,-3.86,2023,10,2023-10
5864,28,129,15,48993.0,2023-09-19,598.62,4.8575,43616.95,5376.05,10.97,2023,9,2023-09
5886,4,19,1,15610.4,2024-08-26,3358.13,5.4921,18443.19,-2832.79,-18.15,2024,8,2024-08
5897,42,34,11,54093.0,2024-09-06,951.66,5.5702,58310.3,-4217.3,-7.8,2024,9,2024-09
5909,7,103,10,17892.0,2023-02-02,341.7,4.9901,17051.17,840.83,4.7,2023,2,2023-02
5965,33,79,4,264587.0,2024-11-06,11873.21,5.7648,273786.72,-9199.72,-3.48,2024,11,2024-11
5980,14,132,3,4454.55,2023-06-28,276.61,4.8563,4029.9,424.65,9.53,2023,6,2023-06
5997,17,30,4,128991.0,2023-04-30,5636.75,5.0007,112750.78,16240.22,12.59,2023,4,2023-04
6002,13,79,1,66147.0,2024-09-17,11873.21,5.501,65314.53,832.47,1.26,2024,9,2024-09
6004,8,103,12,21470.0,2024-05-24,341.7,5.1508,21120.34,349.66,1.63,2024,5,2024-05
6039,32,118,6,24596.45,2024-08-19,893.4,5.4237,29073.2,-4476.75,-18.2,2024,8,2024-08
6073,1,28,13,176092.95,2023-03-30,2723.39,5.1254,181460.02,-5367.07,-3.05,2023,3,2023-03
6079,6,147,12,34542.95,2024-11-19,592.19,5.7743,41033.79,-6490.84,-18.79,2024,11,2024-11
6087,39,83,5,640318.05,2023-12-12,35839.7,4.9476,886602.5,-246284.45,-38.46,2023,12,2023-12
6092,40,37,15,91016.0,2024-01-23,1211.89,4.9715,90373.67,642.33,0.71,2024,1,2024-01
6098,44,119,14,45581.0,2024-10-29,669.88,5.714,53587.72,-8006.72,-17.57,2024,10,2024-10
6100,10,69,11,497915.0,2024-03-13,9219.51,4.9803,505075.18,-7160.18,-1.44,2024,3,2024-03
6109,2,12,14,38167.0,2024-02-13,527.97,4.9717,36748.72,1418.28,3.72,2024,2,2024-02
6113,48,45,10,94085.15,2024-04-02,1881.33,5.0476,94962.01,-876.86,-0.93,2024,4,2024-04
6120,27,22,3,118359.0,2023-01-11,7630.67,5.202,119084.24,-725.24,-0.61,2023,1,2023-01
6146,36,80,14,1809134.0,2024-11-20,24177.04,5.7743,1954476.75,-145342.75,-8.03,2024,11,2024-11
6155,33,26,14,241965.0,2024-06-12,3378.85,5.3891,254925.45,-12960.45,-5.36,2024,6,2024-06
6156,33,109,6,3549.2,2023-01-13,169.23,5.1146,5193.26,-1644.06,-46.32,2023,1,2023-01
6168,3,132,13,20319.0,2023-10-06,276.61,5.1918,18669.35,1649.65,8.12,2023,10,2023-10
6170,23,56,4,163357.25,2024-07-24,8087.59,5.6346,182281.34,-18924.09,-11.58,2024,7,2024-07
6173,49,45,4,39615.0,2023-01-11,1900.9,5.202,39553.93,61.07,0.15,2023,1,2023-01
6213,25,81,7,812287.05,2023-07-16,23345.09,4.7957,783692.34,28594.71,3.52,2023,7,2023-07
6217,12,76,5,703941.45,2024-11-05,26819.81,5.7846,775709.36,-71767.91,-10.2,2024,11,2024-11
6229,14,1,4,125865.5,2024-10-07,5774.5,5.4626,126175.13,-309.63,-0.25,2024,10,2024-10
6266,8,94,4,154852.85,2023-02-03,7181.14,5.103,146581.43,8271.42,5.34,2023,2,2023-02
6269,18,124,6,21489.0,2024-06-19,725.63,5.4647,23792.1,-2303.1,-10.72,2024,6,2024-06
6281,25,79,13,816913.55,2023-06-30,11724.63,4.8192,734543.38,82370.17,10.08,2023,6,2023-06
6328,43,94,8,326007.0,2024-07-03,8022.13,5.5863,358512.2,-32505.2,-9.97,2024,7,2024-07
6338,14,113,7,29226.75,2023-05-30,815.5,5.0593,28881.01,345.74,1.18,2023,5,2023-05
6341,20,17,7,93357.45,2024-02-24,2833.14,4.9851,98864.4,-5506.95,-5.9,2024,2,2024-02
6350,1,3,3,27073.0,2024-10-05,1753.77,5.4686,28772.0,-1699.0,-6.28,2024,10,2024-10
6353,14,29,9,328593.0,2023-12-14,7689.63,4.8912,338503.66,-9910.66,-3.02,2023,12,2023-12
6359,12,135,3,4934.0,2024-03-26,328.1,4.987,4908.7,25.3,0.51,2024,3,2024-03
6367,5,42,3,17080.05,2023-07-10,1263.57,4.8735,18474.03,-1393.98,-8.16,2023,7,2023-07
6412,33,107,15,22701.0,2023-05-17,295.48,4.9513,21945.15,755.85,3.33,2023,5,2023-05
6413,21,70,1,32637.25,2024-01-13,6655.06,4.8543,32305.66,331.59,1.02,2024,1,2024-01
6433,45,104,12,44556.0,2024-06-26,742.54,5.5097,49094.07,-4538.07,-10.19,2024,6,2024-06
6453,44,17,8,106694.5,2023-02-02,2706.74,4.9901,108055.23,-1360.73,-1.28,2023,2,2023-02
6482,24,146,8,3769.6,2024-04-20,99.02,5.2269,4140.54,-370.94,-9.84,2024,4,2024-04
6485,15,133,13,23374.75,2023-07-24,348.47,4.7457,21498.54,1876.21,8.03,2023,7,2023-07
6521,5,114,1,799.0,2024-06-23,152.46,5.4416,829.63,-30.63,-3.83,2024,6,2024-06
6546,33,94,9,366758.0,2023-05-09,8022.13,5.0007,361046.39,5711.61,1.56,2023,5,2023-05
6559,43,16,10,300060.0,2023-08-15,5615.94,4.9812,279741.2,20318.8,6.77,2023,8,2023-08
6568,49,140,7,20844.9,2024-07-21,612.49,5.5543,23813.67,-2968.77,-14.24,2024,7,2024-07
6572,24,66,3,35829.25,2023-01-05,2360.29,5.4026,38255.11,-2425.86,-6.77,2023,1,2023-01
6590,2,134,2,9435.0,2023-10-04,948.15,5.1526,9770.88,-335.88,-3.56,2023,10,2023-10
6591,46,9,6,238233.0,2023-09-01,7933.96,4.9318,234772.22,3460.78,1.45,2023,9,2023-09
6594,49,39,7,197058.5,2023-02-06,5270.87,5.1763,190985.23,6073.27,3.08,2023,2,2023-02
6610,16,57,8,950325.0,2024-07-21,23810.02,5.5543,1057983.95,-107658.95,-11.33,2024,7,2024-07
6626,43,66,12,150860.0,2023-04-09,2360.29,5.0683,143551.89,7308.11,4.84,2023,4,2023-04
6633,27,126,11,27975.6,2024-09-10,467.05,5.6254,28900.77,-925.17,-3.31,2024,9,2024-09
6645,31,115,1,831.0,2023-06-17,160.69,4.8286,775.91,55.09,6.63,2023,6,2023-06
6666,43,103,11,19681.0,2023-07-07,341.7,4.8799,18342.08,1338.92,6.8,2023,7,2023-07
6673,8,141,14,63597.75,2023-10-21,962.15,5.0528,68061.72,-4463.97,-7.02,2023,10,2023-10
6675,7,119,2,6512.0,2024-11-19,669.88,5.7743,7736.18,-1224.18,-18.8,2024,11,2024-11
6691,43,67,7,600523.0,2024-09-06,16720.73,5.5702,651964.67,-51441.67,-8.57,2024,9,2024-09
6697,2,29,14,511145.0,2023-11-10,7689.63,4.9219,529866.26,-18721.26,-3.66,2023,11,2023-11
6701,23,109,12,7098.4,2023-01-21,169.23,5.1986,10557.11,-3458.71,-48.73,2023,1,2023-01
6705,37,109,6,3736.0,2023-11-15,169.23,4.8682,4943.07,-1207.07,-32.31,2023,11,2023-11
6734,6,47,15,91844.0,2023-05-02,1496.29,5.0334,112971.39,-21127.39,-23.0,2023,5,2023-05
6736,7,6,4,44916.95,2024-10-08,2172.43,5.5197,47964.65,-3047.7,-6.79,2024,10,2024-10
6742,32,130,11,43305.75,2023-04-13,749.89,4.9097,40499.08,2806.67,6.48,2023,4,2023-04
6743,4,33,4,26863.0,2024-09-22,1325.97,5.4775,29052.0,-2189.0,-8.15,2024,9,2024-09
6754,17,135,8,12498.2,2024-06-11,328.1,5.3524,14048.98,-1550.78,-12.41,2024,6,2024-06
6765,25,140,15,47019.0,2023-02-06,586.81,5.1763,45562.57,1456.43,3.1,2023,2,2023-02
6769,15,114,14,10630.5,2024-12-20,152.46,6.078,12973.13,-2342.63,-22.04,2024,12,2024-12
6806,38,126,10,25432.45,2023-03-10,467.05,5.1822,24203.47,1228.98,4.83,2023,3,2023-03
6814,27,148,13,59101.4,2023-07-01,919.03,4.8192,57576.86,1524.54,2.58,2023,7,2023-07
6841,40,87,7,468019.0,2024-02-18,13597.7,4.9761,473644.6,-5625.6,-1.2,2024,2,2024-02
6852,14,147,13,37421.45,2024-09-13,592.19,5.5717,42893.57,-5472.12,-14.62,2024,9,2024-09
6857,13,48,2,29473.0,2024-10-27,2605.99,5.6969,29692.13,-219.13,-0.74,2024,10,2024-10
6914,16,107,8,11501.65,2023-03-16,295.48,5.2892,12502.82,-1001.17,-8.7,2023,3,2023-03
6922,16,44,3,32421.0,2024-04-28,2159.34,5.1184,33157.1,-736.1,-2.27,2024,4,2024-04
6973,16,23,14,148675.95,2023-04-18,2108.74,4.9678,146661.18,2014.77,1.36,2023,4,2023-04
6974,43,5,4,89942.2,2024-06-11,4752.24,5.3524,101743.56,-11801.36,-13.12,2024,6,2024-06
6993,23,98,7,555528.0,2023-04-28,15262.93,5.0007,534277.34,21250.66,3.83,2023,4,2023-04
7011,22,64,7,780539.0,2023-02-24,21352.22,5.1791,774096.98,6442.02,0.83,2023,2,2023-02
7025,10,28,6,81273.45,2023-10-08,2723.39,5.1918,84835.78,-3562.33,-4.38,2023,10,2023-10
7028,10,4,10,32128.05,2024-09-05,679.13,5.6049,38064.56,-5936.51,-18.48,2024,9,2024-09
7060,32,100,13,1291812.85,2024-10-10,19807.28,5.5819,1437309.33,-145496.48,-11.26,2024,10,2024-10
7062,3,24,11,255554.0,2024-10-02,4113.86,5.4305,245743.48,9810.52,3.84,2024,10,2024-10
7068,33,88,2,96673.0,2024-02-06,9896.1,4.9687,98341.5,-1668.5,-1.73,2024,2,2024-02
7086,27,91,8,1079088.0,2024-07-17,27671.77,5.467,1210252.53,-131164.53,-12.16,2024,7,2024-07
7095,17,2,15,199473.4,2024-09-04,2829.74,5.6359,239221.97,-39748.57,-19.93,2024,9,2024-09
7106,15,61,2,53235.15,2023-09-06,5396.92,4.9762,53712.31,-477.16,-0.9,2023,9,2023-09
7115,27,69,13,588445.0,2024-12-26,8046.11,6.1656,644918.25,-56473.25,-9.6,2024,12,2024-12
7127,15,48,4,55997.75,2023-04-22,2836.04,5.0497,57284.6,-1286.85,-2.3,2023,4,2023-04
7130,22,64,14,1561078.0,2023-10-01,21352.22,5.0076,1496927.28,64150.72,4.11,2023,10,2023-10
7138,33,27,2,33023.0,2024-01-04,3051.23,4.9188,30016.78,3006.22,9.1,2024,1,2024-01
7144,27,38,6,150828.65,2024-02-01,5439.42,4.935,161061.23,-10232.58,-6.78,2024,2,2024-02
7202,32,82,1,51634.0,2023-08-19,9770.29,4.9724,48581.79,3052.21,5.91,2023,8,2023-08
7218,39,88,7,321437.25,2023-01-13,8866.48,5.1146,317439.49,3997.76,1.24,2023,1,2023-01
7223,16,77,2,89409.0,2023-10-28,8959.75,4.948,88665.69,743.31,0.83,2023,10,2023-10
7245,37,17,15,200052.9,2023-05-20,2706.74,4.9858,202428.96,-2376.06,-1.19,2023,5,2023-05
7264,9,108,8,25425.8,2024-09-29,688.83,5.4431,29994.96,-4569.16,-17.97,2024,9,2024-09
7281,17,50,2,21424.4,2024-06-17,2378.45,5.413,25749.1,-4324.7,-20.19,2024,6,2024-06
7321,11,150,8,12506.75,2023-04-08,321.31,5.0683,13027.96,-521.21,-4.17,2023,4,2023-04
7355,48,108,14,46838.0,2024-06-02,688.83,5.2416,50548.0,-3710.0,-7.92,2024,6,2024-06
7402,23,101,15,6951.0,2024-08-18,82.96,5.4632,6798.41,152.59,2.2,2024,8,2024-08
7409,13,45,12,112902.75,2024-06-17,1881.33,5.413,122203.67,-9300.92,-8.24,2024,6,2024-06
7481,43,102,3,2371.2,2023-04-25,199.93,5.0613,3035.72,-664.52,-28.02,2023,4,2023-04
7493,27,37,7,42474.0,2023-04-14,1181.71,4.9455,40909.03,1564.97,3.68,2023,4,2023-04
7497,40,40,6,85104.0,2023-09-01,2970.73,4.9318,87906.28,-2802.28,-3.29,2023,9,2023-09
7537,18,44,11,112931.25,2023-07-07,1963.02,4.8799,105372.75,7558.5,6.69,2023,7,2023-07
7569,9,57,7,789957.3,2024-11-17,23810.02,5.7885,964770.11,-174812.81,-22.13,2024,11,2024-11
7571,43,51,14,898226.0,2024-09-10,12243.38,5.6254,964234.74,-66008.74,-7.35,2024,9,2024-09
7583,7,6,1,11229.0,2024-07-07,2172.43,5.497,11941.85,-712.85,-6.35,2024,7,2024-07
7610,28,23,5,53098.35,2023-03-08,2108.74,5.1387,54180.91,-1082.56,-2.04,2023,3,2023-03
7660,36,5,14,331366.0,2023-01-30,4920.79,5.0959,351061.95,-19695.95,-5.94,2023,1,2023-01
7669,9,70,8,274843.0,2023-12-11,6655.06,4.944,263220.93,11622.07,4.23,2023,12,2023-12
7700,30,133,8,15142.0,2023-12-18,348.47,4.9399,13771.26,1370.74,9.05,2023,12,2023-12
7708,31,144,8,17713.0,2024-03-18,444.87,5.0124,17838.93,-125.93,-0.71,2024,3,2024-03
7712,2,27,3,49534.0,2023-01-16,3051.23,5.1115,46789.09,2744.91,5.54,2023,1,2023-01
7713,36,57,14,1663068.0,2024-08-31,23810.02,5.6562,1885439.29,-222371.29,-13.37,2024,8,2024-08
7725,43,74,14,1151229.0,2024-02-20,17160.36,4.9408,1187002.69,-35773.69,-3.11,2024,2,2024-02
7768,24,150,8,12506.75,2024-08-24,332.26,5.5263,14689.35,-2182.6,-17.45,2024,8,2024-08
7811,4,65,1,25558.0,2024-08-20,4996.52,5.4547,27254.52,-1696.52,-6.64,2024,8,2024-08
7856,37,115,8,6645.0,2023-12-09,160.69,4.9158,6319.36,325.64,4.9,2023,12,2023-12
7865,17,16,1,30006.0,2024-08-10,5491.48,5.5115,30266.29,-260.29,-0.87,2024,8,2024-08
7879,8,137,14,47397.0,2024-09-16,673.98,5.5207,52091.78,-4694.78,-9.91,2024,9,2024-09
7887,36,3,3,25719.35,2023-11-29,1753.77,4.8933,25745.17,-25.82,-0.1,2023,11,2023-11
7889,22,45,2,18816.65,2023-11-17,1881.33,4.8849,18380.22,436.43,2.32,2023,11,2023-11
7914,36,61,3,79853.2,2023-01-12,5564.33,5.14,85801.97,-5948.77,-7.45,2023,1,2023-01
7917,26,35,4,44022.0,2023-10-05,2106.85,5.1713,43580.61,441.39,1.0,2023,10,2023-10
7929,12,20,5,146458.65,2024-03-19,5689.04,5.0352,143227.27,3231.38,2.21,2024,3,2024-03
7930,30,79,15,942592.85,2024-07-22,11935.56,5.5598,995389.9,-52797.05,-5.6,2024,7,2024-07
8013,41,117,2,8206.0,2023-05-04,823.4,5.0106,8251.46,-45.46,-0.55,2023,5,2023-05
8084,31,120,3,9373.0,2023-09-10,635.45,4.9835,9500.3,-127.3,-1.36,2023,9,2023-09
8103,14,50,14,149970.8,2024-07-14,2378.45,5.4529,181572.3,-31601.5,-21.07,2024,7,2024-07
8111,20,82,3,154902.0,2024-04-16,9770.29,5.2635,154277.76,624.24,0.4,2024,4,2024-04
8130,23,148,9,40916.5,2024-08-27,885.1,5.4969,43787.76,-2871.26,-7.02,2024,8,2024-08
8150,48,23,10,106196.7,2024-11-18,2244.66,5.7603,129299.15,-23102.45,-21.75,2024,11,2024-11
8156,46,83,12,1617647.0,2023-02-01,35839.7,5.0721,2181390.51,-563743.51,-34.85,2023,2,2023-02
8157,22,56,2,85978.0,2023-05-22,8087.59,4.968,80358.29,5619.71,6.54,2023,5,2023-05
8166,37,27,14,231160.0,2023-07-29,3051.23,4.7253,201851.68,29308.32,12.68,2023,7,2023-07
8178,26,135,7,11512.0,2023-06-22,328.1,4.775,10966.74,545.26,4.74,2023,6,2023-06
8221,41,29,6,219062.0,2023-12-13,7689.63,4.958,228751.11,-9689.11,-4.42,2023,12,2023-12
8222,40,21,11,91276.0,2023-06-08,1674.22,4.9119,90459.61,816.39,0.89,2023,6,2023-06
8226,24,4,11,35340.95,2024-09-08,679.13,5.5702,41611.79,-6270.84,-17.74,2024,9,2024-09
8230,25,32,13,162532.0,2023-05-01,2585.66,5.0007,168091.43,-5559.43,-3.42,2023,5,2023-05
8247,27,41,8,84800.0,2023-06-26,2005.71,4.7698,76534.68,8265.32,9.75,2023,6,2023-06
8262,38,149,14,15476.45,2023-11-05,225.94,4.891,15471.02,5.43,0.04,2023,11,2023-11
8278,5,39,1,29633.0,2024-04-14,5270.87,5.1364,27073.3,2559.7,8.64,2024,4,2024-04
8288,14,124,9,32232.55,2024-07-10,665.23,5.3967,32310.42,-77.87,-0.24,2024,7,2024-07
8293,19,65,4,97119.45,2024-07-20,4996.52,5.5543,111008.68,-13889.23,-14.3,2024,7,2024-07
8315,9,55,11,1149366.05,2024-01-05,23326.09,4.8899,1254684.72,-105318.67,-9.16,2024,1,2024-01
8318,28,3,2,17145.6,2024-05-13,1753.77,5.1412,18032.96,-887.36,-5.18,2024,5,2024-05
8338,7,116,12,29360.7,2024-10-08,502.24,5.5197,33266.57,-3905.87,-13.3,2024,10,2024-10
8361,21,59,5,414039.45,2023-07-23,16694.98,4.7732,398442.39,15597.06,3.77,2023,7,2023-07
8366,48,101,12,5561.0,2023-05-24,87.95,4.9474,5221.49,339.51,6.11,2023,5,2023-05
8370,10,56,2,81679.1,2023-08-01,8087.59,4.7752,77239.72,4439.38,5.44,2023,8,2023-08
8417,47,59,11,910886.6,2024-01-18,17882.07,4.9403,971770.69,-60884.09,-6.68,2024,1,2024-01
8422,19,85,10,366497.65,2023-11-19,7499.89,4.8849,366362.13,135.52,0.04,2023,11,2023-11
8434,26,70,9,309199.0,2023-01-20,6655.06,5.1986,311372.95,-2173.95,-0.7,2023,1,2023-01
8435,29,71,14,1822437.0,2023-03-04,24528.75,5.2037,1786963.59,35473.41,1.95,2023,3,2023-03
8457,26,100,2,198740.0,2023-08-31,19807.28,4.9219,194978.9,3761.1,1.89,2023,8,2023-08
8502,20,145,8,34799.0,2024-01-10,820.56,4.8901,32100.96,2698.04,7.75,2024,1,2024-01
8515,6,14,1,34020.45,2023-03-31,6767.66,5.0804,34382.42,-361.97,-1.06,2023,3,2023-03
8532,16,108,10,31783.2,2023-02-13,653.47,5.1834,33871.96,-2088.76,-6.57,2023,2,2023-02
8553,48,135,6,9867.0,2023-11-13,328.1,4.9247,9694.76,172.24,1.75,2023,11,2023-11
8581,10,26,8,131351.75,2023-01-22,3412.88,5.1986,141937.58,-10585.83,-8.06,2023,1,2023-01
8594,27,132,1,1484.85,2023-11-15,276.61,4.8682,1346.59,138.26,9.31,2023,11,2023-11
8598,25,145,12,49588.1,2024-06-23,875.03,5.4416,57138.76,-7550.66,-15.23,2024,6,2024-06
8601,24,72,15,1420221.5,2023-09-04,30675.48,4.9176,2262746.11,-842524.61,-59.32,2023,9,2023-09
8608,40,67,3,257367.0,2023-05-26,16720.73,5.0114,251382.8,5984.2,2.33,2023,5,2023-05
8609,16,39,11,325961.0,2024-07-23,5270.87,5.5807,323566.59,2394.41,0.73,2024,7,2024-07
8624,34,18,12,302925.55,2024-02-07,5536.62,4.9608,329592.77,-26667.22,-8.8,2024,2,2024-02
8719,32,136,6,11841.0,2023-10-04,533.84,5.1526,16503.98,-4662.98,-39.38,2023,10,2023-10
8725,34,48,14,206309.0,2023-09-06,3020.3,4.9762,210414.64,-4105.64,-1.99,2023,9,2023-09
8745,35,78,10,1156735.2,2023-07-11,23053.04,4.8949,1128423.25,28311.95,2.45,2023,7,2023-07
8753,17,25,9,109138.0,2024-03-16,2478.48,4.9937,111391.07,-2253.07,-2.06,2024,3,2024-03
8755,49,95,5,349040.0,2023-08-09,12945.63,4.9015,317265.03,31774.97,9.1,2023,8,2023-08
8764,15,37,14,84948.0,2023-01-14,1132.29,5.1146,81076.95,3871.05,4.56,2023,1,2023-01
8774,2,89,12,944137.0,2024-05-09,14832.32,5.1577,918007.88,26129.12,2.77,2024,5,2024-05
8807,20,25,3,36379.0,2023-08-21,2389.36,4.9847,35730.73,648.27,1.78,2023,8,2023-08
8831,42,63,6,839746.0,2023-03-16,27618.14,5.2892,876467.2,-36721.2,-4.37,2023,3,2023-03
8835,46,55,1,104487.65,2023-09-11,23326.09,4.9366,115151.58,-10663.93,-10.21,2023,9,2023-09
8870,8,82,11,567974.0,2024-06-14,9770.29,5.363,576378.72,-8404.72,-1.48,2024,6,2024-06
8875,21,61,7,186323.5,2024-12-01,5102.18,6.0535,216202.33,-29878.83,-16.04,2024,12,2024-12
8885,39,24,8,176564.15,2024-06-29,4129.65,5.5589,183650.49,-7086.34,-4.01,2024,6,2024-06
8902,13,86,8,710775.75,2024-01-18,17824.79,4.9403,704478.48,6297.27,0.89,2024,1,2024-01
8924,6,119,4,13023.0,2023-09-17,669.88,4.8689,13046.31,-23.31,-0.18,2023,9,2023-09
8935,6,57,1,112851.45,2023-09-18,22497.79,4.8535,109193.02,3658.43,3.24,2023,9,2023-09
8936,48,42,2,11986.0,2023-10-25,1263.57,4.9981,12630.9,-644.9,-5.38,2023,10,2023-10
8937,32,19,14,218550.35,2024-07-26,3358.13,5.6465,265463.53,-46913.18,-21.47,2024,7,2024-07
8952,14,61,3,84056.0,2024-10-29,5102.18,5.714,87461.57,-3405.57,-4.05,2024,10,2024-10
8957,6,125,14,45247.55,2023-12-18,646.27,4.9399,44695.13,552.42,1.22,2023,12,2023-12
8978,43,149,4,4421.3,2024-08-20,225.94,5.4547,4929.74,-508.44,-11.5,2024,8,2024-08
9010,48,125,12,40825.0,2024-01-28,646.27,4.9125,38097.62,2727.38,6.68,2024,1,2024-01
9036,17,70,14,480976.0,2024-02-19,6655.06,4.9585,461987.61,18988.39,3.95,2024,2,2024-02
9057,34,14,14,476287.25,2024-08-04,6832.87,5.7366,548764.19,-72476.94,-15.22,2024,8,2024-08
9059,2,26,12,207398.0,2024-10-02,3378.85,5.4305,220186.14,-12788.14,-6.17,2024,10,2024-10
9064,21,112,1,2071.95,2024-04-13,430.01,5.1364,2208.7,-136.75,-6.6,2024,4,2024-04
9066,13,105,8,2352.2,2023-02-13,59.15,5.1834,2452.78,-100.58,-4.28,2023,2,2023-02
9074,43,6,11,123520.9,2024-02-27,2104.66,4.9575,114772.37,8748.53,7.08,2024,2,2024-02
9094,8,103,4,7157.0,2024-04-30,341.7,5.1718,7068.82,88.18,1.23,2024,4,2024-04
9095,26,124,11,41469.0,2023-04-27,725.63,5.015,40029.38,1439.62,3.47,2023,4,2023-04
9097,35,105,3,929.0,2023-03-30,59.15,5.1254,909.5,19.5,2.1,2023,3,2023-03
9109,32,35,14,146373.15,2024-06-19,2106.85,5.4647,161186.24,-14813.09,-10.12,2024,6,2024-06
9142,27,22,2,78906.0,2023-06-02,7630.67,4.9558,75632.15,3273.85,4.15,2023,6,2023-06
9161,26,145,14,60898.0,2023-02-01,820.56,5.0721,58267.47,2630.53,4.32,2023,2,2023-02
9162,40,45,1,9904.0,2023-01-07,1900.9,5.2855,10047.21,-143.21,-1.45,2023,1,2023-01
9178,5,5,6,142014.0,2023-07-31,4920.79,4.7415,139991.55,2022.45,1.42,2023,7,2023-07
9204,18,77,15,670570.0,2023-12-01,8959.75,4.9191,661108.59,9461.41,1.41,2023,12,2023-12
9219,34,60,7,761258.0,2024-11-10,19786.24,5.7648,798446.01,-37188.01,-4.89,2024,11,2024-11
9238,38,8,13,64794.0,2023-05-17,1006.07,4.9513,64757.61,36.39,0.06,2023,5,2023-05
9244,3,3,3,27073.0,2024-07-13,1753.77,5.4529,28689.4,-1616.4,-5.97,2024,7,2024-07
9247,31,67,5,407497.75,2024-11-09,16720.73,5.7648,481958.32,-74460.57,-18.27,2024,11,2024-11
9253,11,35,5,55028.0,2023-01-13,2199.13,5.1146,56238.35,-1210.35,-2.2,2023,1,2023-01
9272,42,70,10,343554.0,2024-09-30,6083.51,5.4481,331435.71,12118.29,3.53,2024,9,2024-09
9274,11,120,7,21871.0,2023-01-13,586.85,5.1146,21010.52,860.48,3.93,2023,1,2023-01
9281,35,118,6,24596.45,2024-09-17,893.4,5.501,29487.56,-4891.11,-19.89,2024,9,2024-09
9292,31,96,3,201269.85,2024-05-28,14776.4,5.1538,228463.83,-27193.98,-13.51,2024,5,2024-05
9304,27,5,12,284028.0,2023-07-31,4920.79,4.7415,279983.11,4044.89,1.42,2023,7,2023-07
9306,43,48,11,153995.0,2024-09-26,2605.99,5.4412,155976.84,-1981.84,-1.29,2024,9,2024-09
9316,4,45,11,103493.95,2024-01-10,1881.33,4.8901,101198.81,2295.14,2.22,2024,1,2024-01
9322,28,30,10,306355.05,2024-03-28,6558.44,4.9962,327672.78,-21317.73,-6.96,2024,3,2024-03
9373,4,4,5,16063.55,2023-07-26,654.31,4.7368,15496.68,566.87,3.53,2023,7,2023-07
9383,49,108,11,36801.0,2024-11-01,688.83,5.8073,44002.67,-7201.67,-19.57,2024,11,2024-11
9436,39,57,2,225701.95,2024-03-08,22497.79,4.9751,223857.51,1844.44,0.82,2024,3,2024-03
9478,8,60,6,652507.0,2024-09-14,19786.24,5.5717,661457.96,-8950.96,-1.37,2024,9,2024-09
9486,37,14,12,429733.0,2023-08-03,6767.66,4.8797,396289.81,33443.19,7.78,2023,8,2023-08
9492,42,118,11,47466.0,2024-12-05,787.87,5.9849,51868.55,-4402.55,-9.28,2024,12,2024-12
9506,40,143,12,53237.0,2024-09-05,896.83,5.6049,60319.71,-7082.71,-13.3,2024,9,2024-09
9517,37,85,7,270051.0,2023-06-10,7499.89,4.8922,256836.73,13214.27,4.89,2023,6,2023-06
9519,24,121,8,29554.0,2023-04-27,718.35,5.015,28820.2,733.8,2.48,2023,4,2023-04
9551,45,133,9,16182.3,2024-08-11,381.67,5.5115,18932.17,-2749.87,-16.99,2024,8,2024-08
9552,16,55,13,1358342.3,2023-12-24,23326.09,4.8619,1474318.52,-115976.22,-8.54,2023,12,2023-12
9558,30,143,6,25288.05,2023-05-26,896.83,5.0114,26966.24,-1678.19,-6.64,2023,5,2023-05
9602,49,26,1,17283.0,2023-03-20,3412.88,5.2467,17906.36,-623.36,-3.61,2023,3,2023-03
9621,11,144,12,25241.5,2024-09-14,444.87,5.5717,29744.19,-4502.69,-17.84,2024,9,2024-09
9639,43,118,11,47466.0,2023-03-08,797.41,5.1387,45074.16,2391.84,5.04,2023,3,2023-03
9640,29,149,11,12160.0,2024-05-29,225.94,5.1972,12916.81,-756.81,-6.22,2024,5,2024-05
9663,43,69,12,543180.0,2023-01-12,8542.02,5.14,526871.79,16308.21,3.0,2023,1,2023-01
9677,12,56,11,472876.0,2024-04-30,8087.59,5.1718,460101.38,12774.62,2.7,2024,4,2024-04
9679,20,38,3,75413.85,2023-11-11,5439.42,4.9219,80316.84,-4902.99,-6.5,2023,11,2023-11
9686,2,11,11,398551.0,2023-03-20,6839.44,5.2467,394729.39,3821.61,0.96,2023,3,2023-03
9700,11,76,10,1407882.9,2023-11-13,27945.06,4.9247,1376210.37,31672.53,2.25,2023,11,2023-11
9740,46,6,10,112291.9,2024-12-15,1951.33,6.04,117860.33,-5568.43,-4.96,2024,12,2024-12
9749,1,17,10,140388.0,2024-06-16,2833.14,5.363,151941.3,-11553.3,-8.23,2024,6,2024-06
9758,3,32,5,62512.0,2024-12-11,2288.99,6.032,69035.94,-6523.94,-10.44,2024,12,2024-12
9789,2,86,14,1243857.8,2024-09-30,17824.79,5.4481,1359557.34,-115699.54,-9.3,2024,9,2024-09
9810,24,3,1,8572.8,2024-06-15,1753.77,5.363,9405.47,-832.67,-9.71,2024,6,2024-06
9812,40,66,7,83600.95,2024-11-21,2297.7,5.8173,93564.87,-9963.92,-11.92,2024,11,2024-11
9865,49,58,11,1197070.0,2024-07-13,20157.55,5.4529,1209088.15,-12018.15,-1.0,2024,7,2024-07
9872,6,140,6,17866.65,2024-05-10,612.49,5.1464,18912.71,-1046.06,-5.85,2024,5,2024-05
9913,12,37,9,51878.55,2024-11-18,1211.89,5.7603,62827.65,-10949.1,-21.11,2024,11,2024-11
9939,47,10,1,30431.35,2024-08-04,6547.91,5.7366,37562.74,-7131.39,-23.43,2024,8,2024-08
9942,36,46,3,14951.0,2024-01-04,1000.64,4.9188,14765.84,185.16,1.24,2024,1,2024-01
9960,32,108,15,50183.0,2024-03-20,688.83,5.012,51786.24,-1603.24,-3.19,2024,3,2024-03
9993,23,86,6,561139.0,2023-06-30,17824.79,4.8192,515407.37,45731.63,8.15,2023,6,2023-06
9997,38,123,2,5276.3,2023-06-20,535.37,4.793,5132.06,144.24,2.73,2023,6,2023-06
11,39,128,5,23254.0,2023-05-07,853.09,4.9696,21197.58,2056.42,8.84,2023,5,2023-05
26,19,147,14,40299.95,2024-05-10,592.19,5.1464,42667.05,-2367.1,-5.87,2024,5,2024-05
33,4,92,8,710833.0,2023-07-26,16745.97,4.7368,634578.49,76254.51,10.73,2023,7,2023-07
41,46,34,3,14753.0,2024-06-04,951.66,5.2687,15042.03,-289.03,-1.96,2024,6,2024-06
47,4,60,15,1631266.0,2024-02-04,22370.78,4.9471,1660057.29,-28791.29,-1.76,2024,2,2024-02
91,23,36,15,339021.0,2023-01-06,4221.25,5.2855,334671.25,4349.75,1.28,2023,1,2023-01
134,7,18,7,176706.65,2023-01-11,4834.43,5.202,176040.93,665.72,0.38,2023,1,2023-01
142,9,34,5,24588.0,2024-12-28,951.66,6.1991,29497.18,-4909.18,-19.97,2024,12,2024-12
174,42,16,6,180036.0,2023-01-09,5615.94,5.2967,178475.7,1560.3,0.87,2023,1,2023-01
179,41,76,14,1971036.25,2024-09-27,26819.81,5.4431,2043760.71,-72724.46,-3.69,2024,9,2024-09
199,2,99,11,1120936.35,2023-10-31,21330.89,5.0575,1186690.74,-65754.39,-5.87,2023,10,2023-10
200,20,44,7,71865.6,2023-10-20,1963.02,5.0528,69431.23,2434.37,3.39,2023,10,2023-10
204,22,138,8,31790.8,2024-08-24,836.88,5.5263,36998.8,-5208.0,-16.38,2024,8,2024-08
206,9,124,8,28651.05,2024-08-30,665.23,5.6562,30101.39,-1450.34,-5.06,2024,8,2024-08
207,10,51,15,914265.75,2024-01-09,12243.38,4.8937,898731.43,15534.32,1.7,2024,1,2024-01
217,22,112,13,26934.4,2023-10-19,435.58,5.054,28618.48,-1684.08,-6.25,2023,10,2023-10
219,9,115,14,11628.0,2023-02-11,160.69,5.2526,11816.56,-188.56,-1.62,2023,2,2023-02
240,47,91,10,1348860.0,2023-04-21,26303.31,5.0497,1328238.25,20621.75,1.53,2023,4,2023-04
258,49,7,3,55628.2,2024-09-12,3678.62,5.6554,62412.2,-6784.0,-12.2,2024,9,2024-09
279,1,71,12,1562089.0,2023-11-08,27484.92,4.8855,1611330.92,-49241.92,-3.15,2023,11,2023-11
284,37,85,13,476446.85,2023-06-28,7499.89,4.8563,473482.31,2964.54,0.62,2023,6,2023-06
287,3,42,5,28465.8,2023-11-05,1263.57,4.891,30900.6,-2434.8,-8.55,2023,11,2023-11
290,28,79,10,628394.6,2023-05-11,11724.63,4.9696,582667.21,45727.39,7.28,2023,5,2023-05
309,19,63,13,1728477.5,2023-09-23,27618.14,4.9131,1763978.89,-35501.39,-2.05,2023,9,2023-09
332,44,26,15,259248.0,2023-08-28,3412.88,4.8938,250529.28,8718.72,3.36,2023,8,2023-08
409,42,15,7,195298.0,2023-12-23,5267.98,4.8619,179286.74,16011.26,8.2,2023,12,2023-12
410,5,22,12,473434.0,2024-07-24,7630.67,5.6346,515949.28,-42515.28,-8.98,2024,7,2024-07
421,17,122,13,17192.0,2024-04-20,271.3,5.2269,18434.75,-1242.75,-7.23,2024,4,2024-04
425,23,90,11,826567.45,2023-01-14,14083.78,5.1146,792361.91,34205.54,4.14,2023,1,2023-01
451,42,54,13,1500955.35,2024-02-19,23191.9,4.9585,1494961.47,5993.88,0.4,2024,2,2024-02
489,33,124,9,32232.55,2023-11-15,725.63,4.8682,31792.61,439.94,1.36,2023,11,2023-11
501,31,24,14,325251.0,2024-05-01,4129.65,5.1718,299008.13,26242.87,8.07,2024,5,2024-05
514,34,100,4,418401.0,2023-11-23,19807.28,4.8931,387676.01,30724.99,7.34,2023,11,2023-11
538,29,141,1,4542.9,2024-12-13,972.86,6.04,5876.07,-1333.17,-29.35,2024,12,2024-12
549,27,9,10,397055.0,2024-10-10,7258.64,5.5819,405170.03,-8115.03,-2.04,2024,10,2024-10
578,27,125,3,10206.0,2024-11-20,646.27,5.7743,11195.27,-989.27,-9.69,2024,11,2024-11
584,6,49,2,25201.6,2023-06-03,2627.0,4.9558,26037.77,-836.17,-3.32,2023,6,2023-06
626,47,9,12,476466.0,2023-08-31,7933.96,4.9219,468601.89,7864.11,1.65,2023,8,2023-08
658,19,101,5,2201.15,2024-07-26,82.96,5.6465,2342.17,-141.02,-6.41,2024,7,2024-07
675,2,148,14,63648.1,2023-02-17,901.95,5.2012,65677.11,-2029.01,-3.19,2023,2,2023-02
690,43,71,6,781044.0,2024-07-23,27484.92,5.5807,920310.56,-139266.56,-17.83,2024,7,2024-07
697,27,106,4,16662.05,2024-04-20,918.37,5.2269,19200.91,-2538.86,-15.24,2024,4,2024-04
709,24,94,8,309706.65,2023-02-21,7181.14,5.2012,298804.36,10902.29,3.52,2023,2,2023-02
733,45,68,4,254208.6,2023-10-17,13998.43,5.0384,282118.76,-27910.16,-10.98,2023,10,2023-10
735,35,129,5,16331.0,2024-01-07,598.62,4.8899,14635.96,1695.04,10.38,2024,1,2024-01
808,46,123,2,5276.3,2024-04-30,535.37,5.1718,5537.65,-261.35,-4.95,2024,4,2024-04
872,10,126,1,2543.15,2024-10-31,467.05,5.7779,2698.57,-155.42,-6.11,2024,10,2024-10
884,25,17,5,66684.3,2023-06-29,2833.14,4.8584,68822.64,-2138.34,-3.21,2023,6,2023-06
889,45,17,15,210582.0,2024-03-31,2833.14,4.9962,212324.01,-1742.01,-0.83,2024,3,2024-03
896,5,48,3,44209.0,2023-04-03,2836.04,5.0637,43082.57,1126.43,2.55,2023,4,2023-04
925,28,74,8,657844.6,2023-11-28,17160.36,4.8867,670860.25,-13015.65,-1.98,2023,11,2023-11
926,38,144,5,10517.45,2023-07-20,422.52,4.7888,10116.82,400.63,3.81,2023,7,2023-07
931,32,92,3,253233.9,2023-06-09,16745.97,4.8922,245773.9,7460.0,2.95,2023,6,2023-06
948,34,75,9,294915.0,2023-12-11,6193.58,4.944,275589.54,19325.46,6.55,2023,12,2023-12
959,17,84,11,453779.85,2023-08-05,8663.64,4.8609,463243.96,-9464.11,-2.09,2023,8,2023-08
966,24,78,8,974092.0,2024-06-24,24425.59,5.4,1055185.49,-81093.49,-8.33,2024,6,2024-06
972,29,36,14,316419.0,2023-04-05,4221.25,5.0447,298129.16,18289.84,5.78,2023,4,2023-04
986,36,119,1,3256.0,2024-09-15,669.88,5.5717,3732.37,-476.37,-14.63,2024,9,2024-09
996,31,4,12,38553.85,2023-02-24,654.31,5.1791,40664.84,-2110.99,-5.48,2023,2,2023-02
998,29,57,14,1663068.0,2024-01-03,22497.79,4.9212,1550025.74,113042.26,6.8,2024,1,2024-01
1010,44,116,5,12234.1,2024-08-19,502.24,5.4237,13620.0,-1385.9,-11.33,2024,8,2024-08
1068,30,70,6,206133.0,2024-06-27,6655.06,5.5229,220531.39,-14398.39,-6.98,2024,6,2024-06
1077,45,84,9,390815.0,2024-12-27,8456.45,6.1991,471801.41,-80986.41,-20.72,2024,12,2024-12
1082,18,91,6,809316.0,2023-10-04,27671.77,5.1526,855489.37,-46173.37,-5.71,2023,10,2023-10
1086,33,32,15,187537.0,2024-06-04,2430.64,5.2687,192094.69,-4557.69,-2.43,2024,6,2024-06
1099,4,101,12,5282.95,2023-10-18,96.64,5.0568,5864.27,-581.32,-11.0,2023,10,2023-10
1168,45,25,6,69121.05,2024-08-15,2430.59,5.4651,79700.5,-10579.45,-15.31,2024,8,2024-08
1172,12,25,8,92161.4,2023-08-16,2389.36,4.9772,95138.58,-2977.18,-3.23,2023,8,2023-08
1178,11,60,9,978760.0,2023-02-10,19341.09,5.2526,914319.08,64440.92,6.58,2023,2,2023-02
1189,4,94,15,580699.85,2023-07-19,8022.13,4.8,577593.36,3106.49,0.53,2023,7,2023-07
1193,15,68,6,401383.0,2023-09-27,13998.43,5.0289,422380.23,-20997.23,-5.23,2023,9,2023-09
1198,42,133,11,20820.0,2023-06-08,348.47,4.9119,18828.15,1991.85,9.57,2023,6,2023-06
1207,45,89,5,393390.0,2024-08-06,14832.32,5.6528,419220.69,-25830.69,-6.57,2024,8,2024-08
1234,47,129,1,3102.7,2024-09-17,661.98,5.501,3641.55,-538.85,-17.37,2024,9,2024-09
1242,27,99,7,750867.0,2024-10-11,18977.86,5.6263,747425.94,3441.06,0.46,2024,10,2024-10
1265,25,89,3,224232.3,2023-09-17,14832.32,4.8689,216651.25,7581.05,3.38,2023,9,2023-09
1293,46,99,1,107267.0,2024-11-03,18977.86,5.8073,110210.13,-2943.13,-2.74,2024,11,2024-11
1336,2,3,5,45121.0,2023-10-28,1753.77,4.948,43388.27,1732.73,3.84,2023,10,2023-10
1354,13,48,11,153995.0,2023-04-30,2836.04,5.0007,156004.04,-2009.04,-1.3,2023,4,2023-04
1366,13,85,9,347208.0,2023-03-27,7499.89,5.2306,353060.32,-5852.32,-1.69,2023,3,2023-03
1403,31,3,10,90242.0,2023-12-30,1753.77,4.8413,84905.27,5336.73,5.91,2023,12,2023-12
1412,47,132,1,1484.85,2024-03-28,314.46,4.9962,1571.11,-86.26,-5.81,2024,3,2024-03
1432,26,57,1,118791.0,2024-11-16,23810.02,5.7885,137824.3,-19033.3,-16.02,2024,11,2024-11
1452,19,75,11,342429.4,2024-08-21,6193.58,5.4707,372715.4,-30286.0,-8.84,2024,8,2024-08
1477,33,144,3,6642.0,2024-06-04,444.87,5.2687,7031.66,-389.66,-5.87,2024,6,2024-06
1481,22,44,4,41065.65,2023-07-13,1963.02,4.8038,37719.82,3345.83,8.15,2023,7,2023-07
1482,36,99,15,1609000.0,2023-07-18,21330.89,4.804,1537103.93,71896.07,4.47,2023,7,2023-07
1493,10,26,11,190115.0,2024-06-21,3378.85,5.4416,202249.85,-12134.85,-6.38,2024,6,2024-06
1494,21,51,9,577431.0,2024-12-18,11769.05,6.1624,652730.34,-75299.34,-13.04,2024,12,2024-12
1511,26,150,14,21887.05,2023-05-02,321.31,5.0334,22641.94,-754.89,-3.45,2023,5,2023-05
1527,48,135,8,12498.2,2023-02-06,318.15,5.1763,13174.72,-676.52,-5.41,2023,2,2023-02
1528,35,98,3,238083.0,2023-02-15,15262.93,5.2243,239214.38,-1131.38,-0.48,2023,2,2023-02
1559,1,64,4,423720.9,2024-03-09,21352.22,4.9751,424917.72,-1196.82,-0.28,2024,3,2024-03
1610,3,74,15,1298378.0,2023-01-21,22250.99,5.1986,1735109.95,-436731.95,-33.64,2023,1,2023-01
1622,20,94,10,387132.6,2023-09-30,8022.13,5.0076,401716.18,-14583.58,-3.77,2023,9,2023-09
1634,24,110,1,2371.2,2023-06-20,476.03,4.793,2281.61,89.59,3.78,2023,6,2023-06
1643,10,36,10,214713.3,2023-08-08,4733.87,4.9217,232986.88,-18273.58,-8.51,2023,8,2023-08
1649,4,72,12,1136177.2,2023-11-11,30675.48,4.9219,1811779.74,-675602.54,-59.46,2023,11,2023-11
1657,48,128,4,18603.0,2023-03-13,853.09,5.24,17880.77,722.23,3.88,2023,3,2023-03
1659,9,107,10,15134.0,2023-04-23,295.48,5.0497,14920.85,213.15,1.41,2023,4,2023-04
1675,41,149,4,4654.0,2024-10-30,225.94,5.7801,5223.82,-569.82,-12.24,2024,10,2024-10
1684,16,61,1,28019.0,2023-12-08,5396.92,4.9158,26530.18,1488.82,5.31,2023,12,2023-12
1749,3,99,3,305710.0,2024-03-08,21330.89,4.9751,318369.93,-12659.93,-4.14,2024,3,2024-03
1792,45,78,10,1217616.0,2023-12-11,25349.04,4.944,1253256.54,-35640.54,-2.93,2023,12,2023-12
1794,26,68,3,190656.45,2024-08-04,13317.89,5.7366,229198.22,-38541.77,-20.22,2024,8,2024-08
1806,8,119,13,40209.7,2023-05-14,625.1,4.9234,40009.03,200.67,0.5,2023,5,2023-05
1828,23,124,15,56549.0,2023-10-31,725.63,5.0575,55048.11,1500.89,2.65,2023,10,2023-10
1832,5,56,1,42989.0,2023-01-03,8087.59,5.3759,43478.08,-489.08,-1.14,2023,1,2023-01
1833,21,74,6,519351.0,2024-11-10,17160.36,5.7648,593556.26,-74205.26,-14.29,2024,11,2024-11
1846,40,111,15,64278.0,2023-08-07,821.82,4.901,60416.1,3861.9,6.01,2023,8,2023-08
1884,5,117,14,54569.9,2024-10-01,823.4,5.4521,62849.63,-8279.73,-15.17,2024,10,2024-10
1916,48,16,9,256551.3,2024-02-24,6212.42,4.9851,278725.81,-22174.51,-8.64,2024,2,2024-02
1939,30,12,8,20718.55,2024-01-31,527.97,4.9535,20922.4,-203.85,-0.98,2024,1,2024-01
1950,17,117,15,61545.0,2023-10-26,823.4,5.0055,61822.93,-277.93,-0.45,2023,10,2023-10
1968,41,65,10,242798.15,2024-02-04,5225.24,4.9471,258497.85,-15699.7,-6.47,2024,2,2024-02
1978,31,3,5,45121.0,2024-05-06,1753.77,5.0727,44481.75,639.25,1.42,2024,5,2024-05
1979,36,82,11,539575.3,2024-04-08,9770.29,5.0421,541890.57,-2315.27,-0.43,2024,4,2024-04
1986,22,134,10,44817.2,2023-11-02,948.15,5.0194,47591.44,-2774.24,-6.19,2023,11,2023-11
2023,41,146,4,1984.0,2023-11-20,99.02,4.8723,1929.82,54.18,2.73,2023,11,2023-11
2025,13,60,8,826508.55,2023-09-25,22190.02,4.9606,880606.51,-54097.96,-6.55,2023,9,2023-09
2034,35,143,1,4436.0,2023-08-08,896.83,4.9217,4413.93,22.07,0.5,2023,8,2023-08
2043,37,51,11,670461.55,2023-03-04,12243.38,5.2037,700819.64,-30358.09,-4.53,2023,3,2023-03
2051,48,3,2,18048.0,2024-01-12,1753.77,4.8543,17026.65,1021.35,5.66,2024,1,2024-01
2064,7,20,7,215834.0,2024-02-24,5689.04,4.9851,198523.03,17310.97,8.02,2024,2,2024-02
2077,45,12,12,31078.3,2023-08-01,527.97,4.7752,30253.95,824.35,2.65,2023,8,2023-08
2078,27,53,3,152973.75,2024-11-06,9496.3,5.7648,164232.81,-11259.06,-7.36,2024,11,2024-11
2087,49,23,14,148675.95,2023-08-02,2108.74,4.8083,141952.36,6723.59,4.52,2023,8,2023-08
2121,12,107,10,14377.3,2023-04-16,295.48,4.9455,14612.96,-235.66,-1.64,2023,4,2023-04
2130,45,74,11,904536.8,2023-06-02,17160.36,4.9558,935476.43,-30939.63,-3.42,2023,6,2023-06
2137,16,65,14,339917.6,2024-06-20,4996.52,5.4254,379513.67,-39596.07,-11.65,2024,6,2024-06
2149,6,19,1,15610.4,2024-02-13,3358.13,4.9717,16695.61,-1085.21,-6.95,2024,2,2024-02
2150,14,23,12,134144.0,2024-10-06,2244.66,5.4686,147301.77,-13157.77,-9.81,2024,10,2024-10
2182,15,52,6,82225.0,2023-02-25,2634.69,5.1791,81871.94,353.06,0.43,2023,2,2023-02
2186,1,116,15,38633.0,2023-08-11,502.24,4.8918,36852.86,1780.14,4.61,2023,8,2023-08
2197,15,77,10,424694.65,2024-09-26,8959.75,5.4412,487517.92,-62823.27,-14.79,2024,9,2024-09
2207,45,79,4,264587.0,2024-09-19,11873.21,5.4189,257358.95,7228.05,2.73,2024,9,2024-09
2222,30,22,13,487242.65,2023-07-24,7630.67,4.7457,470767.32,16475.33,3.38,2023,7,2023-07
2225,23,142,10,8264.0,2023-03-16,160.09,5.2892,8467.48,-203.48,-2.46,2023,3,2023-03
2231,25,118,12,49191.95,2024-11-12,787.87,5.7694,54546.45,-5354.5,-10.88,2024,11,2024-11
2244,47,143,13,57674.0,2024-03-11,896.83,4.9777,58033.96,-359.96,-0.62,2024,3,2024-03
2259,28,71,8,989322.4,2023-12-20,27484.92,4.8766,1072263.69,-82941.29,-8.38,2023,12,2023-12
2269,1,59,4,331231.75,2023-03-14,16694.98,5.2362,349673.02,-18441.27,-5.57,2023,3,2023-03
2284,25,74,6,519351.0,2024-04-28,17160.36,5.1184,527001.52,-7650.52,-1.47,2024,4,2024-04
2285,48,27,4,62743.7,2023-01-22,3051.23,5.1986,63448.5,-704.8,-1.12,2023,1,2023-01
2287,34,100,15,1569004.0,2023-10-12,19807.28,5.0496,1500282.62,68721.38,4.38,2023,10,2023-10
2296,25,26,6,103699.0,2023-08-21,3412.88,4.9847,102073.1,1625.9,1.57,2023,8,2023-08
2408,41,7,1,19519.0,2024-01-06,3678.62,4.8899,17988.08,1530.92,7.84,2024,1,2024-01
2422,49,19,7,115026.0,2024-11-11,3358.13,5.798,136293.06,-21267.06,-18.49,2024,11,2024-11
2436,39,90,8,632779.0,2024-11-16,14571.29,5.7885,674767.3,-41988.3,-6.64,2024,11,2024-11
2437,26,7,6,111257.35,2023-09-27,3678.62,5.0289,110996.47,260.88,0.23,2023,9,2023-09
2488,29,72,4,398659.0,2024-02-17,30675.48,4.9761,610577.02,-211918.02,-53.16,2024,2,2024-02
2499,12,143,13,57674.0,2023-04-10,845.69,5.0834,55886.75,1787.25,3.1,2023,4,2023-04
2503,18,91,6,809316.0,2023-02-20,26303.31,5.2012,820852.66,-11536.66,-1.43,2023,2,2023-02
2538,20,76,2,296396.0,2023-03-14,27945.06,5.2362,292651.85,3744.15,1.26,2023,3,2023-03
2549,44,17,1,13337.05,2024-05-18,2833.14,5.1157,14493.49,-1156.44,-8.67,2024,5,2024-05
2561,36,55,12,1253853.7,2024-11-09,22138.68,5.7648,1531500.75,-277647.05,-22.14,2024,11,2024-11
2576,14,62,4,388443.6,2023-11-19,20000.78,4.8849,390807.24,-2363.64,-0.61,2023,11,2023-11
2598,21,116,10,24467.25,2024-04-12,502.24,5.1364,25797.06,-1329.81,-5.44,2024,4,2024-04
2610,6,89,11,822186.05,2024-09-17,14122.53,5.501,854568.41,-32382.36,-3.94,2024,9,2024-09
2638,2,9,6,226321.35,2024-12-31,7258.64,6.1923,269686.06,-43364.71,-19.16,2024,12,2024-12
2641,4,87,6,381101.05,2024-12-26,13597.7,6.1656,503027.87,-121926.82,-31.99,2024,12,2024-12
2661,39,105,10,3095.0,2023-10-27,62.64,4.948,3099.43,-4.43,-0.14,2023,10,2023-10
2666,16,15,3,83699.0,2024-09-30,5097.71,5.4481,83318.5,380.5,0.45,2024,9,2024-09
2688,1,4,1,3212.9,2023-10-31,654.31,5.0575,3309.17,-96.27,-3.0,2023,10,2023-10
2721,32,54,10,1215348.0,2024-10-01,23191.9,5.4521,1264445.58,-49097.58,-4.04,2024,10,2024-10
2747,23,33,11,73873.0,2024-09-12,1325.97,5.6554,82487.8,-8614.8,-11.66,2024,9,2024-09
2759,8,28,10,142586.0,2024-10-17,2776.74,5.6758,157602.21,-15016.21,-10.53,2024,10,2024-10
2782,35,65,2,51115.0,2024-08-01,4996.52,5.6681,56641.55,-5526.55,-10.81,2024,8,2024-08
2786,31,32,2,25005.0,2023-10-14,2560.62,5.0625,25926.28,-921.28,-3.68,2023,10,2023-10
2799,33,52,1,13018.8,2024-03-23,2634.69,4.9897,13146.31,-127.51,-0.98,2024,3,2024-03
2820,12,1,13,409063.35,2023-04-27,6360.91,5.015,414699.53,-5636.18,-1.38,2023,4,2023-04
2823,31,40,10,134748.0,2024-05-17,2867.26,5.1157,146680.42,-11932.42,-8.86,2024,5,2024-05
2832,24,65,5,127788.0,2023-10-07,5225.24,5.1918,135642.01,-7854.01,-6.15,2023,10,2023-10
2857,24,23,3,33536.0,2023-07-06,2108.74,4.8977,30983.93,2552.07,7.61,2023,7,2023-07
2864,27,20,6,175750.95,2024-05-02,5689.04,5.1184,174712.69,1038.26,0.59,2024,5,2024-05
2876,28,52,1,13704.0,2024-07-24,2634.69,5.6346,14845.42,-1141.42,-8.33,2024,7,2024-07
2877,26,29,7,255572.0,2023-10-17,7689.63,5.0384,271204.02,-15632.02,-6.12,2023,10,2023-10
2879,5,115,8,6312.75,2024-09-17,167.9,5.501,7388.94,-1076.19,-17.05,2024,9,2024-09
2881,18,133,11,20820.0,2023-04-10,348.47,5.0834,19485.54,1334.46,6.41,2023,4,2023-04
2902,14,116,2,5151.0,2023-04-01,502.24,5.0804,5103.16,47.84,0.93,2023,4,2023-04
2942,5,136,6,11841.0,2023-09-09,533.84,4.9835,15962.35,-4121.35,-34.81,2023,9,2023-09
2951,15,115,2,1661.0,2023-04-02,160.69,5.0804,1632.74,28.26,1.7,2023,4,2023-04
2957,8,16,4,114022.8,2024-04-08,6212.42,5.0421,125294.57,-11271.77,-9.89,2024,4,2024-04
2975,49,139,13,18523.0,2023-12-25,246.89,4.8619,15604.61,2918.39,15.76,2023,12,2023-12
3007,14,111,7,28497.15,2023-05-28,821.82,5.0114,28829.28,-332.13,-1.17,2023,5,2023-05
3016,17,91,15,2023290.0,2024-06-21,27671.77,5.4416,2258680.55,-235390.55,-11.63,2024,6,2024-06
3031,3,95,2,132635.2,2023-07-22,12945.63,4.7732,123584.16,9051.04,6.82,2023,7,2023-07
3045,9,12,6,15539.15,2024-11-09,481.53,5.7648,16655.54,-1116.39,-7.18,2024,11,2024-11
3059,4,29,13,450902.3,2024-08-12,7689.63,5.4911,548918.85,-98016.55,-21.74,2024,8,2024-08
3088,22,92,13,1097347.85,2023-06-12,16745.97,4.8832,1063060.97,34286.88,3.12,2023,6,2023-06
3098,15,97,3,385704.75,2023-11-30,25607.88,4.9355,379163.08,6541.67,1.7,2023,11,2023-11
3106,31,88,8,386692.0,2024-06-17,9896.1,5.413,428540.71,-41848.71,-10.82,2024,6,2024-06
3114,40,42,6,35957.0,2023-01-08,1263.57,5.2855,40071.6,-4114.6,-11.44,2023,1,2023-01
3140,16,85,5,183249.3,2024-08-31,7885.27,5.6562,223003.32,-39754.02,-21.69,2024,8,2024-08
3144,36,109,1,591.85,2024-03-31,169.23,4.9962,845.51,-253.66,-42.86,2024,3,2024-03
3154,19,149,3,3316.45,2023-04-05,225.94,5.0447,3419.4,-102.95,-3.1,2023,4,2023-04
3156,39,52,13,178153.0,2023-02-19,2634.69,5.2012,178146.15,6.85,0.0,2023,2,2023-02
3174,23,38,15,396917.0,2024-05-04,5439.42,5.0668,413406.8,-16489.8,-4.15,2024,5,2024-05
3185,44,89,4,314712.0,2023-05-30,14832.32,5.0593,300164.63,14547.37,4.62,2023,5,2023-05
3216,33,106,14,61388.0,2023-10-08,918.37,5.1918,66751.91,-5363.91,-8.74,2023,10,2023-10
3270,45,57,6,677105.85,2023-03-05,22497.79,5.2037,702430.5,-25324.65,-3.74,2023,3,2023-03
3282,39,42,9,53936.0,2024-05-12,1263.57,5.1464,58525.53,-4589.53,-8.51,2024,5,2024-05
3291,13,74,10,865586.0,2023-01-03,22250.99,5.3759,1196190.97,-330604.97,-38.19,2023,1,2023-01
3294,45,133,7,12586.55,2023-04-24,348.47,5.0595,12341.59,244.96,1.95,2023,4,2023-04
3340,3,107,2,2875.65,2024-03-16,311.59,4.9937,3111.97,-236.32,-8.22,2024,3,2024-03
3341,16,34,11,51388.35,2024-09-12,951.66,5.6554,59202.2,-7813.85,-15.21,2024,9,2024-09
3363,9,112,7,14503.65,2024-12-13,406.44,6.04,17184.28,-2680.63,-18.48,2024,12,2024-12
3400,44,20,1,30833.0,2023-03-11,5689.04,5.1822,29481.74,1351.26,4.38,2023,3,2023-03
3411,20,69,2,86003.5,2023-10-16,9219.51,5.0618,93334.63,-7331.13,-8.52,2023,10,2023-10
3422,29,142,5,4132.0,2024-02-25,169.88,4.9851,4234.34,-102.34,-2.48,2024,2,2024-02
3423,39,131,15,14454.0,2023-02-05,185.47,5.103,14196.8,257.2,1.78,2023,2,2023-02
3428,10,138,10,39738.5,2024-10-29,836.88,5.714,47819.32,-8080.82,-20.33,2024,10,2024-10
3440,48,139,14,19948.0,2023-03-08,246.89,5.1387,17761.71,2186.29,10.96,2023,3,2023-03
3452,24,73,8,1088015.05,2023-09-03,27541.35,4.9318,1086627.44,1387.61,0.13,2023,9,2023-09
3483,4,37,5,30339.0,2023-11-30,1211.89,4.9355,29906.42,432.58,1.43,2023,11,2023-11
3486,33,110,2,4991.0,2023-04-21,476.03,5.0497,4807.62,183.38,3.67,2023,4,2023-04
3503,22,55,1,104487.65,2024-07-05,22138.68,5.497,121696.32,-17208.67,-16.47,2024,7,2024-07
3524,46,88,12,580038.0,2024-02-21,9896.1,4.9303,585488.9,-5450.9,-0.94,2024,2,2024-02
3530,4,73,1,136002.0,2023-11-30,27541.35,4.9355,135930.33,71.67,0.05,2023,11,2023-11
3549,10,53,13,662886.25,2023-01-01,9958.63,5.3436,691794.16,-28907.91,-4.36,2023,1,2023-01
3552,18,17,15,200052.9,2024-11-04,2833.14,5.7898,246049.71,-45996.81,-22.99,2024,11,2024-11
3563,7,29,1,36510.0,2024-08-26,7689.63,5.4921,42232.22,-5722.22,-15.67,2024,8,2024-08
3564,37,117,10,41030.0,2023-07-07,823.4,4.8799,40181.1,848.9,2.07,2023,7,2023-07
3567,18,78,13,1503755.0,2023-09-30,25349.04,5.0076,1650192.09,-146437.09,-9.74,2023,9,2023-09
3573,3,103,11,19681.0,2023-09-24,341.7,4.9131,18466.87,1214.13,6.17,2023,9,2023-09
3590,32,131,3,2891.0,2024-05-25,196.2,5.1508,3031.76,-140.76,-4.87,2024,5,2024-05
3602,47,91,15,1922125.5,2024-05-12,27671.77,5.1464,2136149.96,-214024.46,-11.13,2024,5,2024-05
3609,21,38,9,238150.0,2023-05-21,5097.21,4.9858,228723.03,9426.97,3.96,2023,5,2023-05
3613,31,148,7,31824.05,2024-08-20,885.1,5.4547,33795.68,-1971.63,-6.2,2024,8,2024-08
3665,36,127,14,21691.0,2024-09-06,296.24,5.5702,23101.62,-1410.62,-6.5,2024,9,2024-09
3675,25,122,14,18515.0,2024-05-19,271.3,5.1157,19430.45,-915.45,-4.94,2024,5,2024-05
3677,7,66,15,179145.3,2024-08-12,2297.7,5.4911,189253.51,-10108.21,-5.64,2024,8,2024-08
3700,20,2,8,106385.75,2023-08-30,2829.74,4.8653,110140.27,-3754.52,-3.53,2023,8,2023-08
3710,4,136,6,11841.0,2023-08-10,533.84,4.8518,15540.51,-3699.51,-31.24,2023,8,2023-08
3718,41,17,2,26674.1,2023-10-18,2833.14,5.0568,28653.24,-1979.14,-7.42,2023,10,2023-10
3722,12,119,11,34023.3,2024-12-27,669.88,6.1991,45679.18,-11655.88,-34.26,2024,12,2024-12
3735,41,17,9,126349.0,2023-08-11,2833.14,4.8918,124732.39,1616.61,1.28,2023,8,2023-08
3811,34,10,11,334744.85,2024-04-16,6547.91,5.2635,379114.17,-44369.32,-13.25,2024,4,2024-04
3818,14,66,2,23885.85,2024-11-25,2297.7,5.8002,26654.24,-2768.39,-11.59,2024,11,2024-11
3832,9,133,10,18927.0,2024-12-04,381.67,6.0581,23121.95,-4194.95,-22.16,2024,12,2024-12
3850,5,124,13,46558.55,2023-10-26,725.63,5.0055,47217.83,-659.28,-1.42,2023,10,2023-10
3855,23,46,9,42611.3,2023-07-09,1007.47,4.8799,44247.18,-1635.88,-3.84,2023,7,2023-07
3860,14,9,10,377202.25,2024-01-09,7933.96,4.8937,388264.2,-11061.95,-2.93,2024,1,2024-01
3867,30,62,3,306666.0,2024-03-24,20000.78,4.9897,299393.68,7272.32,2.37,2024,3,2024-03
3871,47,58,9,930449.95,2024-11-26,19694.26,5.799,1027863.12,-97413.17,-10.47,2024,11,2024-11
3951,34,103,10,16997.4,2024-10-24,326.91,5.7087,18662.31,-1664.91,-9.8,2024,10,2024-10
3965,22,21,14,122284.0,2023-12-10,1674.22,4.9158,115221.83,7062.17,5.78,2023,12,2023-12
4004,25,61,14,372647.95,2023-08-08,5396.92,4.9217,371868.3,779.65,0.21,2023,8,2023-08
4006,35,91,9,1153275.3,2023-01-13,26303.31,5.1146,1210778.18,-57502.88,-4.99,2023,1,2023-01
4041,18,62,3,306666.0,2023-04-25,20000.78,5.0613,303689.84,2976.16,0.97,2023,4,2023-04
4042,41,4,7,22489.35,2023-09-09,654.31,4.9835,22825.28,-335.93,-1.49,2023,9,2023-09
4047,24,107,6,9080.0,2023-08-07,295.48,4.901,8688.88,391.12,4.31,2023,8,2023-08
4060,48,67,3,244498.65,2023-05-31,16720.73,5.0959,255621.5,-11122.85,-4.55,2023,5,2023-05
4068,21,137,12,38594.7,2023-11-19,619.79,4.8849,36331.35,2263.35,5.86,2023,11,2023-11
4069,12,142,9,7066.1,2023-09-24,169.88,4.9131,7511.74,-445.64,-6.31,2023,9,2023-09
4091,26,100,4,397480.95,2024-12-20,19807.28,6.078,481554.59,-84073.64,-21.15,2024,12,2024-12
4129,35,91,4,512566.8,2023-05-13,26303.31,4.9234,518006.87,-5440.07,-1.06,2023,5,2023-05
4132,20,40,12,161697.6,2024-01-25,2881.94,4.9232,170260.4,-8562.8,-5.3,2024,1,2024-01
4146,13,144,1,2214.0,2023-05-26,422.52,5.0114,2117.42,96.58,4.36,2023,5,2023-05
4186,49,97,12,1542819.95,2024-06-25,25607.88,5.429,1668302.17,-125482.22,-8.13,2024,6,2024-06
4191,46,28,3,42776.0,2024-03-29,2921.84,4.9962,43794.29,-1018.29,-2.38,2024,3,2024-03
4213,45,107,7,10064.3,2023-08-03,295.48,4.8797,10092.98,-28.68,-0.28,2023,8,2023-08
4214,20,108,11,36801.0,2023-11-15,653.47,4.8682,34993.45,1807.55,4.91,2023,11,2023-11
4233,9,65,13,315637.5,2023-12-25,5225.24,4.8619,330259.73,-14622.23,-4.63,2023,12,2023-12
4263,1,74,15,1233459.1,2023-05-31,17160.36,5.0959,1311712.18,-78253.08,-6.34,2023,5,2023-05
4268,18,71,4,494661.2,2023-05-20,25647.03,4.9858,511483.85,-16822.65,-3.4,2023,5,2023-05
4309,13,93,11,1105247.0,2024-03-30,19409.47,4.9962,1066709.53,38537.47,3.49,2024,3,2024-03
4311,35,20,4,117167.3,2024-01-31,5689.04,4.9535,112722.64,4444.66,3.79,2024,1,2024-01
4342,19,28,6,81273.45,2024-10-20,2776.74,5.6672,94418.05,-13144.6,-16.17,2024,10,2024-10
4345,47,42,13,77907.0,2023-05-31,1263.57,5.0959,83707.34,-5800.34,-7.45,2023,5,2023-05
4351,49,49,8,106114.0,2024-04-11,2627.0,5.0765,106687.72,-573.72,-0.54,2024,4,2024-04
4384,49,4,5,16909.0,2024-03-26,679.13,4.987,16934.11,-25.11,-0.15,2024,3,2024-03
4397,8,43,9,300078.4,2023-08-28,6219.32,4.8938,273924.97,26153.43,8.72,2023,8,2023-08
4417,23,40,14,198577.0,2023-02-15,2757.45,5.2243,201680.44,-3103.44,-1.56,2023,2,2023-02
4434,19,103,2,3578.0,2024-10-20,326.91,5.6672,3705.33,-127.33,-3.56,2024,10,2024-10
4445,42,115,4,3155.9,2024-04-23,167.9,5.1626,3467.2,-311.3,-9.86,2024,4,2024-04
4480,7,142,4,3306.0,2023-04-10,160.09,5.0834,3255.21,50.79,1.54,2023,4,2023-04
4486,49,61,10,266176.7,2023-09-06,5396.92,4.9762,268561.53,-2384.83,-0.9,2023,9,2023-09
4501,13,100,12,1192442.85,2024-11-09,19807.28,5.7648,1370220.09,-177777.24,-14.91,2024,11,2024-11
4505,35,119,7,22791.0,2023-07-05,625.1,4.8577,21255.84,1535.16,6.74,2023,7,2023-07
4526,4,45,9,89133.0,2023-05-14,1881.33,4.9234,83362.86,5770.14,6.47,2023,5,2023-05
4544,6,51,3,182853.15,2024-10-05,11769.05,5.4686,193080.68,-10227.53,-5.59,2024,10,2024-10
4550,37,7,9,166885.55,2023-02-19,3678.62,5.2012,172199.15,-5313.6,-3.18,2023,2,2023-02
4556,4,26,13,224681.0,2023-06-19,3412.88,4.7803,212089.67,12591.33,5.6,2023,6,2023-06
4580,8,137,4,12864.9,2024-03-05,619.79,4.9488,12268.87,596.03,4.63,2024,3,2024-03
4588,4,150,7,10944.0,2023-03-31,321.31,5.0804,11426.68,-482.68,-4.41,2023,3,2023-03
4650,46,139,7,9475.3,2024-03-07,246.89,4.9364,8531.23,944.07,9.96,2024,3,2024-03
4653,43,80,4,491050.25,2023-10-19,24177.04,5.054,488763.04,2287.21,0.47,2023,10,2023-10
4655,29,73,1,143160.0,2023-09-26,27541.35,4.9717,136927.33,6232.67,4.35,2023,9,2023-09
4686,49,45,11,103493.95,2024-03-12,1881.33,4.9813,103086.16,407.79,0.39,2024,3,2024-03
4703,9,36,2,42942.85,2024-10-10,4476.41,5.5819,49973.75,-7030.9,-16.37,2024,10,2024-10
4705,39,60,4,413253.8,2023-08-09,22190.02,4.9015,435057.53,-21803.73,-5.28,2023,8,2023-08
4710,29,128,4,17672.85,2023-09-04,853.09,4.9176,16780.62,892.23,5.05,2023,9,2023-09
4715,3,70,3,103066.0,2023-11-05,6655.06,4.891,97649.7,5416.3,5.26,2023,11,2023-11
4738,49,132,5,7424.25,2024-02-01,276.61,4.935,6825.35,598.9,8.07,2024,2,2024-02
4764,45,48,9,125995.65,2023-03-27,2836.04,5.2306,133507.72,-7512.07,-5.96,2023,3,2023-03
4781,15,106,8,35079.0,2023-10-26,918.37,5.0055,36775.21,-1696.21,-4.84,2023,10,2023-10
4797,29,14,14,501355.0,2024-07-20,6832.87,5.5543,531325.34,-29970.34,-5.98,2024,7,2024-07
4864,10,143,2,8873.0,2023-12-16,896.83,4.9397,8860.14,12.86,0.14,2023,12,2023-12
4908,6,71,3,370995.9,2023-09-07,27484.92,4.9762,410311.38,-39315.48,-10.6,2023,9,2023-09
4911,8,8,11,54826.0,2024-01-15,1006.07,4.8765,53967.1,858.9,1.57,2024,1,2024-01
4933,45,51,12,731412.6,2024-02-15,12243.38,4.971,730342.1,1070.5,0.15,2024,2,2024-02
4937,12,63,7,930718.8,2024-08-16,27618.14,5.4632,1056183.96,-125465.16,-13.48,2024,8,2024-08
4951,15,74,4,346234.0,2024-03-20,17160.36,5.012,344030.9,2203.1,0.64,2024,3,2024-03
4990,27,2,2,26596.2,2024-08-18,2829.74,5.4632,30918.87,-4322.67,-16.25,2024,8,2024-08
5008,21,122,14,17589.25,2024-11-08,271.3,5.7648,21895.86,-4306.61,-24.48,2024,11,2024-11
5019,41,109,8,4982.0,2024-12-20,123.24,6.078,5992.42,-1010.42,-20.28,2024,12,2024-12
5038,33,93,7,668172.05,2024-06-25,19072.72,5.429,724820.58,-56648.53,-8.48,2024,6,2024-06
5056,13,118,11,45092.7,2023-09-16,797.41,4.8689,42707.61,2385.09,5.29,2023,9,2023-09
5057,37,5,7,165683.0,2024-06-29,4752.24,5.5589,184920.59,-19237.59,-11.61,2024,6,2024-06
5081,36,82,5,258170.0,2023-07-20,9770.29,4.7888,233939.82,24230.18,9.39,2023,7,2023-07
5090,48,140,14,43884.0,2024-09-28,612.49,5.4431,46673.82,-2789.82,-6.36,2024,9,2024-09
5095,6,137,4,12864.9,2024-11-17,673.98,5.7885,15605.33,-2740.43,-21.3,2024,11,2024-11
5107,39,81,2,244297.0,2024-07-30,23685.5,5.6532,267797.74,-23500.74,-9.62,2024,7,2024-07
5113,32,116,3,7727.0,2024-11-14,502.24,5.7885,8721.65,-994.65,-12.87,2024,11,2024-11
5118,11,130,8,31495.35,2023-12-23,859.48,4.8619,33429.65,-1934.3,-6.14,2023,12,2023-12
5134,48,69,9,407385.0,2024-03-04,9219.51,4.9475,410521.73,-3136.73,-0.77,2024,3,2024-03
5159,20,76,10,1407882.9,2024-12-05,26819.81,5.9849,1605138.81,-197255.91,-14.01,2024,12,2024-12
5170,27,27,1,16511.0,2023-02-09,3051.23,5.2315,15962.51,548.49,3.32,2023,2,2023-02
5182,12,85,3,109949.2,2023-04-13,7499.89,4.9097,110466.63,-517.43,-0.47,2023,4,2023-04
5196,47,74,5,432793.0,2024-01-02,17160.36,4.8916,419708.08,13084.92,3.02,2024,1,2024-01
5212,29,119,2,6186.4,2023-08-07,669.88,4.901,6566.16,-379.76,-6.14,2023,8,2023-08
5216,40,95,1,66317.6,2023-03-02,12945.63,5.208,67420.84,-1103.24,-1.66,2023,3,2023-03
5241,9,116,12,30906.0,2023-06-26,502.24,4.7698,28747.01,2158.99,6.99,2023,6,2023-06
5248,6,74,3,259676.0,2024-10-27,17160.36,5.6969,293282.56,-33606.56,-12.94,2024,10,2024-10
5253,46,112,2,4143.9,2023-07-25,398.23,4.7496,3782.87,361.03,8.71,2023,7,2023-07
5265,2,85,15,578680.0,2023-03-23,7499.89,5.2632,592101.32,-13421.32,-2.32,2023,3,2023-03
5270,45,52,7,91132.55,2024-05-22,2634.69,5.1502,94984.26,-3851.71,-4.23,2024,5,2024-05
5295,24,140,13,40750.0,2024-03-18,586.81,5.0124,38237.24,2512.76,6.17,2024,3,2024-03
5301,21,64,12,1271163.65,2024-04-24,21352.22,5.1592,1321924.48,-50760.83,-3.99,2024,4,2024-04
5311,19,55,15,1649808.0,2023-06-17,23326.09,4.8286,1689485.37,-39677.37,-2.4,2023,6,2023-06
5333,24,79,7,439876.6,2023-12-05,11724.63,4.9522,406438.99,33437.61,7.6,2023,12,2023-12
5370,18,16,5,150030.0,2024-07-09,5491.48,5.4387,149332.56,697.44,0.46,2024,7,2024-07
5377,4,67,3,244498.65,2023-08-08,16720.73,4.9217,246883.25,-2384.6,-0.98,2023,8,2023-08
5388,41,150,8,12506.75,2023-11-29,326.88,4.8933,12796.18,-289.43,-2.31,2023,11,2023-11
5396,12,41,2,20140.0,2024-05-15,2005.71,5.1423,20627.93,-487.93,-2.42,2024,5,2024-05
5414,32,51,15,962385.0,2023-10-30,12243.38,5.0074,919612.52,42772.48,4.44,2023,10,2023-10
5417,24,90,8,601140.05,2023-11-20,14083.78,4.8723,548963.21,52176.84,8.68,2023,11,2023-11
5460,1,11,6,217391.0,2024-08-11,7246.24,5.5115,239625.91,-22234.91,-10.23,2024,8,2024-08
5467,45,50,13,146588.0,2023-06-22,2179.61,4.775,135299.29,11288.71,7.7,2023,6,2023-06
5479,44,130,10,39368.95,2023-08-06,859.48,4.8609,41778.46,-2409.51,-6.12,2023,8,2023-08
5482,19,122,1,1322.0,2023-11-21,271.3,4.8806,1324.11,-2.11,-0.16,2023,11,2023-11
5517,38,9,6,226321.35,2024-05-15,7544.56,5.1423,232778.35,-6457.0,-2.85,2024,5,2024-05
5541,20,135,11,18090.0,2023-12-25,328.1,4.8619,17547.08,542.92,3.0,2023,12,2023-12
5546,25,7,7,129799.45,2024-07-30,3678.62,5.6532,145571.82,-15772.37,-12.15,2024,7,2024-07
5620,32,105,12,3528.3,2023-07-06,62.64,4.8977,3681.5,-153.2,-4.34,2023,7,2023-07
5623,37,70,4,130550.9,2024-08-07,6083.51,5.6093,136496.93,-5946.03,-4.55,2024,8,2024-08
5684,36,143,12,50575.15,2024-10-05,896.83,5.4686,58852.85,-8277.7,-16.37,2024,10,2024-10
5701,48,54,15,1731870.9,2023-04-11,23191.9,5.0128,1743845.34,-11974.44,-0.69,2023,4,2023-04
5727,41,126,9,22889.3,2023-08-28,467.05,4.8938,20570.84,2318.46,10.13,2023,8,2023-08
5736,15,100,14,1391182.85,2024-07-17,19807.28,5.467,1516009.6,-124826.75,-8.97,2024,7,2024-07
5739,49,108,6,20073.0,2024-04-01,688.83,5.0532,20884.77,-811.77,-4.04,2024,4,2024-04
5755,14,16,9,256551.3,2024-03-11,6212.42,4.9777,278312.07,-21760.77,-8.48,2024,3,2024-03
5763,20,22,4,157811.0,2023-04-09,7630.67,5.0683,154698.1,3112.9,1.97,2023,4,2023-04
5765,10,124,12,45239.0,2024-11-19,665.23,5.7743,46094.85,-855.85,-1.89,2024,11,2024-11
5775,16,39,8,237063.0,2023-01-03,5270.87,5.3759,226685.36,10377.64,4.38,2023,1,2023-01
5800,28,90,11,870071.0,2024-12-14,14571.29,6.04,968116.51,-98045.51,-11.27,2024,12,2024-12
5824,17,27,9,141172.85,2023-04-22,3051.23,5.0497,138670.17,2502.68,1.77,2023,4,2023-04
5856,37,46,13,64789.0,2024-01-19,1000.64,4.9223,64030.85,758.15,1.17,2024,1,2024-01
5869,19,142,6,4710.1,2024-05-19,169.88,5.1157,5214.33,-504.23,-10.71,2024,5,2024-05
5896,35,131,8,7709.0,2023-03-01,185.47,5.207,7725.94,-16.94,-0.22,2023,3,2023-03
5945,12,135,10,16445.0,2024-04-16,328.1,5.2635,17269.54,-824.54,-5.01,2024,4,2024-04
5948,9,90,1,75142.15,2024-08-14,14571.29,5.4502,79416.44,-4274.29,-5.69,2024,8,2024-08
5960,30,75,7,229379.0,2023-06-13,6193.58,4.8533,210415.11,18963.89,8.27,2023,6,2023-06
5974,36,69,11,473019.25,2024-02-09,9219.51,4.9717,504203.02,-31183.77,-6.59,2024,2,2024-02
5978,20,143,3,13309.0,2023-07-09,896.83,4.8799,13129.32,179.68,1.35,2023,7,2023-07
5982,39,85,12,439796.8,2024-09-02,7885.27,5.623,532066.48,-92269.68,-20.98,2024,9,2024-09
5993,9,73,5,715800.0,2024-09-01,26171.36,5.6562,740152.23,-24352.23,-3.4,2024,9,2024-09
6011,19,72,12,1195976.0,2023-10-17,30675.48,5.0384,1854664.06,-658688.06,-55.08,2023,10,2023-10
6015,9,134,3,14153.0,2023-08-24,899.33,4.8748,13152.16,1000.84,7.07,2023,8,2023-08
6019,26,72,7,697652.0,2024-05-15,30675.48,5.1423,1104197.65,-406545.65,-58.27,2024,5,2024-05
6024,33,103,1,1789.0,2023-10-20,341.7,5.0528,1726.54,62.46,3.49,2023,10,2023-10
6032,21,25,14,161281.5,2024-04-01,2430.59,5.0532,171951.6,-10670.1,-6.62,2024,4,2024-04
6045,14,132,8,12504.0,2024-08-11,314.46,5.5115,13865.17,-1361.17,-10.89,2024,8,2024-08
6054,37,140,10,31346.0,2024-12-29,612.49,6.1991,37968.87,-6622.87,-21.13,2024,12,2024-12
6063,24,104,9,31746.15,2024-12-29,742.54,6.1991,41427.72,-9681.57,-30.5,2024,12,2024-12
6069,43,134,15,70764.0,2023-06-29,899.33,4.8584,65539.57,5224.43,7.38,2023,6,2023-06
6114,41,19,2,31221.75,2024-09-23,3358.13,5.5446,37238.98,-6017.23,-19.27,2024,9,2024-09
6131,49,29,13,474634.0,2023-10-31,7689.63,5.0575,505573.95,-30939.95,-6.52,2023,10,2023-10
6132,32,125,12,40825.0,2023-07-28,646.27,4.7253,36645.84,4179.16,10.24,2023,7,2023-07
6189,30,147,11,31664.45,2023-08-08,592.19,4.9217,32060.4,-395.95,-1.25,2023,8,2023-08
6197,3,15,2,53010.0,2023-07-25,5267.98,4.7496,50041.6,2968.4,5.6,2023,7,2023-07
6204,27,56,8,326714.5,2024-06-07,8087.59,5.2802,341632.74,-14918.24,-4.57,2024,6,2024-06
6205,41,81,11,1276451.35,2023-02-26,23345.09,5.1791,1329972.11,-53520.76,-4.19,2023,2,2023-02
6219,39,128,12,53018.55,2024-01-24,853.09,4.9192,50358.24,2660.31,5.02,2024,1,2024-01
6256,34,120,11,32650.55,2024-01-08,635.45,4.885,34145.91,-1495.36,-4.58,2024,1,2024-01
6286,21,114,15,11389.55,2023-01-20,144.69,5.1986,11282.78,106.77,0.94,2023,1,2023-01
6292,27,101,7,3244.0,2024-07-12,82.96,5.4529,3166.61,77.39,2.39,2024,7,2024-07
6305,1,65,3,76673.0,2023-08-16,5225.24,4.9772,78021.19,-1348.19,-1.76,2023,8,2023-08
6308,5,140,11,32756.0,2023-06-21,586.81,4.7795,30851.24,1904.76,5.81,2023,6,2023-06
6331,21,28,2,27091.15,2024-02-01,2921.84,4.935,28838.56,-1747.41,-6.45,2024,2,2024-02
6339,29,108,5,15891.6,2024-05-17,688.83,5.1157,17619.24,-1727.64,-10.87,2024,5,2024-05
6361,25,55,11,1209859.0,2024-02-05,23326.09,5.0053,1284294.86,-74435.86,-6.15,2024,2,2024-02
6364,28,97,9,1218016.0,2023-05-31,25607.88,5.0959,1174456.76,43559.24,3.58,2023,5,2023-05
6385,47,69,4,172007.0,2024-09-27,8620.92,5.4431,187698.12,-15691.12,-9.12,2024,9,2024-09
6405,19,87,8,508135.05,2024-04-04,13597.7,5.0237,546486.12,-38351.07,-7.55,2024,4,2024-04
6414,17,29,6,208108.9,2024-02-26,7689.63,4.9819,229853.81,-21744.91,-10.45,2024,2,2024-02
6420,3,112,2,4362.0,2024-04-07,430.01,5.052,4344.82,17.18,0.39,2024,4,2024-04
6427,16,59,3,261498.0,2023-06-01,16694.98,5.035,252177.67,9320.33,3.56,2023,6,2023-06
6437,34,59,7,579654.85,2024-09-06,15467.88,5.5702,603114.3,-23459.45,-4.05,2024,9,2024-09
6473,28,112,2,4143.9,2023-05-06,398.23,4.9696,3958.09,185.81,4.48,2023,5,2023-05
6478,14,69,6,271590.0,2024-09-10,8620.92,5.6254,290976.74,-19386.74,-7.14,2024,9,2024-09
6495,28,58,14,1523544.0,2023-05-23,20157.55,4.9674,1401828.59,121715.41,7.99,2023,5,2023-05
6505,36,7,10,195188.0,2023-12-27,3678.62,4.8306,177699.42,17488.58,8.96,2023,12,2023-12
6525,7,83,7,943627.0,2024-06-27,35839.7,5.5229,1385573.55,-441946.55,-46.83,2024,6,2024-06
6548,41,1,5,157332.35,2023-07-13,6360.91,4.8038,152782.7,4549.65,2.89,2023,7,2023-07
6550,41,133,2,3595.75,2024-05-27,381.67,5.1704,3946.77,-351.02,-9.76,2024,5,2024-05
6553,47,116,10,25755.0,2024-02-05,502.24,5.0053,25138.62,616.38,2.39,2024,2,2024-02
6556,46,102,4,3328.0,2024-10-14,199.93,5.6045,4482.03,-1154.03,-34.68,2024,10,2024-10
6574,27,8,8,39873.0,2024-09-14,947.05,5.5717,42213.43,-2340.43,-5.87,2024,9,2024-09
6583,25,9,9,357350.0,2024-11-01,7258.64,5.8073,379377.9,-22027.9,-6.16,2024,11,2024-11
6605,16,65,8,194238.9,2023-05-10,5008.66,4.9547,198531.26,-4292.36,-2.21,2023,5,2023-05
6635,39,88,10,459196.75,2023-07-28,9954.59,4.7253,470384.24,-11187.49,-2.44,2023,7,2023-07
6639,34,119,8,24744.65,2024-03-07,669.88,4.9364,26454.37,-1709.72,-6.91,2024,3,2024-03
6647,24,143,4,16858.7,2023-06-14,896.83,4.8462,17384.87,-526.17,-3.12,2023,6,2023-06
6650,31,47,11,67353.0,2023-11-05,1496.29,4.891,80501.9,-13148.9,-19.52,2023,11,2023-11
6657,16,14,13,465544.0,2024-05-29,7068.63,5.1972,477582.09,-12038.09,-2.59,2024,5,2024-05
6677,28,125,4,13608.0,2024-10-05,646.27,5.4686,14136.77,-528.77,-3.89,2024,10,2024-10
6690,33,43,1,35097.0,2024-09-28,6219.32,5.4431,33852.38,1244.62,3.55,2024,9,2024-09
6696,21,37,12,72813.0,2024-03-04,1211.89,4.9475,71949.91,863.09,1.19,2024,3,2024-03
6730,1,68,11,699074.6,2024-11-01,13317.89,5.8073,850750.81,-151676.21,-21.7,2024,11,2024-11
6746,3,133,2,3595.75,2023-01-30,348.47,5.0959,3551.54,44.21,1.23,2023,1,2023-01
6760,6,117,12,46774.2,2024-11-08,823.4,5.7648,56960.84,-10186.64,-21.78,2024,11,2024-11
6762,39,30,12,367625.3,2024-09-20,6558.44,5.4775,431086.26,-63460.96,-17.26,2024,9,2024-09
6768,1,11,4,144928.0,2023-01-04,6733.8,5.4459,146686.41,-1758.41,-1.21,2023,1,2023-01
6782,3,149,3,3491.0,2024-08-09,225.94,5.5115,3735.8,-244.8,-7.01,2024,8,2024-08
6792,12,26,7,120982.0,2023-07-16,3412.88,4.7957,114570.04,6411.96,5.3,2023,7,2023-07
6798,5,120,8,23746.2,2023-08-23,586.85,4.8977,22993.72,752.48,3.17,2023,8,2023-08
6847,48,106,7,29159.3,2024-11-28,918.37,5.9871,38488.61,-9329.31,-31.99,2024,11,2024-11
6867,7,7,14,273263.0,2024-01-24,3678.62,4.9192,253342.15,19920.85,7.29,2024,1,2024-01
6871,36,139,7,9475.3,2023-11-09,246.89,4.9007,8469.54,1005.76,10.61,2023,11,2023-11
6879,4,34,9,44258.0,2024-11-23,951.66,5.8124,49782.86,-5524.86,-12.48,2024,11,2024-11
6880,8,56,15,612590.4,2023-07-29,8087.59,4.7253,573244.34,39346.06,6.42,2023,7,2023-07
6884,33,13,15,110395.7,2023-01-28,1356.5,5.0767,103298.15,7097.55,6.43,2023,1,2023-01
6895,18,87,13,825720.05,2023-02-07,11794.37,5.1695,792622.94,33097.11,4.01,2023,2,2023-02
6948,41,28,12,171103.0,2024-06-23,2776.74,5.4416,181318.9,-10215.9,-5.97,2024,6,2024-06
6971,36,36,4,85885.7,2024-10-30,4476.41,5.7801,103496.39,-17610.69,-20.5,2024,10,2024-10
6978,7,15,12,318057.15,2024-07-12,5267.98,5.4529,344709.22,-26652.07,-8.38,2024,7,2024-07
6989,3,2,12,159579.1,2024-12-07,2829.74,6.0293,204736.22,-45157.12,-28.3,2024,12,2024-12
7006,13,127,10,15494.0,2023-03-25,293.17,5.2921,15514.85,-20.85,-0.13,2023,3,2023-03
7012,37,71,7,865657.1,2024-05-11,27484.92,5.1464,990138.75,-124481.65,-14.38,2024,5,2024-05
7042,38,72,4,378726.05,2023-10-11,30675.48,5.0496,619595.62,-240869.57,-63.6,2023,10,2023-10
7066,24,118,10,43151.0,2023-04-28,797.41,5.0007,39876.08,3274.92,7.59,2023,4,2023-04
7087,38,19,12,187328.6,2024-10-04,3358.13,5.4686,220371.24,-33042.64,-17.64,2024,10,2024-10
7100,35,67,4,325998.2,2023-08-24,16720.73,4.8748,326040.86,-42.66,-0.01,2023,8,2023-08
7120,17,15,8,212038.1,2024-07-28,5267.98,5.6465,237965.19,-25927.09,-12.23,2024,7,2024-07
7143,10,11,7,253623.0,2024-05-26,7246.24,5.1508,261267.53,-7644.53,-3.01,2024,5,2024-05
7177,11,132,12,18756.0,2023-05-10,276.61,4.9547,16446.23,2309.77,12.31,2023,5,2023-05
7197,41,117,12,46774.2,2024-08-03,823.4,5.7366,56682.2,-9908.0,-21.18,2024,8,2024-08
7205,15,70,8,274843.0,2023-11-10,6655.06,4.9219,262044.32,12798.68,4.66,2023,11,2023-11
7252,36,66,14,167202.85,2024-12-03,2297.7,6.0707,195281.06,-28078.21,-16.79,2024,12,2024-12
7254,26,36,13,293818.0,2024-10-30,4476.41,5.7801,336363.27,-42545.27,-14.48,2024,10,2024-10
7291,37,125,12,38783.75,2023-08-23,646.27,4.8977,37982.84,800.91,2.07,2023,8,2023-08
7308,4,38,11,276519.35,2023-08-29,5606.65,4.8706,300385.24,-23865.89,-8.63,2023,8,2023-08
7315,3,30,7,225735.0,2023-07-21,5636.75,4.7732,188337.35,37397.65,16.57,2023,7,2023-07
7316,49,139,12,17099.0,2023-02-19,246.89,5.2012,15409.49,1689.51,9.88,2023,2,2023-02
7326,2,39,1,29633.0,2024-08-07,5270.87,5.6093,29565.89,67.11,0.23,2024,8,2024-08
7344,22,97,2,257136.5,2023-10-12,25607.88,5.0496,258619.1,-1482.6,-0.58,2023,10,2023-10
7388,3,23,13,145322.0,2024-04-15,2244.66,5.1746,150997.83,-5675.83,-3.91,2024,4,2024-04
7392,11,56,6,257933.0,2024-12-19,8087.59,6.1841,300086.79,-42153.79,-16.34,2024,12,2024-12
7406,30,14,6,214866.0,2024-04-25,6767.66,5.1679,209847.54,5018.46,2.34,2024,4,2024-04
7422,21,25,2,23040.35,2024-03-01,2478.48,4.9596,24584.54,-1544.19,-6.7,2024,3,2024-03
7428,2,137,9,28945.55,2024-05-02,673.98,5.1184,31047.29,-2101.74,-7.26,2024,5,2024-05
7440,25,116,8,20604.0,2024-07-31,502.24,5.6621,22749.86,-2145.86,-10.41,2024,7,2024-07
7451,28,45,2,18816.65,2023-04-04,1881.33,5.0762,19100.01,-283.36,-1.51,2023,4,2023-04
7484,21,3,4,36097.0,2023-07-03,1753.77,4.7876,33585.4,2511.6,6.96,2023,7,2023-07
7486,42,115,14,11628.0,2024-04-17,167.9,5.2469,12333.36,-705.36,-6.07,2024,4,2024-04
7489,37,35,1,10455.7,2023-09-19,2106.85,4.8575,10234.02,221.68,2.12,2023,9,2023-09
7523,28,63,6,839746.0,2023-03-19,27618.14,5.2679,872937.6,-33191.6,-3.95,2023,3,2023-03
7530,15,94,1,40751.0,2024-10-18,8022.13,5.6672,45463.02,-4712.02,-11.56,2024,10,2024-10
7535,10,39,10,281511.6,2024-04-22,5270.87,5.2043,274311.89,7199.71,2.56,2024,4,2024-04
7536,10,36,11,248615.0,2024-07-06,4476.41,5.497,270675.08,-22060.08,-8.87,2024,7,2024-07
7543,28,56,7,285874.95,2024-04-05,8087.59,5.052,286009.53,-134.58,-0.05,2024,4,2024-04
7544,38,111,11,47138.0,2024-08-18,860.37,5.4632,51704.11,-4566.11,-9.69,2024,8,2024-08
7552,41,80,4,516895.0,2024-09-11,24177.04,5.6387,545308.3,-28413.3,-5.5,2024,9,2024-09
7561,20,1,14,440529.25,2024-04-20,6633.66,5.2269,485428.68,-44899.43,-10.19,2024,4,2024-04
7562,14,131,3,2746.45,2024-08-09,179.69,5.5115,2971.08,-224.63,-8.18,2024,8,2024-08
7565,4,126,5,12715.75,2024-04-19,467.05,5.2269,12206.12,509.63,4.01,2024,4,2024-04
7593,40,19,12,197188.0,2023-02-13,3163.35,5.1834,196762.9,425.1,0.22,2023,2,2023-02
7595,26,113,8,35160.0,2024-02-18,815.5,4.9761,32464.08,2695.92,7.67,2024,2,2024-02
7596,25,73,13,1861079.0,2024-05-09,28694.54,5.1577,1923971.78,-62892.78,-3.38,2024,5,2024-05
7655,9,81,12,1465782.0,2023-08-25,23345.09,4.8772,1366304.08,99477.92,6.79,2023,8,2023-08
7673,47,78,5,608808.0,2024-08-13,24425.59,5.4875,670177.13,-61369.13,-10.08,2024,8,2024-08
7681,49,62,14,1359552.6,2023-03-24,20000.78,5.2921,1481845.79,-122293.19,-9.0,2023,3,2023-03
7710,4,61,13,364242.0,2024-09-13,5102.18,5.5717,369561.61,-5319.61,-1.46,2024,9,2024-09
7724,20,46,2,9968.0,2024-02-01,1000.64,4.935,9876.32,91.68,0.92,2024,2,2024-02
7745,29,42,6,35957.0,2024-12-19,1263.57,6.1841,46884.26,-10927.26,-30.39,2024,12,2024-12
7751,31,99,7,750867.0,2024-12-15,18977.86,6.04,802383.92,-51516.92,-6.86,2024,12,2024-12
7757,12,121,12,44331.0,2024-10-18,677.66,5.6672,46085.22,-1754.22,-3.96,2024,10,2024-10
7763,47,36,11,236184.25,2023-10-16,4476.41,5.0618,249245.61,-13061.36,-5.53,2023,10,2023-10
7770,34,72,7,662769.4,2023-09-07,30675.48,4.9762,1068531.27,-405761.87,-61.22,2023,9,2023-09
7820,43,143,5,22182.0,2024-08-08,896.83,5.6172,25188.37,-3006.37,-13.55,2024,8,2024-08
7828,15,58,3,310150.3,2023-10-16,20157.55,5.0618,306100.46,4049.84,1.31,2023,10,2023-10
7835,16,29,5,173424.4,2024-12-07,7689.63,6.0293,231815.43,-58391.03,-33.67,2024,12,2024-12
7839,12,38,1,26461.0,2024-04-26,5439.42,5.1184,27841.13,-1380.13,-5.22,2024,4,2024-04
7844,30,145,9,37191.55,2024-07-11,875.03,5.41,42605.21,-5413.66,-14.56,2024,7,2024-07
7849,46,76,4,563153.35,2024-06-19,28642.87,5.4647,626098.77,-62945.42,-11.18,2024,6,2024-06
7877,27,118,14,57391.4,2023-09-05,797.41,4.9705,55489.37,1902.03,3.31,2023,9,2023-09
7904,23,131,1,964.0,2023-11-06,196.2,4.8999,961.36,2.64,0.27,2023,11,2023-11
7924,8,36,9,203413.0,2024-01-04,4476.41,4.9188,198167.09,5245.91,2.58,2024,1,2024-01
7931,41,104,15,52910.25,2024-08-12,742.54,5.4911,61160.42,-8250.17,-15.59,2024,8,2024-08
7972,43,100,6,596220.95,2023-02-02,19807.28,4.9901,593041.85,3179.1,0.53,2023,2,2023-02
8021,22,58,10,1033833.7,2024-02-26,20157.55,4.9819,1004228.98,29604.72,2.86,2024,2,2024-02
8064,21,93,1,100477.0,2023-03-08,19409.47,5.1387,99739.44,737.56,0.73,2023,3,2023-03
8102,36,95,6,397905.6,2024-09-07,12945.63,5.5702,432658.49,-34752.89,-8.73,2024,9,2024-09
8109,14,81,4,488594.0,2023-11-26,23345.09,4.8927,456882.09,31711.91,6.49,2023,11,2023-11
8152,43,18,4,100975.5,2024-10-15,5265.1,5.6378,118734.32,-17758.82,-17.59,2024,10,2024-10
8174,38,132,4,5939.4,2024-05-27,314.46,5.1704,6503.54,-564.14,-9.5,2024,5,2024-05
8179,1,20,15,462502.0,2024-05-27,5689.04,5.1704,441219.19,21282.81,4.6,2024,5,2024-05
8189,41,148,7,33499.0,2023-12-01,979.78,4.9191,33737.45,-238.45,-0.71,2023,12,2023-12
8252,4,129,11,35928.0,2023-01-22,598.62,5.1986,34231.85,1696.15,4.72,2023,1,2023-01
8258,1,53,5,254956.25,2024-06-20,11332.93,5.4254,307428.39,-52472.14,-20.58,2024,6,2024-06
8266,18,111,6,25711.0,2024-05-19,860.37,5.1157,26408.37,-697.37,-2.71,2024,5,2024-05
8270,6,44,12,123197.9,2024-11-22,2159.34,5.8124,150611.37,-27413.47,-22.25,2024,11,2024-11
8274,43,11,15,516305.05,2023-01-23,6733.8,5.1922,524448.55,-8143.5,-1.58,2023,1,2023-01
8283,34,76,8,1126306.7,2023-09-23,27945.06,4.9131,1098374.99,27931.71,2.48,2023,9,2023-09
8298,18,39,1,29633.0,2023-07-21,5270.87,4.7732,25158.92,4474.08,15.1,2023,7,2023-07
8313,34,127,9,13944.0,2023-10-16,296.24,5.0618,13495.57,448.43,3.22,2023,10,2023-10
8317,10,96,15,1059313.0,2023-03-06,13063.42,5.197,1018358.91,40954.09,3.87,2023,3,2023-03
8328,27,7,6,117113.0,2024-11-27,3678.62,5.8291,128658.26,-11545.26,-9.86,2024,11,2024-11
8330,25,2,7,93087.65,2023-08-31,2829.74,4.9219,97493.88,-4406.23,-4.73,2023,8,2023-08
8354,1,26,9,147771.55,2024-05-07,3412.88,5.061,155453.27,-7681.72,-5.2,2024,5,2024-05
8356,33,117,5,19489.25,2023-02-14,823.4,5.1507,21205.43,-1716.18,-8.81,2023,2,2023-02
8374,24,126,7,17802.05,2023-05-19,467.05,4.9858,16300.33,1501.72,8.44,2023,5,2023-05
8382,48,85,10,366497.65,2023-05-24,7499.89,4.9474,371049.56,-4551.91,-1.24,2023,5,2023-05
8390,23,137,9,30469.0,2023-02-05,619.79,5.103,28465.1,2003.9,6.58,2023,2,2023-02
8411,19,20,14,410084.6,2024-10-14,5689.04,5.6045,446379.15,-36294.55,-8.85,2024,10,2024-10
8429,4,124,12,42977.05,2023-01-13,719.16,5.1146,44138.59,-1161.54,-2.7,2023,1,2023-01
8446,39,127,8,11775.25,2024-08-10,296.24,5.5115,13061.81,-1286.56,-10.93,2024,8,2024-08
8452,11,148,1,4786.0,2024-07-12,885.1,5.4529,4826.36,-40.36,-0.84,2024,7,2024-07
8488,5,35,15,165083.0,2023-05-17,2106.85,4.9513,156474.7,8608.3,5.21,2023,5,2023-05
8505,45,44,11,118875.0,2024-02-13,2159.34,4.9717,118091.5,783.5,0.66,2024,2,2024-02
8510,25,52,15,205562.0,2024-01-04,2634.69,4.9188,194392.7,11169.3,5.43,2024,1,2024-01
8560,48,142,12,9917.0,2023-01-11,160.09,5.202,9993.46,-76.46,-0.77,2023,1,2023-01
8561,33,4,7,23673.0,2024-03-08,692.14,4.9751,24104.26,-431.26,-1.82,2024,3,2024-03
8571,44,62,8,776887.2,2023-04-01,20000.78,5.0804,812895.7,-36008.5,-4.63,2023,4,2023-04
8583,40,150,7,11520.0,2023-03-18,321.31,5.2679,11848.4,-328.4,-2.85,2023,3,2023-03
8587,17,13,15,116206.0,2024-12-06,1356.5,6.0293,122681.18,-6475.18,-5.57,2024,12,2024-12
8602,29,35,13,135918.4,2023-08-03,2106.85,4.8797,133650.35,2268.05,1.67,2023,8,2023-08
8617,39,148,11,50008.95,2024-06-21,885.1,5.4416,52979.96,-2971.01,-5.94,2024,6,2024-06
8619,28,92,8,710833.0,2024-09-16,16239.74,5.5207,717237.86,-6404.86,-0.9,2024,9,2024-09
8620,46,80,2,245525.6,2024-07-15,24177.04,5.4563,263834.37,-18308.77,-7.46,2024,7,2024-07
8625,27,64,6,635581.35,2023-06-15,21352.22,4.8222,617788.05,17793.3,2.8,2023,6,2023-06
8637,23,38,15,396917.0,2024-11-08,4851.61,5.7648,419528.42,-22611.42,-5.7,2024,11,2024-11
8650,41,143,1,4436.0,2024-07-18,896.83,5.5426,4970.77,-534.77,-12.06,2024,7,2024-07
8672,22,127,5,7359.65,2024-12-16,296.24,6.0509,8962.59,-1602.94,-21.78,2024,12,2024-12
8684,41,120,13,40618.0,2024-02-16,635.45,4.9761,41106.82,-488.82,-1.2,2024,2,2024-02
8714,17,111,9,36638.65,2023-12-06,821.82,4.9031,36265.19,373.46,1.02,2023,12,2023-12
8721,8,41,6,60420.0,2023-12-30,2005.71,4.8413,58261.46,2158.54,3.57,2023,12,2023-12
8734,43,149,7,8145.0,2023-07-26,225.94,4.7368,7491.63,653.37,8.02,2023,7,2023-07
8743,10,129,10,32662.0,2024-08-10,661.98,5.5115,36485.03,-3823.03,-11.7,2024,8,2024-08
8744,10,74,5,432793.0,2024-02-13,17160.36,4.9717,426580.81,6212.19,1.44,2024,2,2024-02
8759,7,34,2,9343.25,2024-06-27,951.66,5.5229,10511.85,-1168.6,-12.51,2024,6,2024-06
8823,21,22,12,473434.0,2024-05-28,7630.67,5.1538,471923.36,1510.64,0.32,2024,5,2024-05
8829,7,67,9,772101.0,2023-04-02,16720.73,5.0804,764531.97,7569.03,0.98,2023,4,2023-04
8850,7,94,13,503272.95,2024-04-03,8022.13,5.0724,528988.88,-25715.93,-5.11,2024,4,2024-04
8863,9,107,14,21187.0,2023-08-21,295.48,4.9847,20620.31,566.69,2.67,2023,8,2023-08
8879,12,51,14,853314.7,2024-06-14,12243.38,5.363,919257.46,-65942.76,-7.73,2024,6,2024-06
8889,23,110,9,21337.0,2024-01-28,476.03,4.9125,21046.48,290.52,1.36,2024,1,2024-01
8891,16,143,11,46360.95,2023-06-01,896.83,5.035,49670.93,-3309.98,-7.14,2023,6,2023-06
8949,9,147,11,31664.45,2024-11-17,592.19,5.7885,37706.81,-6042.36,-19.08,2024,11,2024-11
8980,35,116,12,30906.0,2023-07-28,502.24,4.7253,28478.82,2427.18,7.85,2023,7,2023-07
8985,5,60,11,1136448.9,2024-10-02,19786.24,5.4305,1181940.94,-45492.04,-4.0,2024,10,2024-10
9014,6,124,10,37699.0,2023-07-15,725.63,4.7957,34799.04,2899.96,7.69,2023,7,2023-07
9017,37,44,12,129682.0,2023-05-04,1963.02,5.0106,118030.9,11651.1,8.98,2023,5,2023-05
9021,44,101,12,5282.95,2023-04-14,87.95,4.9455,5219.48,63.47,1.2,2023,4,2023-04
9044,26,150,12,19748.0,2024-11-19,288.9,5.7743,20018.34,-270.34,-1.37,2024,11,2024-11
9048,22,120,9,26714.0,2024-02-29,635.45,4.9833,28499.74,-1785.74,-6.68,2024,2,2024-02
9058,24,45,3,29711.0,2024-04-12,1881.33,5.1364,28989.79,721.21,2.43,2024,4,2024-04
9071,16,142,11,8636.45,2023-09-01,169.88,4.9318,9215.96,-579.51,-6.71,2023,9,2023-09
9082,12,70,8,274843.0,2024-02-18,6655.06,4.9761,264929.95,9913.05,3.61,2024,2,2024-02
9115,5,85,8,308630.0,2024-11-09,7885.27,5.7648,363656.04,-55026.04,-17.83,2024,11,2024-11
9120,36,49,7,92850.0,2024-05-13,2627.0,5.1412,94541.53,-1691.53,-1.82,2024,5,2024-05
9133,5,112,15,32714.0,2024-07-28,406.44,5.6465,34424.45,-1710.45,-5.23,2024,7,2024-07
9145,14,109,10,6227.0,2024-05-12,123.24,5.1464,6342.42,-115.42,-1.85,2024,5,2024-05
9154,13,42,6,34159.15,2023-05-20,1263.57,4.9858,37799.44,-3640.29,-10.66,2023,5,2023-05
9167,25,127,8,12395.0,2023-10-18,296.24,5.0568,11984.21,410.79,3.31,2023,10,2023-10
9170,8,48,12,176836.0,2024-09-15,2605.99,5.5717,174237.53,2598.47,1.47,2024,9,2024-09
9176,4,132,15,23445.0,2024-09-11,314.46,5.6387,26597.18,-3152.18,-13.45,2024,9,2024-09
9179,1,148,12,57427.0,2023-12-30,979.78,4.8413,56920.91,506.09,0.88,2023,12,2023-12
9189,43,99,10,1072667.0,2024-12-07,18977.86,6.0293,1144232.11,-71565.11,-6.67,2024,12,2024-12
9202,38,70,8,274843.0,2023-01-23,6655.06,5.1922,276435.22,-1592.22,-0.58,2023,1,2023-01
9210,9,15,2,55800.0,2024-03-20,5267.98,5.012,52806.23,2993.77,5.37,2024,3,2024-03
9225,33,149,2,2327.0,2024-05-30,225.94,5.1972,2348.51,-21.51,-0.92,2024,5,2024-05
9226,7,67,5,428945.0,2023-02-27,16720.73,5.196,434404.57,-5459.57,-1.27,2023,2,2023-02
9318,32,89,11,822186.05,2024-12-18,14122.53,6.1624,957315.47,-135129.42,-16.44,2024,12,2024-12
9363,47,2,11,153980.0,2023-03-22,2577.22,5.2648,149254.03,4725.97,3.07,2023,3,2023-03
9409,3,47,1,6123.0,2023-08-21,1496.29,4.9847,7458.56,-1335.56,-21.81,2023,8,2023-08
9410,41,80,10,1227626.1,2024-12-16,24177.04,6.0509,1462928.51,-235302.41,-19.17,2024,12,2024-12
9420,3,144,6,13285.0,2023-12-08,422.52,4.9158,12462.14,822.86,6.19,2023,12,2023-12
9444,8,103,13,22096.05,2023-03-03,341.7,5.2037,23115.36,-1019.31,-4.61,2023,3,2023-03
9446,30,115,7,5523.3,2023-09-09,160.69,4.9835,5605.59,-82.29,-1.49,2023,9,2023-09
9474,19,42,11,62624.95,2023-09-02,1263.57,4.9318,68548.42,-5923.47,-9.46,2023,9,2023-09
9485,40,33,11,73873.0,2023-12-14,1268.8,4.8912,68265.5,5607.5,7.59,2023,12,2023-12
9487,13,86,6,533082.05,2023-12-25,17824.79,4.8619,519974.08,13107.97,2.46,2023,12,2023-12
9512,34,8,6,29905.0,2023-08-24,1006.07,4.8748,29426.34,478.66,1.6,2023,8,2023-08
9518,47,49,7,92850.0,2023-12-21,2627.0,4.8755,89655.57,3194.43,3.44,2023,12,2023-12
9524,1,68,1,63552.15,2024-12-21,13317.89,6.078,80946.14,-17393.99,-27.37,2024,12,2024-12
9534,21,81,7,812287.05,2024-03-20,23345.09,5.012,819039.14,-6752.09,-0.83,2024,3,2024-03
9562,2,18,7,186007.0,2023-02-01,4834.43,5.0721,171644.99,14362.01,7.72,2023,2,2023-02
9572,14,122,2,2512.75,2024-01-26,271.3,4.9125,2665.52,-152.77,-6.08,2024,1,2024-01
9588,26,82,4,196209.2,2023-05-02,9770.29,5.0334,196711.11,-501.91,-0.26,2023,5,2023-05
9617,42,110,12,29946.0,2023-04-10,476.03,5.0834,29038.21,907.79,3.03,2023,4,2023-04
9633,25,3,2,18048.0,2024-02-13,1753.77,4.9717,17438.44,609.56,3.38,2024,2,2024-02
9641,1,118,9,36894.2,2024-08-21,893.4,5.4707,43987.71,-7093.51,-19.23,2024,8,2024-08
9657,38,32,9,112522.0,2024-01-07,2560.62,4.8899,112690.58,-168.58,-0.15,2024,1,2024-01
9682,31,28,8,108364.6,2023-06-23,2723.39,4.7799,104140.25,4224.35,3.9,2023,6,2023-06
9726,35,129,6,18617.15,2024-07-08,661.98,5.472,21734.13,-3116.98,-16.74,2024,7,2024-07
9734,15,41,12,120840.0,2024-10-09,1944.42,5.5737,130051.37,-9211.37,-7.62,2024,10,2024-10
9756,32,84,7,288768.65,2024-09-19,8456.45,5.4189,320772.6,-32003.95,-11.08,2024,9,2024-09
9761,25,16,10,285057.0,2023-11-16,5615.94,4.8575,272794.29,12262.71,4.3,2023,11,2023-11
9797,9,15,12,318057.15,2024-02-16,5267.98,4.9761,314567.94,3489.21,1.1,2024,2,2024-02
9830,25,52,4,54816.0,2023-05-15,2634.69,4.9103,51748.47,3067.53,5.6,2023,5,2023-05
9831,45,106,9,37490.8,2024-06-28,918.37,5.5589,45946.14,-8455.34,-22.55,2024,6,2024-06
9846,4,49,14,176415.0,2023-11-04,2627.0,4.891,179881.2,-3466.2,-1.96,2023,11,2023-11
9853,36,88,10,459196.75,2023-02-20,9351.41,5.2012,486385.54,-27188.79,-5.92,2023,2,2023-02
9856,38,44,15,162103.0,2024-04-11,2159.34,5.0765,164428.34,-2325.34,-1.43,2024,4,2024-04
9863,44,81,8,977188.0,2024-08-30,23685.5,5.6562,1071759.4,-94571.4,-9.68,2024,8,2024-08
9886,9,12,1,2589.7,2023-01-18,527.97,5.0909,2687.84,-98.14,-3.79,2023,1,2023-01
9890,33,145,7,30449.0,2024-11-29,875.03,6.0535,37078.96,-6629.96,-21.77,2024,11,2024-11
9891,38,141,12,54512.9,2024-02-09,972.86,4.9717,58041.22,-3528.32,-6.47,2024,2,2024-02
9946,17,126,11,27975.6,2023-10-01,467.05,5.0076,25726.8,2248.8,8.04,2023,10,2023-10
9951,25,50,10,112760.0,2024-08-04,2378.45,5.7366,136442.16,-23682.16,-21.0,2024,8,2024-08
9963,39,8,1,4984.0,2024-07-14,947.05,5.4529,5164.17,-180.17,-3.61,2024,7,2024-07
9974,8,127,6,8831.2,2024-06-19,296.24,5.4647,9713.18,-881.98,-9.99,2024,6,2024-06
9989,21,77,5,212346.85,2024-12-30,7220.1,6.1923,223545.13,-11198.28,-5.27,2024,12,2024-12
25,8,3,2,18048.0,2024-02-04,1753.77,4.9471,17352.15,695.85,3.86,2024,2,2024-02
52,45,106,13,57003.0,2024-03-16,918.37,4.9937,59618.84,-2615.84,-4.59,2024,3,2024-03
73,24,10,3,91294.05,2024-12-20,5864.71,6.078,106937.12,-15643.07,-17.13,2024,12,2024-12
83,17,123,5,13190.75,2023-04-03,535.37,5.0637,13554.77,-364.02,-2.76,2023,4,2023-04
95,25,131,12,11563.0,2024-12-17,175.62,6.1685,12999.74,-1436.74,-12.43,2024,12,2024-12
101,11,47,8,48984.0,2024-07-04,1116.66,5.4839,48989.21,-5.21,-0.01,2024,7,2024-07
110,34,148,8,38284.0,2024-10-27,885.1,5.6969,40338.61,-2054.61,-5.37,2024,10,2024-10
130,15,123,2,5554.0,2024-12-18,458.99,6.1624,5656.96,-102.96,-1.85,2024,12,2024-12
150,5,114,13,9871.45,2024-04-06,152.46,5.052,10012.96,-141.51,-1.43,2024,4,2024-04
177,17,69,4,181060.0,2023-03-11,8542.02,5.1822,177065.82,3994.18,2.21,2023,3,2023-03
238,40,55,4,417951.55,2024-04-17,22138.68,5.2469,464637.76,-46686.21,-11.17,2024,4,2024-04
245,12,55,7,769910.0,2024-07-10,22138.68,5.3967,836330.7,-66420.7,-8.63,2024,7,2024-07
248,36,103,12,21470.0,2024-12-28,326.91,6.1991,24318.57,-2848.57,-13.27,2024,12,2024-12
254,24,5,7,157398.85,2023-10-27,4752.24,4.948,164598.58,-7199.73,-4.57,2023,10,2023-10
297,28,4,11,37201.0,2023-12-11,692.14,4.944,37641.34,-440.34,-1.18,2023,12,2023-12
306,12,70,6,206133.0,2023-01-04,6655.06,5.4459,217456.75,-11323.75,-5.49,2023,1,2023-01
307,10,144,4,8857.0,2023-07-19,422.52,4.8,8112.38,744.62,8.41,2023,7,2023-07
308,16,124,3,11310.0,2023-12-26,725.63,4.8368,10529.18,780.82,6.9,2023,12,2023-12
326,32,27,15,247672.0,2023-05-06,3051.23,4.9696,227450.89,20221.11,8.16,2023,5,2023-05
333,35,36,6,128827.6,2023-05-08,4221.25,4.9696,125867.54,2960.06,2.3,2023,5,2023-05
339,43,134,3,14153.0,2023-04-05,899.33,5.0447,13610.55,542.45,3.83,2023,4,2023-04
384,30,4,9,30437.0,2023-12-18,692.14,4.9399,30771.92,-334.92,-1.1,2023,12,2023-12
400,12,122,12,15870.0,2024-11-02,271.3,5.8073,18906.25,-3036.25,-19.13,2024,11,2024-11
427,42,63,14,1861436.65,2024-07-30,27618.14,5.6532,2185832.17,-324395.52,-17.43,2024,7,2024-07
446,13,139,4,5700.0,2023-04-11,246.89,5.0128,4950.44,749.56,13.15,2023,4,2023-04
447,34,144,14,29448.1,2023-06-11,422.52,4.8922,28938.73,509.37,1.73,2023,6,2023-06
455,39,13,5,38736.0,2024-06-09,1356.5,5.2802,35812.96,2923.04,7.55,2024,6,2024-06
477,33,32,2,25005.0,2024-07-01,2430.64,5.5893,27171.15,-2166.15,-8.66,2024,7,2024-07
482,33,27,9,148603.0,2024-05-30,3051.23,5.1972,142720.67,5882.33,3.96,2024,5,2024-05
487,42,104,7,25991.0,2023-07-11,742.54,4.8949,25442.61,548.39,2.11,2023,7,2023-07
499,39,101,15,6951.0,2024-10-07,82.96,5.4626,6797.66,153.34,2.21,2024,10,2024-10
518,48,90,8,632779.0,2024-05-12,16081.27,5.1464,662085.18,-29306.18,-4.63,2024,5,2024-05
537,9,63,2,265919.25,2023-02-27,27618.14,5.196,287007.71,-21088.46,-7.93,2023,2,2023-02
556,38,40,9,127656.0,2023-02-18,2757.45,5.2012,129078.44,-1422.44,-1.11,2023,2,2023-02
562,16,99,4,407613.65,2023-06-26,21330.89,4.7698,406976.32,637.33,0.16,2023,6,2023-06
607,19,32,1,12502.0,2024-01-31,2562.61,4.9535,12693.89,-191.89,-1.53,2024,1,2024-01
624,1,108,5,16728.0,2023-11-03,653.47,4.891,15980.61,747.39,4.47,2023,11,2023-11
648,24,106,10,43849.0,2024-08-19,918.37,5.4237,49809.63,-5960.63,-13.59,2024,8,2024-08
659,36,24,11,255554.0,2024-01-19,4129.65,4.9223,223601.14,31952.86,12.5,2024,1,2024-01
676,11,4,5,16909.0,2023-03-15,654.31,5.2981,17333.0,-424.0,-2.51,2023,3,2023-03
711,16,81,8,977188.0,2024-03-27,23345.09,4.9856,931114.25,46073.75,4.71,2024,3,2024-03
740,46,139,11,15674.0,2024-10-15,246.89,5.6378,15311.08,362.92,2.32,2024,10,2024-10
750,4,91,2,256283.4,2024-10-11,27671.77,5.6263,311379.36,-55095.96,-21.5,2024,10,2024-10
770,31,62,10,971109.0,2023-11-13,20000.78,4.9247,984978.41,-13869.41,-1.43,2023,11,2023-11
771,28,25,5,60632.0,2023-07-31,2389.36,4.7415,56645.75,3986.25,6.57,2023,7,2023-07
772,20,26,13,213446.95,2023-12-03,3412.88,4.9191,218247.87,-4800.92,-2.25,2023,12,2023-12
777,41,79,11,727615.0,2024-10-05,11873.21,5.4686,714228.2,13386.8,1.84,2024,10,2024-10
788,4,111,1,4285.0,2024-07-19,860.37,5.5543,4778.75,-493.75,-11.52,2024,7,2024-07
822,45,131,5,4577.1,2024-12-04,175.62,6.0581,5319.62,-742.52,-16.22,2024,12,2024-12
823,2,8,3,14204.4,2024-04-27,947.05,5.1184,14542.14,-337.74,-2.38,2024,4,2024-04
827,47,91,5,640708.5,2023-02-21,26303.31,5.2012,684043.88,-43335.38,-6.76,2023,2,2023-02
831,19,126,4,10172.6,2024-11-28,467.05,5.9871,11185.1,-1012.5,-9.95,2024,11,2024-11
864,5,72,10,996646.0,2023-12-31,30675.48,4.8413,1485092.01,-488446.01,-49.01,2023,12,2023-12
867,13,94,10,407508.0,2023-02-13,7181.14,5.1834,372227.21,35280.79,8.66,2023,2,2023-02
879,44,12,1,2726.0,2023-08-26,527.97,4.8772,2575.02,150.98,5.54,2023,8,2023-08
902,47,146,7,3472.0,2024-08-15,87.83,5.4651,3360.0,112.0,3.23,2024,8,2024-08
919,34,122,4,5025.5,2024-04-20,271.3,5.2269,5672.23,-646.73,-12.87,2024,4,2024-04
940,42,29,1,36510.0,2023-05-09,7689.63,5.0007,38453.53,-1943.53,-5.32,2023,5,2023-05
944,44,101,7,3244.0,2024-02-08,96.64,4.9804,3369.14,-125.14,-3.86,2024,2,2024-02
951,36,39,1,28151.35,2024-01-07,5270.87,4.8899,25774.03,2377.32,8.44,2024,1,2024-01
958,18,50,5,56380.0,2023-02-01,2179.61,5.0721,55276.0,1104.0,1.96,2023,2,2023-02
968,22,27,2,33023.0,2023-03-14,3051.23,5.2362,31953.7,1069.3,3.24,2023,3,2023-03
1020,16,89,6,472068.0,2023-05-04,14832.32,5.0106,445912.94,26155.06,5.54,2023,5,2023-05
1055,4,48,13,181994.35,2023-07-29,2836.04,4.7253,174214.82,7779.53,4.27,2023,7,2023-07
1069,14,90,8,632779.0,2024-03-24,16081.27,4.9897,641925.7,-9146.7,-1.45,2024,3,2024-03
1146,42,123,9,24994.0,2023-10-19,535.37,5.054,24351.84,642.16,2.57,2023,10,2023-10
1173,9,105,8,2476.0,2024-12-02,53.37,6.0634,2588.83,-112.83,-4.56,2024,12,2024-12
1183,24,17,1,13337.05,2024-01-12,2833.14,4.8543,13752.91,-415.86,-3.12,2024,1,2024-01
1215,3,130,15,62161.0,2023-04-23,749.89,5.0497,56800.79,5360.21,8.62,2023,4,2023-04
1223,9,109,7,4359.0,2024-07-11,123.24,5.41,4667.1,-308.1,-7.07,2024,7,2024-07
1230,17,91,4,512566.8,2023-01-01,26303.31,5.3436,562217.47,-49650.67,-9.69,2023,1,2023-01
1290,14,36,10,226014.0,2024-07-14,4476.41,5.4529,244094.16,-18080.16,-8.0,2024,7,2024-07
1300,11,73,6,816012.0,2024-04-24,28694.54,5.1592,888245.22,-72233.22,-8.85,2024,4,2024-04
1310,35,65,8,194238.9,2023-06-04,5008.66,4.9558,198575.34,-4336.44,-2.23,2023,6,2023-06
1317,19,8,4,19937.0,2024-10-24,947.05,5.7087,21625.7,-1688.7,-8.47,2024,10,2024-10
1355,39,20,5,146458.65,2024-08-18,5689.04,5.4632,155401.82,-8943.17,-6.11,2024,8,2024-08
1378,23,45,15,141128.2,2024-12-10,1881.33,6.0529,170812.54,-29684.34,-21.03,2024,12,2024-12
1396,16,24,2,44140.8,2024-10-14,4113.86,5.6045,46112.26,-1971.46,-4.47,2024,10,2024-10
1410,31,134,15,70764.0,2023-05-17,899.33,4.9513,66792.79,3971.21,5.61,2023,5,2023-05
1414,45,72,13,1295640.0,2024-12-11,30675.48,6.032,2405448.44,-1109808.44,-85.66,2024,12,2024-12
1429,47,17,6,80021.35,2024-09-16,2833.14,5.5207,93845.5,-13824.15,-17.28,2024,9,2024-09
1484,16,104,3,10582.05,2024-09-11,742.54,5.6387,12560.88,-1978.83,-18.7,2024,9,2024-09
1517,37,110,11,27451.0,2023-02-14,476.03,5.1507,26970.76,480.24,1.75,2023,2,2023-02
1529,7,24,14,308988.45,2024-12-07,4113.86,6.0293,347251.75,-38263.3,-12.38,2024,12,2024-12
1567,2,88,8,367357.4,2023-05-28,9351.41,5.0114,374909.25,-7551.85,-2.06,2023,5,2023-05
1593,14,132,6,8909.1,2023-12-19,276.61,4.8663,8076.4,832.7,9.35,2023,12,2023-12
1613,34,90,4,300569.55,2023-01-31,14083.78,5.0993,287269.68,13299.87,4.42,2023,1,2023-01
1632,32,109,10,6227.0,2023-05-31,169.23,5.0959,8623.79,-2396.79,-38.49,2023,5,2023-05
1637,45,114,15,11989.0,2023-10-22,152.46,5.0528,11555.25,433.75,3.62,2023,10,2023-10
1642,42,46,7,34886.0,2024-06-02,1000.64,5.2416,36714.68,-1828.68,-5.24,2024,6,2024-06
1646,8,4,8,25702.25,2024-07-18,679.13,5.5426,30113.17,-4410.92,-17.16,2024,7,2024-07
1660,31,79,1,62839.65,2023-07-18,11724.63,4.804,56325.12,6514.53,10.37,2023,7,2023-07
1662,25,11,15,516305.05,2024-03-11,7246.24,4.9777,541044.13,-24739.08,-4.79,2024,3,2024-03
1687,3,93,12,1145437.8,2024-02-18,19409.47,4.9761,1159001.56,-13563.76,-1.18,2024,2,2024-02
1726,21,60,11,1136448.9,2024-07-01,22370.78,5.5893,1375407.01,-238958.11,-21.03,2024,7,2024-07
1727,40,72,14,1395305.0,2023-01-03,30675.48,5.3759,2308716.38,-913411.38,-65.46,2023,1,2023-01
1748,3,83,3,404412.0,2024-08-21,35839.7,5.4707,588204.74,-183792.74,-45.45,2024,8,2024-08
1776,31,45,7,65859.7,2024-06-22,1881.33,5.4416,71662.12,-5802.42,-8.81,2024,6,2024-06
1783,4,37,9,51878.55,2024-06-22,1211.89,5.4416,59351.59,-7473.04,-14.4,2024,6,2024-06
1788,1,134,8,37741.0,2023-04-10,899.33,5.0834,36573.23,1167.77,3.09,2023,4,2023-04
1795,3,18,3,75731.15,2024-06-05,5265.1,5.2841,83463.94,-7732.79,-10.21,2024,6,2024-06
1860,36,43,11,366761.75,2023-05-12,6219.32,4.9234,336822.2,29939.55,8.16,2023,5,2023-05
1876,27,107,3,4540.0,2023-03-20,295.48,5.2467,4650.88,-110.88,-2.44,2023,3,2023-03
1879,17,127,6,8831.2,2023-06-13,296.24,4.8533,8626.45,204.75,2.32,2023,6,2023-06
1883,19,2,1,13298.1,2024-01-18,2829.74,4.9403,13979.76,-681.66,-5.13,2024,1,2024-01
1891,46,150,7,10944.0,2023-09-09,326.88,4.9835,11403.05,-459.05,-4.19,2023,9,2023-09
1902,1,129,2,6532.0,2023-11-13,598.62,4.9247,5896.05,635.95,9.74,2023,11,2023-11
1908,37,18,7,186007.0,2024-11-04,5265.1,5.7898,213387.13,-27380.13,-14.72,2024,11,2024-11
1920,24,69,12,543180.0,2024-08-16,8620.92,5.4632,565173.72,-21993.72,-4.05,2024,8,2024-08
1923,24,24,15,348483.0,2024-08-15,4113.86,5.4651,337239.84,11243.16,3.23,2024,8,2024-08
1927,36,90,15,1186460.0,2023-06-20,14083.78,4.793,1012553.36,173906.64,14.66,2023,6,2023-06
1956,42,22,2,74960.7,2024-10-04,7630.67,5.4686,83458.16,-8497.46,-11.34,2024,10,2024-10
1969,37,98,3,226178.85,2024-05-30,15850.04,5.1972,247127.48,-20948.63,-9.26,2024,5,2024-05
1977,49,51,3,182853.15,2023-09-14,12243.38,4.8751,179063.11,3790.04,2.07,2023,9,2023-09
2037,6,5,11,247341.05,2023-12-18,4752.24,4.9399,258231.49,-10890.44,-4.4,2023,12,2023-12
2038,43,38,10,264611.0,2024-07-08,5439.42,5.472,297645.06,-33034.06,-12.48,2024,7,2024-07
2040,46,132,1,1563.0,2024-06-24,314.46,5.4,1698.08,-135.08,-8.64,2024,6,2024-06
2070,9,71,3,370995.9,2024-07-23,27484.92,5.5807,460155.28,-89159.38,-24.03,2024,7,2024-07
2093,46,67,8,686312.0,2023-10-03,16720.73,5.11,683543.44,2768.56,0.4,2023,10,2023-10
2096,46,12,14,38167.0,2023-06-17,527.97,4.8286,35690.98,2476.02,6.49,2023,6,2023-06
2109,10,54,13,1579953.0,2024-10-19,23191.9,5.6672,1708630.76,-128677.76,-8.14,2024,10,2024-10
2114,24,20,9,277501.0,2023-04-18,5689.04,4.9678,254358.12,23142.88,8.34,2023,4,2023-04
2136,45,21,1,8735.0,2023-02-13,1674.22,5.1834,8678.15,56.85,0.65,2023,2,2023-02
2138,40,107,1,1513.0,2024-01-21,311.59,4.9223,1533.74,-20.74,-1.37,2024,1,2024-01
2143,5,39,14,394117.0,2023-11-06,5270.87,4.8999,361574.3,32542.7,8.26,2023,11,2023-11
2145,26,33,8,51039.7,2024-02-26,1268.8,4.9819,50568.28,471.42,0.92,2024,2,2024-02
2183,16,2,11,146281.0,2024-07-26,2829.74,5.6465,175759.4,-29478.4,-20.15,2024,7,2024-07
2184,3,98,5,396806.0,2023-02-05,15262.93,5.103,389433.66,7372.34,1.86,2023,2,2023-02
2189,46,115,1,831.0,2023-07-14,160.69,4.7957,770.62,60.38,7.27,2023,7,2023-07
2205,22,74,15,1233459.1,2024-10-26,17160.36,5.6969,1466412.82,-232953.72,-18.89,2024,10,2024-10
2211,5,37,1,5764.6,2024-09-08,1211.89,5.5702,6750.47,-985.87,-17.1,2024,9,2024-09
2216,18,107,8,11501.65,2023-12-26,311.59,4.8368,12056.79,-555.14,-4.83,2023,12,2023-12
2217,37,22,4,149920.45,2024-04-01,7630.67,5.0532,154237.21,-4316.76,-2.88,2024,4,2024-04
2237,14,105,14,4117.3,2023-10-30,62.64,5.0074,4391.29,-273.99,-6.65,2023,10,2023-10
2255,46,9,5,188601.6,2023-05-26,7933.96,5.0114,198801.24,-10199.64,-5.41,2023,5,2023-05
2261,33,55,12,1319846.0,2023-05-20,23326.09,4.9858,1395590.63,-75744.63,-5.74,2023,5,2023-05
2270,10,17,8,112310.0,2023-11-04,2833.14,4.891,110855.1,1454.9,1.3,2023,11,2023-11
2283,43,82,11,567974.0,2023-05-17,9770.29,4.9513,532132.01,35841.99,6.31,2023,5,2023-05
2314,45,49,4,50404.15,2024-10-07,2352.61,5.4626,51405.47,-1001.32,-1.99,2024,10,2024-10
2316,12,29,11,401614.0,2023-05-18,7689.63,4.9647,419943.77,-18329.77,-4.56,2023,5,2023-05
2327,17,81,5,580204.9,2024-03-26,23345.09,4.987,582109.82,-1904.92,-0.33,2024,3,2024-03
2336,4,5,15,355035.0,2023-10-22,4752.24,5.0528,360181.77,-5146.77,-1.45,2023,10,2023-10
2364,49,63,1,132960.1,2024-07-16,27618.14,5.4274,149894.69,-16934.59,-12.74,2024,7,2024-07
2381,23,41,3,30210.0,2023-11-11,2005.71,4.9219,29615.71,594.29,1.97,2023,11,2023-11
2431,9,62,8,817776.0,2024-08-25,20000.78,5.5263,884242.48,-66466.48,-8.13,2024,8,2024-08
2461,26,44,3,32421.0,2023-01-19,1963.02,5.2144,30707.91,1713.09,5.28,2023,1,2023-01
2492,29,35,1,11006.0,2023-01-24,2199.13,5.1696,11368.62,-362.62,-3.29,2023,1,2023-01
2510,40,24,4,88282.55,2023-11-18,4129.65,4.8849,80691.71,7590.84,8.6,2023,11,2023-11
2516,4,101,2,927.0,2023-07-04,87.95,4.8056,845.31,81.69,8.81,2023,7,2023-07
2534,31,119,9,29302.0,2024-01-20,669.88,4.9223,29676.15,-374.15,-1.28,2024,1,2024-01
2556,14,89,4,298976.4,2024-08-30,14832.32,5.6562,335578.27,-36601.87,-12.24,2024,8,2024-08
2557,45,47,3,18369.0,2023-01-20,1496.29,5.1986,23335.84,-4966.84,-27.04,2023,1,2023-01
2569,25,42,10,56931.6,2023-09-09,1263.57,4.9835,62970.01,-6038.41,-10.61,2023,9,2023-09
2585,36,65,10,255577.0,2023-07-26,5008.66,4.7368,237250.21,18326.79,7.17,2023,7,2023-07
2596,36,90,12,949168.0,2024-01-24,16081.27,4.9192,949283.8,-115.8,-0.01,2024,1,2024-01
2604,47,113,3,13185.0,2024-10-07,777.57,5.4626,12742.66,442.34,3.35,2024,10,2024-10
2611,23,47,15,87251.8,2023-11-05,1496.29,4.891,109775.32,-22523.52,-25.81,2023,11,2023-11
2617,21,58,4,435298.0,2023-08-16,20157.55,4.9772,401312.63,33985.37,7.81,2023,8,2023-08
2622,27,116,11,26914.45,2023-01-03,502.24,5.3759,29699.91,-2785.46,-10.35,2023,1,2023-01
2655,44,87,12,762203.05,2024-07-01,13597.7,5.5893,912019.5,-149816.45,-19.66,2024,7,2024-07
2669,19,93,1,100477.0,2024-06-15,19072.72,5.363,102287.0,-1810.0,-1.8,2024,6,2024-06
2704,36,71,7,911218.0,2023-05-14,25647.03,4.9234,883894.11,27323.89,3.0,2023,5,2023-05
2733,22,94,3,116140.35,2023-11-28,8022.13,4.8867,117605.23,-1464.88,-1.26,2023,11,2023-11
2750,37,127,2,2944.05,2023-01-17,293.17,5.1203,3002.24,-58.19,-1.98,2023,1,2023-01
2755,7,124,9,32232.55,2023-07-19,725.63,4.8,31347.22,885.33,2.75,2023,7,2023-07
2762,36,90,6,450854.8,2023-06-21,14083.78,4.7795,403880.56,46974.24,10.42,2023,6,2023-06
2763,17,40,11,156024.0,2023-08-06,2970.73,4.8609,158844.64,-2820.64,-1.81,2023,8,2023-08
2771,13,89,15,1121162.45,2023-04-21,14832.32,5.0497,1123481.49,-2319.04,-0.21,2023,4,2023-04
2787,28,44,2,21614.0,2024-08-01,2159.34,5.6681,24478.71,-2864.71,-13.25,2024,8,2024-08
2790,2,135,1,1645.0,2023-02-25,318.15,5.1791,1647.73,-2.73,-0.17,2023,2,2023-02
2795,28,8,1,4734.8,2024-06-26,947.05,5.5097,5217.96,-483.16,-10.2,2024,6,2024-06
2818,23,30,4,128991.0,2023-09-24,6558.44,4.9131,128889.09,101.91,0.08,2023,9,2023-09
2831,48,82,15,774511.0,2024-11-28,9770.29,5.9871,877435.55,-102924.55,-13.29,2024,11,2024-11
2890,27,106,4,17539.0,2024-01-13,918.37,4.8543,17832.17,-293.17,-1.67,2024,1,2024-01
2900,38,144,10,22141.0,2023-05-10,422.52,4.9547,20934.6,1206.4,5.45,2023,5,2023-05
2910,5,120,8,23746.2,2023-01-13,586.85,5.1146,24012.02,-265.82,-1.12,2023,1,2023-01
2924,8,51,1,64159.0,2023-10-30,12243.38,5.0074,61307.5,2851.5,4.44,2023,10,2023-10
2928,20,65,1,24280.1,2024-06-13,4996.52,5.3974,26968.22,-2688.12,-11.07,2024,6,2024-06
2953,45,26,14,241965.0,2024-06-30,3378.85,5.5589,262957.65,-20992.65,-8.68,2024,6,2024-06
2954,6,25,9,103681.1,2024-04-29,2430.59,5.1155,111903.15,-8222.05,-7.93,2024,4,2024-04
2961,9,63,3,419873.0,2024-09-26,27618.14,5.4412,450827.47,-30954.47,-7.37,2024,9,2024-09
2969,29,108,10,31783.2,2023-10-04,653.47,5.1526,33670.7,-1887.5,-5.94,2023,10,2023-10
3004,44,139,4,5700.0,2023-02-10,246.89,5.2526,5187.26,512.74,9.0,2023,2,2023-02
3012,42,83,5,640318.05,2023-08-24,35839.7,4.8748,873556.85,-233238.8,-36.43,2023,8,2023-08
3024,35,1,13,430593.0,2023-06-24,6360.91,4.7799,395258.68,35334.32,8.21,2023,6,2023-06
3030,6,133,15,28391.0,2024-09-03,381.67,5.6224,32188.52,-3797.52,-13.38,2024,9,2024-09
3043,4,93,1,100477.0,2024-05-01,19409.47,5.1718,100381.9,95.1,0.09,2024,5,2024-05
3055,21,94,6,232279.75,2024-08-02,8022.13,5.7366,276118.51,-43838.76,-18.87,2024,8,2024-08
3057,5,19,11,180756.0,2024-04-13,3358.13,5.1364,189735.69,-8979.69,-4.97,2024,4,2024-04
3072,10,67,8,686312.0,2023-08-31,16720.73,4.9219,658382.09,27929.91,4.07,2023,8,2023-08
3085,26,23,4,44715.0,2023-03-31,2108.74,5.0804,42852.97,1862.03,4.16,2023,3,2023-03
3142,28,39,9,266695.0,2024-02-11,5270.87,4.9717,235846.66,30848.34,11.57,2024,2,2024-02
3146,13,107,9,12939.0,2023-12-11,311.59,4.944,13864.51,-925.51,-7.15,2023,12,2023-12
3168,14,44,13,133464.55,2023-11-21,1963.02,4.8806,124549.3,8915.25,6.68,2023,11,2023-11
3202,10,46,5,23673.05,2023-02-05,959.01,5.103,24469.14,-796.09,-3.36,2023,2,2023-02
3239,36,125,15,51031.0,2024-12-26,646.27,6.1656,59769.63,-8738.63,-17.12,2024,12,2024-12
3241,34,120,13,38587.1,2023-08-04,586.85,4.8609,37084.05,1503.05,3.9,2023,8,2023-08
3247,46,136,12,23682.0,2023-05-10,533.84,4.9547,31740.2,-8058.2,-34.03,2023,5,2023-05
3256,48,127,8,12395.0,2023-01-08,293.17,5.2855,12396.4,-1.4,-0.01,2023,1,2023-01
3269,44,135,11,18090.0,2024-08-06,328.1,5.6528,20401.52,-2311.52,-12.78,2024,8,2024-08
3280,4,103,15,26838.0,2023-11-17,341.7,4.8849,25037.55,1800.45,6.71,2023,11,2023-11
3293,4,127,3,4648.0,2023-06-19,296.24,4.7803,4248.35,399.65,8.6,2023,6,2023-06
3318,20,27,5,82557.0,2024-02-23,3051.23,4.9851,76053.43,6503.57,7.88,2024,2,2024-02
3324,15,16,1,30006.0,2024-12-06,5491.48,6.0293,33109.78,-3103.78,-10.34,2024,12,2024-12
3351,3,33,12,80589.0,2023-03-28,1268.8,5.1733,78766.6,1822.4,2.26,2023,3,2023-03
3355,28,15,14,371067.15,2024-04-28,5267.98,5.1184,377490.8,-6423.65,-1.73,2024,4,2024-04
3387,34,106,4,16662.05,2023-01-30,837.06,5.0959,17062.3,-400.25,-2.4,2023,1,2023-01
3388,15,127,4,6197.0,2023-11-22,296.24,4.8968,5802.51,394.49,6.37,2023,11,2023-11
3412,32,145,7,30449.0,2024-05-06,875.03,5.0727,31071.35,-622.35,-2.04,2024,5,2024-05
3450,8,15,6,159029.05,2023-10-02,5267.98,5.0679,160185.58,-1156.53,-0.73,2023,10,2023-10
3498,21,49,13,163813.25,2024-09-05,2627.0,5.6049,191412.94,-27599.69,-16.85,2024,9,2024-09
3513,35,52,5,65094.0,2024-09-04,2426.66,5.6359,68382.07,-3288.07,-5.05,2024,9,2024-09
3518,20,150,15,24685.0,2023-05-09,321.31,5.0007,24101.62,583.38,2.36,2023,5,2023-05
3520,47,19,6,93664.3,2024-10-22,3358.13,5.6958,114763.42,-21099.12,-22.53,2024,10,2024-10
3546,1,41,10,106000.0,2024-02-26,2005.71,4.9819,99922.47,6077.53,5.73,2024,2,2024-02
3555,4,69,1,43001.75,2023-07-26,9219.51,4.7368,43670.97,-669.22,-1.56,2023,7,2023-07
3561,48,127,15,23240.0,2024-11-08,296.24,5.7648,25616.47,-2376.47,-10.23,2024,11,2024-11
3569,38,74,8,692468.0,2024-10-25,17160.36,5.6969,782086.84,-89618.84,-12.94,2024,10,2024-10
3570,24,15,9,238543.1,2023-07-21,5267.98,4.7732,226306.1,12237.0,5.13,2023,7,2023-07
3622,28,14,6,214866.0,2024-04-19,6767.66,5.2269,212243.29,2622.71,1.22,2024,4,2024-04
3642,14,121,4,14777.0,2024-11-05,677.66,5.7846,15679.97,-902.97,-6.11,2024,11,2024-11
3644,22,134,8,37741.0,2023-10-29,948.15,4.948,37531.57,209.43,0.55,2023,10,2023-10
3655,24,64,4,446022.0,2024-11-12,21352.22,5.7694,492757.99,-46735.99,-10.48,2024,11,2024-11
3659,46,27,4,62743.7,2024-01-12,3051.23,4.8543,59246.34,3497.36,5.57,2024,1,2024-01
3717,34,89,7,523208.7,2024-09-06,14832.32,5.5702,578332.92,-55124.22,-10.54,2024,9,2024-09
3768,22,86,4,355388.35,2024-01-21,17824.79,4.9223,350955.86,4432.49,1.25,2024,1,2024-01
3815,7,142,8,6280.45,2023-11-21,169.88,4.8806,6632.93,-352.48,-5.61,2023,11,2023-11
3816,34,88,4,183678.7,2023-12-01,9954.59,4.9191,195870.49,-12191.79,-6.64,2023,12,2023-12
3851,34,119,7,21651.45,2023-09-14,669.88,4.8751,22860.12,-1208.67,-5.58,2023,9,2023-09
3861,9,89,10,786780.0,2024-07-07,14832.32,5.497,815332.63,-28552.63,-3.63,2024,7,2024-07
3868,20,118,12,49191.95,2024-09-23,787.87,5.5446,52421.09,-3229.14,-6.56,2024,9,2024-09
3890,26,84,4,173696.0,2024-07-08,8456.45,5.472,185094.78,-11398.78,-6.56,2024,7,2024-07
3891,9,40,9,127656.0,2024-05-21,2867.26,5.1037,131702.71,-4046.71,-3.17,2024,5,2024-05
3893,11,134,9,42458.0,2023-04-12,899.33,4.9496,40061.91,2396.09,5.64,2023,4,2023-04
3903,9,45,15,148556.0,2023-12-18,1881.33,4.9399,139403.73,9152.27,6.16,2023,12,2023-12
3904,43,109,11,6850.0,2023-05-03,169.23,5.0227,9349.91,-2499.91,-36.49,2023,5,2023-05
3913,30,69,8,344014.0,2024-01-09,9219.51,4.8937,360940.13,-16926.13,-4.92,2024,1,2024-01
3963,49,92,11,977395.0,2023-08-26,16745.97,4.8772,898407.89,78987.11,8.08,2023,8,2023-08
3996,16,141,5,22713.55,2023-07-02,942.08,4.8192,22700.36,13.19,0.06,2023,7,2023-07
3998,30,138,15,59608.7,2024-11-14,836.88,5.7885,72664.2,-13055.5,-21.9,2024,11,2024-11
4032,35,108,2,6691.0,2023-07-18,653.47,4.804,6278.54,412.46,6.16,2023,7,2023-07
4087,9,47,5,30615.0,2023-09-02,1496.29,4.9318,36897.02,-6282.02,-20.52,2023,9,2023-09
4106,1,71,1,130174.0,2023-07-24,27014.91,4.7457,128204.66,1969.34,1.51,2023,7,2023-07
4109,48,114,13,10391.0,2023-06-02,152.46,4.9558,9822.3,568.7,5.47,2023,6,2023-06
4113,2,72,15,1494970.0,2024-08-22,30675.48,5.5524,2554838.03,-1059868.03,-70.9,2024,8,2024-08
4135,19,9,14,555877.0,2024-03-08,7933.96,4.9751,552611.42,3265.58,0.59,2024,3,2024-03
4139,16,148,5,23928.0,2023-06-17,919.03,4.8286,22188.14,1739.86,7.27,2023,6,2023-06
4153,5,104,7,24691.45,2024-09-05,742.54,5.6049,29133.04,-4441.59,-17.99,2024,9,2024-09
4157,31,130,9,35432.15,2023-06-28,859.48,4.8563,37565.03,-2132.88,-6.02,2023,6,2023-06
4178,49,22,9,337322.2,2024-05-18,7630.67,5.1157,351325.97,-14003.77,-4.15,2024,5,2024-05
4180,19,58,4,435298.0,2023-04-18,20157.55,4.9678,400554.71,34743.29,7.98,2023,4,2023-04
4181,15,115,6,4734.8,2023-02-22,160.69,5.173,4987.5,-252.7,-5.34,2023,2,2023-02
4187,13,121,4,14777.0,2023-07-04,746.8,4.8056,14355.29,421.71,2.85,2023,7,2023-07
4270,1,80,8,982101.45,2024-05-18,24177.04,5.1157,989459.87,-7358.42,-0.75,2024,5,2024-05
4302,17,5,8,189352.0,2024-08-12,4752.24,5.4911,208760.2,-19408.2,-10.25,2024,8,2024-08
4307,44,22,11,433981.0,2023-09-21,7630.67,4.9229,413215.28,20765.72,4.78,2023,9,2023-09
4315,36,13,15,110395.7,2024-11-13,1356.5,5.7713,117431.53,-7035.83,-6.37,2024,11,2024-11
4361,11,48,14,206309.0,2023-02-04,2836.04,5.103,202612.37,3696.63,1.79,2023,2,2023-02
4389,2,82,6,294313.8,2023-09-24,9770.29,4.9131,288014.47,6299.33,2.14,2023,9,2023-09
4393,13,86,12,1066164.1,2024-03-10,17824.79,4.9751,1064161.35,2002.75,0.19,2024,3,2024-03
4415,49,56,6,245036.35,2023-03-04,8087.59,5.2037,252512.35,-7476.0,-3.05,2023,3,2023-03
4416,26,54,9,1093813.0,2023-12-20,23191.9,4.8766,1017878.58,75934.42,6.94,2023,12,2023-12
4444,28,145,9,39149.0,2023-10-18,820.56,5.0568,37344.67,1804.33,4.61,2023,10,2023-10
4475,18,113,6,25051.5,2024-01-28,815.5,4.9125,24036.86,1014.64,4.05,2024,1,2024-01
4479,23,79,3,188518.95,2023-08-10,11724.63,4.8518,170656.68,17862.27,9.48,2023,8,2023-08
4506,26,23,3,33536.0,2023-08-02,2108.74,4.8083,30418.36,3117.64,9.3,2023,8,2023-08
4507,30,138,2,8366.0,2023-04-17,826.61,4.9421,8170.38,195.62,2.34,2023,4,2023-04
4522,33,116,14,34254.15,2023-01-11,502.24,5.202,36577.13,-2322.98,-6.78,2023,1,2023-01
4527,4,106,12,49987.1,2024-01-02,918.37,4.8916,53907.58,-3920.48,-7.84,2024,1,2024-01
4535,6,67,8,686312.0,2023-04-09,16720.73,5.0683,677965.41,8346.59,1.22,2023,4,2023-04
4537,4,147,12,34542.95,2023-05-15,592.19,4.9103,34893.97,-351.02,-1.02,2023,5,2023-05
4540,6,18,8,201951.0,2023-08-15,5536.62,4.9812,220632.09,-18681.09,-9.25,2023,8,2023-08
4559,29,129,15,48993.0,2023-07-06,598.62,4.8977,43977.92,5015.08,10.24,2023,7,2023-07
4584,18,140,8,23823.15,2024-12-30,612.49,6.1923,30341.77,-6518.62,-27.36,2024,12,2024-12
4619,29,101,13,5722.8,2023-11-01,96.64,5.0194,6305.97,-583.17,-10.19,2023,11,2023-11
4627,19,4,1,3212.9,2023-08-12,654.31,4.8918,3200.75,12.15,0.38,2023,8,2023-08
4647,3,70,1,34355.0,2024-08-02,6083.51,5.7366,34898.66,-543.66,-1.58,2024,8,2024-08
4696,10,117,6,23387.1,2023-09-01,823.4,4.9318,24365.06,-977.96,-4.18,2023,9,2023-09
4722,44,45,10,94085.15,2024-02-08,1881.33,4.9804,93697.76,387.39,0.41,2024,2,2024-02
4728,33,110,8,19964.0,2023-03-03,476.03,5.2037,19816.94,147.06,0.74,2023,3,2023-03
4756,36,121,7,24567.0,2024-10-07,677.66,5.4626,25912.5,-1345.5,-5.48,2024,10,2024-10
4769,28,35,2,20910.45,2023-05-09,2106.85,5.0007,21071.45,-161.0,-0.77,2023,5,2023-05
4793,22,42,7,39852.5,2023-06-05,1263.57,4.9236,43549.19,-3696.69,-9.28,2023,6,2023-06
4805,3,78,9,1041061.3,2024-04-09,24425.59,5.008,1100910.19,-59848.89,-5.75,2024,4,2024-04
4814,37,147,7,21211.0,2024-06-30,592.19,5.5589,23043.47,-1832.47,-8.64,2024,6,2024-06
4820,2,21,10,82978.7,2024-04-02,1674.22,5.0476,84507.93,-1529.23,-1.84,2024,4,2024-04
4823,30,42,8,45545.85,2024-09-28,1263.57,5.4431,55021.9,-9476.05,-20.81,2024,9,2024-09
4846,40,19,6,93664.3,2024-09-13,3358.13,5.5717,112262.96,-18598.66,-19.86,2024,9,2024-09
4890,32,135,15,23434.6,2023-11-07,328.1,4.867,23952.94,-518.34,-2.21,2023,11,2023-11
4902,1,95,1,69808.0,2024-02-22,12945.63,4.9419,63976.01,5831.99,8.35,2024,2,2024-02
4916,19,27,7,115580.0,2024-04-21,3051.23,5.2269,111639.32,3940.68,3.41,2024,4,2024-04
4922,25,126,1,2677.0,2023-06-24,467.05,4.7799,2232.45,444.55,16.61,2023,6,2023-06
4924,14,123,12,33325.0,2024-01-04,535.37,4.9188,31600.54,1724.46,5.17,2024,1,2024-01
4934,23,103,11,18696.95,2024-07-16,325.52,5.4274,19434.0,-737.05,-3.94,2024,7,2024-07
4944,14,79,5,314197.3,2023-12-05,11724.63,4.9522,290313.56,23883.74,7.6,2023,12,2023-12
4957,31,7,8,148342.5,2023-08-26,3678.62,4.8772,143530.92,4811.58,3.24,2023,8,2023-08
4983,44,81,11,1343633.0,2024-04-08,23345.09,5.0421,1294791.06,48841.94,3.64,2024,4,2024-04
4988,45,134,8,37741.0,2023-02-28,899.33,5.2078,37468.25,272.75,0.72,2023,2,2023-02
4993,45,86,5,444235.2,2024-07-16,17824.79,5.4274,483711.33,-39476.13,-8.89,2024,7,2024-07
4999,35,58,1,108825.0,2023-11-27,20157.55,4.8951,98673.22,10151.78,9.33,2023,11,2023-11
5031,24,55,13,1358342.3,2023-07-22,23326.09,4.7732,1447421.21,-89078.91,-6.56,2023,7,2023-07
5035,2,2,14,186175.3,2024-08-31,2829.74,5.6562,224078.06,-37902.76,-20.36,2024,8,2024-08
5037,13,67,2,162999.1,2024-12-18,16720.73,6.1624,206079.65,-43080.55,-26.43,2024,12,2024-12
5045,45,28,9,121910.65,2023-09-18,2723.39,4.8535,118961.76,2948.89,2.42,2023,9,2023-09
5053,7,126,4,10172.6,2023-08-02,467.05,4.8083,8982.87,1189.73,11.7,2023,8,2023-08
5073,21,136,12,23682.0,2024-06-27,390.62,5.5229,25888.26,-2206.26,-9.32,2024,6,2024-06
5075,25,60,15,1631266.0,2023-12-07,22190.02,4.8949,1629268.93,1997.07,0.12,2023,12,2023-12
5108,21,55,4,417951.55,2024-08-09,22138.68,5.5115,488069.34,-70117.79,-16.78,2024,8,2024-08
5112,12,76,11,1630181.0,2023-11-14,27945.06,4.8682,1496463.55,133717.45,8.2,2023,11,2023-11
5157,21,147,3,9090.0,2024-08-13,592.19,5.4875,9748.93,-658.93,-7.25,2024,8,2024-08
5187,3,71,14,1822437.0,2024-03-05,27484.92,4.9488,1904243.21,-81806.21,-4.49,2024,3,2024-03
5201,12,30,14,428896.5,2024-02-13,6558.44,4.9717,456492.35,-27595.85,-6.43,2024,2,2024-02
5209,17,31,10,78689.45,2024-12-10,1482.91,6.0529,89759.06,-11069.61,-14.07,2024,12,2024-12
5250,5,70,9,293739.05,2023-09-23,6655.06,4.9131,294272.78,-533.73,-0.18,2023,9,2023-09
5258,35,145,7,30449.0,2024-09-12,875.03,5.6554,34640.51,-4191.51,-13.77,2024,9,2024-09
5261,8,73,12,1717919.0,2023-09-14,27541.35,4.8751,1611202.02,106716.98,6.21,2023,9,2023-09
5321,12,129,2,6532.0,2023-04-24,598.62,5.0595,6057.44,474.56,7.27,2023,4,2023-04
5340,22,20,4,123334.0,2024-01-01,5689.04,4.8413,110169.4,13164.6,10.67,2024,1,2024-01
5347,25,53,15,764868.75,2023-02-23,10045.86,5.133,773480.99,-8612.24,-1.13,2023,2,2023-02
5359,49,139,7,9974.0,2023-10-13,246.89,5.0625,8749.16,1224.84,12.28,2023,10,2023-10
5360,47,20,14,431668.0,2023-08-06,5689.04,4.8609,387153.96,44514.04,10.31,2023,8,2023-08
5361,37,130,13,51179.35,2023-03-12,749.89,5.1822,50519.04,660.31,1.29,2023,3,2023-03
5459,19,111,10,40709.4,2024-06-11,860.37,5.3524,46050.44,-5341.04,-13.12,2024,6,2024-06
5488,25,67,6,488997.3,2024-05-13,16720.73,5.1412,515787.7,-26790.4,-5.48,2024,5,2024-05
5496,41,144,10,21033.95,2024-09-26,402.54,5.4412,21903.01,-869.06,-4.13,2024,9,2024-09
5503,23,35,13,143072.0,2023-10-06,2106.85,5.1918,142198.47,873.53,0.61,2023,10,2023-10
5513,47,135,6,9867.0,2024-04-11,328.1,5.0765,9993.6,-126.6,-1.28,2024,4,2024-04
5530,29,37,9,51878.55,2024-09-24,1211.89,5.4702,59663.53,-7784.98,-15.01,2024,9,2024-09
5536,16,128,8,37206.0,2024-11-18,853.09,5.7603,39312.43,-2106.43,-5.66,2024,11,2024-11
5550,32,12,10,27262.0,2023-02-07,527.97,5.1695,27293.41,-31.41,-0.12,2023,2,2023-02
5560,28,75,3,93389.75,2024-06-03,6193.58,5.2373,97312.91,-3923.16,-4.2,2024,6,2024-06
5567,45,33,7,44659.5,2024-02-24,1268.8,4.9851,44275.66,383.84,0.86,2024,2,2024-02
5572,44,56,2,85978.0,2024-07-03,8087.59,5.5863,90359.41,-4381.41,-5.1,2024,7,2024-07
5573,46,128,13,60459.0,2023-12-09,853.09,4.9158,54517.06,5941.94,9.83,2023,12,2023-12
5584,42,86,7,621928.9,2024-09-07,17824.79,5.5702,695013.52,-73084.62,-11.75,2024,9,2024-09
5589,49,97,4,514273.0,2023-04-17,25607.88,4.9421,506226.81,8046.19,1.56,2023,4,2023-04
5634,36,86,9,841708.0,2024-06-07,17824.79,5.2802,847066.11,-5358.11,-0.64,2024,6,2024-06
5654,5,20,5,146458.65,2024-06-05,5689.04,5.2841,150307.28,-3848.63,-2.63,2024,6,2024-06
5664,1,23,6,63718.4,2023-03-24,2108.74,5.2921,66957.98,-3239.58,-5.08,2023,3,2023-03
5665,47,94,1,38713.45,2024-08-16,8022.13,5.4632,43826.5,-5113.05,-13.21,2024,8,2024-08
5682,47,134,9,42458.0,2023-09-26,948.15,4.9717,42425.26,32.74,0.08,2023,9,2023-09
5695,1,91,7,944202.0,2023-02-28,26303.31,5.2078,958876.64,-14674.64,-1.55,2023,2,2023-02
5718,13,47,14,81434.95,2023-02-23,1496.29,5.133,107526.39,-26091.44,-32.04,2023,2,2023-02
5735,37,25,13,149761.8,2023-05-12,2389.36,4.9234,152929.08,-3167.28,-2.11,2023,5,2023-05
5791,20,14,14,476287.25,2023-04-01,6767.66,5.0804,481353.88,-5066.63,-1.06,2023,4,2023-04
5793,24,76,5,740991.0,2023-04-21,27945.06,5.0497,705570.85,35420.15,4.78,2023,4,2023-04
5815,19,53,15,764868.75,2024-03-18,11332.93,5.0124,852077.67,-87208.92,-11.4,2024,3,2024-03
5826,33,4,8,27055.0,2023-11-18,654.31,4.8849,25569.91,1485.09,5.49,2023,11,2023-11
5840,12,53,7,356938.75,2024-11-07,9496.3,5.6624,376402.94,-19464.19,-5.45,2024,11,2024-11
5848,7,11,5,172102.0,2023-02-16,6733.8,5.2432,176533.3,-4431.3,-2.57,2023,2,2023-02
5851,23,28,15,203184.1,2024-07-20,2776.74,5.5543,231342.7,-28158.6,-13.86,2024,7,2024-07
5857,15,139,13,18523.0,2023-09-21,246.89,4.9229,15800.39,2722.61,14.7,2023,9,2023-09
5862,6,132,14,21882.0,2023-05-14,276.61,4.9234,19066.06,2815.94,12.87,2023,5,2023-05
5889,34,142,11,9091.0,2023-03-10,160.09,5.1822,9125.8,-34.8,-0.38,2023,3,2023-03
5900,26,31,8,66265.0,2024-01-01,1686.13,4.8413,65304.49,960.51,1.45,2024,1,2024-01
5923,12,72,6,568088.6,2024-08-07,30675.48,5.6093,1032407.82,-464319.22,-81.73,2024,8,2024-08
5926,6,45,11,108941.0,2024-06-13,1881.33,5.3974,111697.2,-2756.2,-2.53,2024,6,2024-06
5931,17,144,11,24356.0,2023-11-16,422.52,4.8575,22576.3,1779.7,7.31,2023,11,2023-11
5938,37,81,11,1276451.35,2023-01-04,23345.09,5.4459,1398485.28,-122033.93,-9.56,2023,1,2023-01
5940,7,47,2,12246.0,2023-09-04,1496.29,4.9176,14716.31,-2470.31,-20.17,2023,9,2023-09
5946,42,56,10,408393.6,2023-05-16,8087.59,4.9122,397278.6,11115.0,2.72,2023,5,2023-05
5950,42,20,12,370001.0,2023-08-11,5689.04,4.8918,333955.75,36045.25,9.74,2023,8,2023-08
5955,1,82,14,686733.15,2024-07-11,9770.29,5.41,740001.76,-53268.61,-7.76,2024,7,2024-07
5968,33,87,12,762203.05,2024-12-14,13597.7,6.04,985561.3,-223358.25,-29.3,2024,12,2024-12
5986,38,42,14,79705.0,2024-07-02,1263.57,5.6677,100261.5,-20556.5,-25.79,2024,7,2024-07
6035,46,67,5,407497.75,2024-10-23,16720.73,5.7149,477786.5,-70288.75,-17.25,2024,10,2024-10
6053,2,24,2,46464.0,2024-01-28,4129.65,4.9125,40573.81,5890.19,12.68,2024,1,2024-01
6065,17,85,13,501523.0,2024-10-31,7885.27,5.7779,592283.92,-90760.92,-18.1,2024,10,2024-10
6105,24,130,6,24865.0,2023-09-30,859.48,5.0076,25823.59,-958.59,-3.86,2023,9,2023-09
6106,14,35,10,104552.25,2024-02-18,2106.85,4.9761,104838.96,-286.71,-0.27,2024,2,2024-02
6143,32,98,9,714250.0,2023-11-09,15850.04,4.9007,699086.62,15163.38,2.12,2023,11,2023-11
6154,28,25,3,36379.0,2024-04-06,2430.59,5.052,36838.02,-459.02,-1.26,2024,4,2024-04
6158,40,12,6,16357.0,2023-06-13,527.97,4.8533,15374.38,982.62,6.01,2023,6,2023-06
6207,30,120,5,15622.0,2023-01-08,586.85,5.2855,15508.98,113.02,0.72,2023,1,2023-01
6220,7,103,11,18696.95,2024-01-10,341.7,4.8901,18380.42,316.53,1.69,2024,1,2024-01
6221,43,82,14,686733.15,2023-09-01,9770.29,4.9318,674591.63,12141.52,1.77,2023,9,2023-09
6241,2,130,15,62161.0,2024-05-10,826.87,5.1464,63831.06,-1670.06,-2.69,2024,5,2024-05
6250,8,149,4,4421.3,2023-07-08,225.94,4.8799,4410.26,11.04,0.25,2023,7,2023-07
6251,10,2,8,106385.75,2023-03-02,2577.22,5.208,107377.29,-991.54,-0.93,2023,3,2023-03
6253,20,150,10,16457.0,2023-04-14,321.31,4.9455,15890.39,566.61,3.44,2023,4,2023-04
6265,45,126,6,16062.0,2024-04-13,467.05,5.1364,14393.73,1668.27,10.39,2024,4,2024-04
6307,13,107,1,1437.35,2023-08-31,295.48,4.9219,1454.32,-16.97,-1.18,2023,8,2023-08
6318,45,13,2,15494.0,2024-10-02,1356.5,5.4305,14732.95,761.05,4.91,2024,10,2024-10
6334,2,102,12,9984.0,2024-07-24,199.93,5.6346,13518.31,-3534.31,-35.4,2024,7,2024-07
6362,42,117,12,49236.0,2024-11-18,823.4,5.7603,56916.37,-7680.37,-15.6,2024,11,2024-11
6388,24,50,9,96409.8,2024-01-21,2378.45,4.9223,105367.0,-8957.2,-9.29,2024,1,2024-01
6416,24,116,11,28331.0,2023-09-13,502.24,4.9171,27165.21,1165.79,4.11,2023,9,2023-09
6419,11,86,1,88846.85,2023-03-05,17824.79,5.2037,92754.86,-3908.01,-4.4,2023,3,2023-03
6421,12,109,5,2958.3,2024-08-29,123.24,5.6358,3472.78,-514.48,-17.39,2024,8,2024-08
6435,15,10,10,320330.0,2023-10-12,6445.41,5.0496,325467.42,-5137.42,-1.6,2023,10,2023-10
6441,43,136,6,11841.0,2023-01-25,533.84,5.1042,16348.96,-4507.96,-38.07,2023,1,2023-01
6457,11,12,15,38848.35,2024-11-05,481.53,5.7846,41781.88,-2933.53,-7.55,2024,11,2024-11
6463,19,88,3,137758.55,2023-05-18,9351.41,4.9647,139280.84,-1522.29,-1.11,2023,5,2023-05
6470,13,101,7,3244.0,2024-03-16,96.64,4.9937,3378.14,-134.14,-4.13,2024,3,2024-03
6500,35,5,13,307697.0,2024-12-24,4327.37,6.1541,346203.88,-38506.88,-12.51,2024,12,2024-12
6524,32,148,9,40916.5,2024-07-23,885.1,5.5807,44455.3,-3538.8,-8.65,2024,7,2024-07
6534,1,29,10,346847.85,2023-09-11,7689.63,4.9366,379606.27,-32758.42,-9.44,2023,9,2023-09
6551,1,48,13,191573.0,2023-12-25,3020.3,4.8619,190897.16,675.84,0.35,2023,12,2023-12
6554,25,104,10,37130.0,2024-03-15,742.54,4.9937,37080.22,49.78,0.13,2024,3,2024-03
6587,42,128,8,35345.7,2023-07-06,853.09,4.8977,33425.43,1920.27,5.43,2023,7,2023-07
6589,36,49,2,25201.6,2023-06-29,2627.0,4.8584,25526.03,-324.43,-1.29,2023,6,2023-06
6593,7,142,6,4710.1,2023-02-13,160.09,5.1834,4978.86,-268.76,-5.71,2023,2,2023-02
6614,17,63,6,839746.0,2023-03-13,27618.14,5.24,868314.32,-28568.32,-3.4,2023,3,2023-03
6685,26,92,2,168822.6,2023-06-19,16745.97,4.7803,160101.52,8721.08,5.17,2023,6,2023-06
6699,14,101,11,4842.15,2023-09-08,96.64,4.9835,5297.66,-455.51,-9.41,2023,9,2023-09
6731,30,135,12,18747.3,2023-09-15,328.1,4.8689,19169.83,-422.53,-2.25,2023,9,2023-09
6737,35,8,10,49842.0,2024-11-25,947.05,5.8002,54930.79,-5088.79,-10.21,2024,11,2024-11
6739,21,143,15,66546.0,2024-10-27,896.83,5.6969,76637.26,-10091.26,-15.16,2024,10,2024-10
6752,24,86,15,1332704.65,2023-01-05,17824.79,5.4026,1444503.16,-111798.51,-8.39,2023,1,2023-01
6766,38,135,10,15622.75,2023-02-21,318.15,5.2012,16547.62,-924.87,-5.92,2023,2,2023-02
6799,32,28,2,28517.0,2024-03-11,2921.84,4.9777,29088.09,-571.09,-2.0,2024,3,2024-03
6802,45,50,7,74985.4,2023-11-24,2378.45,4.8927,81459.3,-6473.9,-8.63,2023,11,2023-11
6815,40,34,5,24588.0,2023-10-14,1022.84,5.0625,25890.64,-1302.64,-5.3,2023,10,2023-10
6840,13,23,15,159295.05,2024-08-10,2244.66,5.5115,185571.65,-26276.6,-16.5,2024,8,2024-08
6846,34,50,8,90208.0,2023-10-27,2378.45,4.948,94148.56,-3940.56,-4.37,2023,10,2023-10
6921,10,64,7,741512.05,2023-07-21,21352.22,4.7732,713428.92,28083.13,3.79,2023,7,2023-07
6933,26,134,3,14153.0,2023-03-05,899.33,5.2037,14039.53,113.47,0.8,2023,3,2023-03
6934,49,104,2,7054.7,2024-06-08,742.54,5.2802,7841.52,-786.82,-11.15,2024,6,2024-06
6943,4,29,15,547655.0,2024-02-04,7689.63,4.9471,570620.53,-22965.53,-4.19,2024,2,2024-02
6969,19,63,8,1119661.0,2024-09-12,27618.14,5.6554,1249533.03,-129872.03,-11.6,2024,9,2024-09
6979,6,26,6,103699.0,2024-11-28,3378.85,5.9871,121377.08,-17678.08,-17.05,2024,11,2024-11
6987,45,7,8,148342.5,2024-05-03,3678.62,5.0668,149110.65,-768.15,-0.52,2024,5,2024-05
7014,34,97,5,676675.0,2024-06-10,25607.88,5.3666,687136.24,-10461.24,-1.55,2024,6,2024-06
7027,28,50,6,67656.0,2024-04-12,2378.45,5.1364,73300.02,-5644.02,-8.34,2024,4,2024-04
7043,7,52,6,82225.0,2023-06-17,2634.69,4.8286,76331.18,5893.82,7.17,2023,6,2023-06
7054,13,20,8,234334.6,2023-03-17,5689.04,5.2679,239754.35,-5419.75,-2.31,2023,3,2023-03
7057,34,144,3,6642.0,2024-07-28,444.87,5.6465,7535.88,-893.88,-13.46,2024,7,2024-07
7074,39,89,6,472068.0,2023-08-21,14832.32,4.9847,443607.99,28460.01,6.03,2023,8,2023-08
7078,26,129,1,3266.0,2023-04-17,598.62,4.9421,2958.44,307.56,9.42,2023,4,2023-04
7083,24,100,2,198740.0,2024-12-20,19807.28,6.078,240777.3,-42037.3,-21.15,2024,12,2024-12
7085,43,84,8,330021.45,2024-11-22,8456.45,5.8124,393218.16,-63196.71,-19.15,2024,11,2024-11
7113,15,124,15,56549.0,2024-05-02,725.63,5.1184,55710.97,838.03,1.48,2024,5,2024-05
7118,28,98,11,829323.4,2023-07-01,15262.93,4.8192,809106.23,20217.17,2.44,2023,7,2023-07
7162,16,132,14,20787.9,2024-12-22,314.46,6.078,26758.03,-5970.13,-28.72,2024,12,2024-12
7163,43,37,4,23057.45,2023-07-31,1181.71,4.7415,22412.31,645.14,2.8,2023,7,2023-07
7164,28,109,5,2958.3,2024-01-12,169.23,4.8543,4107.47,-1149.17,-38.85,2024,1,2024-01
7176,13,137,7,23698.0,2024-12-07,673.98,6.0293,28445.39,-4747.39,-20.03,2024,12,2024-12
7192,26,145,7,28926.55,2023-07-22,820.56,4.7732,27416.88,1509.67,5.22,2023,7,2023-07
7271,5,141,4,19127.0,2023-08-07,942.08,4.901,18468.54,658.46,3.44,2023,8,2023-08
7280,24,48,15,209992.75,2023-09-28,3020.3,5.0475,228674.46,-18681.71,-8.9,2023,9,2023-09
7296,16,67,1,81499.55,2024-04-25,16720.73,5.1679,86411.06,-4911.51,-6.03,2024,4,2024-04
7303,25,110,14,34937.0,2024-07-22,476.03,5.5598,37052.84,-2115.84,-6.06,2024,7,2024-07
7318,2,51,14,853314.7,2024-07-31,12243.38,5.6621,970525.39,-117210.69,-13.74,2024,7,2024-07
7324,29,41,4,40280.0,2024-03-27,2005.71,4.9856,39998.67,281.33,0.7,2024,3,2024-03
7333,13,120,1,3124.0,2023-09-09,635.45,4.9835,3166.77,-42.77,-1.37,2023,9,2023-09
7350,19,129,14,45727.0,2023-02-21,598.62,5.2012,43589.59,2137.41,4.67,2023,2,2023-02
7363,43,68,9,571970.3,2023-12-08,13998.43,4.9158,619321.34,-47351.04,-8.28,2023,12,2023-12
7429,32,67,15,1286836.0,2023-12-09,16720.73,4.9158,1232936.47,53899.53,4.19,2023,12,2023-12
7430,7,109,15,9340.0,2023-12-07,169.23,4.8949,12425.46,-3085.46,-33.03,2023,12,2023-12
7431,25,60,5,543755.0,2024-01-28,22370.78,4.9125,549482.28,-5727.28,-1.05,2024,1,2024-01
7432,34,31,3,23606.55,2024-09-18,1482.91,5.4767,24364.36,-757.81,-3.21,2024,9,2024-09
7442,31,108,6,20073.0,2023-12-04,688.83,4.9091,20289.21,-216.21,-1.08,2023,12,2023-12
7482,7,6,10,112291.9,2023-03-13,2104.66,5.24,110284.18,2007.72,1.79,2023,3,2023-03
7527,13,37,3,17292.85,2023-08-26,1181.71,4.8772,17290.31,2.54,0.01,2023,8,2023-08
7581,4,35,2,22011.0,2024-01-06,2106.85,4.8899,20604.57,1406.43,6.39,2024,1,2024-01
7585,27,90,3,237292.0,2023-06-27,14083.78,4.7903,202396.59,34895.41,14.71,2023,6,2023-06
7590,17,41,4,40280.0,2024-01-12,2005.71,4.8543,38945.27,1334.73,3.31,2024,1,2024-01
7602,30,66,1,12572.0,2024-08-19,2297.7,5.4237,12462.04,109.96,0.87,2024,8,2024-08
7631,30,35,3,31366.15,2023-09-28,2106.85,5.0475,31902.98,-536.83,-1.71,2023,9,2023-09
7636,22,103,14,23796.55,2023-10-19,341.7,5.054,24177.33,-380.78,-1.6,2023,10,2023-10
7637,27,148,7,31824.05,2023-05-07,919.03,4.9696,31970.48,-146.43,-0.46,2023,5,2023-05
7638,1,82,1,51634.0,2023-07-03,9770.29,4.7876,46776.24,4857.76,9.41,2023,7,2023-07
7639,6,67,10,857890.0,2024-04-16,16720.73,5.2635,880095.62,-22205.62,-2.59,2024,4,2024-04
7661,13,137,11,35378.0,2024-05-26,673.98,5.1508,38186.9,-2808.9,-7.94,2024,5,2024-05
7685,11,98,12,952334.0,2024-08-13,15850.04,5.4875,1043725.13,-91391.13,-9.6,2024,8,2024-08
7699,47,5,7,165683.0,2023-12-06,4752.24,4.9031,163104.96,2578.04,1.56,2023,12,2023-12
7702,11,89,3,236034.0,2024-06-18,14832.32,5.4074,240612.86,-4578.86,-1.94,2024,6,2024-06
7717,21,33,2,12760.4,2023-06-17,1268.8,4.8286,12253.06,507.34,3.98,2023,6,2023-06
7739,15,42,2,11986.0,2024-01-15,1263.57,4.8765,12323.6,-337.6,-2.82,2024,1,2024-01
7766,34,54,8,923665.05,2024-10-25,23191.9,5.6969,1056975.48,-133310.43,-14.43,2024,10,2024-10
7795,30,39,1,28151.35,2024-06-18,5270.87,5.4074,28501.7,-350.35,-1.24,2024,6,2024-06
7801,26,59,8,697329.0,2024-04-09,17522.59,5.008,702025.05,-4696.05,-0.67,2024,4,2024-04
7822,2,146,7,3298.4,2024-05-23,99.02,5.1443,3565.72,-267.32,-8.1,2024,5,2024-05
7823,25,78,6,694040.55,2024-09-28,24425.59,5.4431,797705.57,-103665.02,-14.94,2024,9,2024-09
7882,49,6,14,157208.85,2023-04-10,2104.66,5.0834,149783.6,7425.25,4.72,2023,4,2023-04
7885,46,85,13,476446.85,2024-03-06,7885.27,4.9398,506371.54,-29924.69,-6.28,2024,3,2024-03
7886,40,28,4,54182.3,2024-03-08,2921.84,4.9751,58145.78,-3963.48,-7.32,2024,3,2024-03
7895,15,55,13,1429834.0,2023-03-23,23326.09,5.2632,1596008.4,-166174.4,-11.62,2023,3,2023-03
7896,16,66,11,138288.0,2023-10-05,2360.29,5.1713,134263.44,4024.56,2.91,2023,10,2023-10
7900,27,47,1,6123.0,2023-11-23,1496.29,4.8931,7321.5,-1198.5,-19.57,2023,11,2023-11
7906,20,31,12,94427.15,2024-02-04,1686.13,4.9471,100097.44,-5670.29,-6.0,2024,2,2024-02
7921,48,114,12,9591.0,2023-01-29,144.69,5.0767,8814.57,776.43,8.1,2023,1,2023-01
7932,10,50,6,67656.0,2023-12-20,2378.45,4.8766,69592.5,-1936.5,-2.86,2023,12,2023-12
7937,24,122,3,3967.0,2024-07-14,271.3,5.4529,4438.12,-471.12,-11.88,2024,7,2024-07
8020,18,120,11,34369.0,2024-10-29,635.45,5.714,39940.57,-5571.57,-16.21,2024,10,2024-10
8070,10,125,12,38783.75,2023-01-19,630.46,5.2144,39449.65,-665.9,-1.72,2023,1,2023-01
8071,49,25,7,80640.75,2024-06-20,2430.59,5.4254,92308.46,-11667.71,-14.47,2024,6,2024-06
8106,8,25,8,92161.4,2023-08-31,2389.36,4.9219,94081.53,-1920.13,-2.08,2023,8,2023-08
8135,21,51,6,365706.3,2024-05-31,12243.38,5.2416,385049.4,-19343.1,-5.29,2024,5,2024-05
8155,23,125,2,6463.8,2023-07-13,646.27,4.8038,6209.1,254.7,3.94,2023,7,2023-07
8159,9,95,15,1047121.0,2024-04-01,12945.63,5.0532,981252.86,65868.14,6.29,2024,4,2024-04
8176,9,43,15,526453.0,2024-03-23,6219.32,4.9897,465488.12,60964.88,11.58,2024,3,2024-03
8195,11,133,1,1893.0,2024-10-03,381.67,5.485,2093.46,-200.46,-10.59,2024,10,2024-10
8202,9,123,9,24994.0,2024-02-14,535.37,4.9723,23958.18,1035.82,4.14,2024,2,2024-02
8205,8,101,14,6488.0,2023-06-16,87.95,4.8286,5945.46,542.54,8.36,2023,6,2023-06
8208,47,47,8,48984.0,2023-09-24,1496.29,4.9131,58811.38,-9827.38,-20.06,2023,9,2023-09
8292,35,140,11,32756.0,2023-06-18,586.81,4.8286,31168.18,1587.82,4.85,2023,6,2023-06
8296,36,101,14,6488.0,2023-06-05,87.95,4.9236,6062.43,425.57,6.56,2023,6,2023-06
8340,29,27,6,94115.55,2023-01-21,3051.23,5.1986,95172.75,-1057.2,-1.12,2023,1,2023-01
8344,26,143,2,8873.0,2023-06-01,896.83,5.035,9031.08,-158.08,-1.78,2023,6,2023-06
8371,49,114,10,7593.35,2024-12-27,152.46,6.1991,9451.15,-1857.8,-24.47,2024,12,2024-12
8397,31,36,1,22601.0,2023-06-11,4561.15,4.8922,22314.06,286.94,1.27,2023,6,2023-06
8403,41,10,14,448463.0,2023-10-19,6445.41,5.054,456051.43,-7588.43,-1.69,2023,10,2023-10
8413,43,121,2,7019.55,2023-12-08,746.8,4.9158,7342.24,-322.69,-4.6,2023,12,2023-12
8416,5,12,2,5179.4,2023-11-22,527.97,4.8968,5170.73,8.67,0.17,2023,11,2023-11
8426,5,39,13,385227.0,2024-07-17,5270.87,5.467,374606.0,10621.0,2.76,2024,7,2024-07
8431,2,140,4,12538.0,2023-12-02,586.81,4.9191,11546.31,991.69,7.91,2023,12,2023-12
8438,9,15,3,83699.0,2023-09-15,5267.98,4.8689,76947.8,6751.2,8.07,2023,9,2023-09
8468,37,94,11,425846.05,2024-10-20,8022.13,5.6672,500093.17,-74247.12,-17.44,2024,10,2024-10
8479,4,30,1,30635.6,2023-01-21,5636.75,5.1986,29303.21,1332.39,4.35,2023,1,2023-01
8490,31,83,9,1213235.0,2023-08-12,35839.7,4.8918,1577885.8,-364650.8,-30.06,2023,8,2023-08
8491,20,109,10,6227.0,2024-03-17,169.23,4.9937,8450.84,-2223.84,-35.71,2024,3,2024-03
8496,17,46,13,64789.0,2024-03-04,1000.64,4.9475,64358.66,430.34,0.66,2024,3,2024-03
8507,18,16,5,150030.0,2023-04-27,5615.94,5.015,140819.7,9210.3,6.14,2023,4,2023-04
8516,10,136,6,11841.0,2024-09-25,390.62,5.4736,12828.59,-987.59,-8.34,2024,9,2024-09
8528,40,115,14,11628.0,2024-03-30,167.9,4.9962,11744.07,-116.07,-1.0,2024,3,2024-03
8536,33,42,2,11986.0,2023-05-19,1263.57,4.9858,12599.81,-613.81,-5.12,2023,5,2023-05
8547,29,1,14,463715.0,2023-11-19,6574.8,4.8849,449641.37,14073.63,3.03,2023,11,2023-11
8588,24,120,9,26714.0,2024-09-17,635.45,5.501,31460.49,-4746.49,-17.77,2024,9,2024-09
8630,13,95,11,729493.6,2023-05-27,12945.63,5.0114,713633.03,15860.57,2.17,2023,5,2023-05
8641,5,11,4,144928.0,2024-03-11,7246.24,4.9777,144278.44,649.56,0.45,2024,3,2024-03
8646,9,47,7,40717.95,2024-02-04,1496.29,4.9471,51816.07,-11098.12,-27.26,2024,2,2024-02
8657,27,122,9,11902.0,2024-05-10,271.3,5.1464,12565.96,-663.96,-5.58,2024,5,2024-05
8662,34,11,14,481884.65,2023-04-09,6839.44,5.0683,485300.67,-3416.02,-0.71,2023,4,2023-04
8665,9,40,6,80848.8,2024-07-04,2867.26,5.4839,94342.6,-13493.8,-16.69,2024,7,2024-07
8678,42,75,10,311299.8,2023-11-21,6193.58,4.8806,302283.87,9015.93,2.9,2023,11,2023-11
8682,44,45,10,99037.0,2024-12-08,1881.33,6.0293,113431.03,-14394.03,-14.53,2024,12,2024-12
8689,49,108,14,46838.0,2024-05-05,688.83,5.0668,48862.29,-2024.29,-4.32,2024,5,2024-05
8704,42,30,15,459532.1,2023-10-22,6558.44,5.0528,497077.28,-37545.18,-8.17,2023,10,2023-10
8716,17,142,14,11570.0,2024-05-02,169.88,5.1184,12173.19,-603.19,-5.21,2024,5,2024-05
8722,7,148,5,23928.0,2024-06-06,979.78,5.2681,25807.9,-1879.9,-7.86,2024,6,2024-06
8750,17,94,5,203754.0,2023-12-19,8022.13,4.8663,195190.46,8563.54,4.2,2023,12,2023-12
8771,45,79,4,251357.65,2024-08-03,11935.56,5.7366,273878.13,-22520.48,-8.96,2024,8,2024-08
8773,35,53,12,611895.0,2024-06-03,11332.93,5.2373,712247.45,-100352.45,-16.4,2024,6,2024-06
8776,6,145,9,39149.0,2023-05-01,820.56,5.0007,36930.37,2218.63,5.67,2023,5,2023-05
8777,23,116,9,23180.0,2024-02-29,502.24,4.9833,22525.31,654.69,2.82,2024,2,2024-02
8784,29,12,11,28488.6,2023-02-13,527.97,5.1834,30103.48,-1614.88,-5.67,2023,2,2023-02
8822,35,66,11,138288.0,2023-05-02,2360.29,5.0334,130683.12,7604.88,5.5,2023,5,2023-05
8833,27,107,15,21565.95,2023-02-21,295.48,5.2012,23052.76,-1486.81,-6.89,2023,2,2023-02
8887,5,139,8,10829.05,2024-01-09,246.89,4.8937,9665.64,1163.41,10.74,2024,1,2024-01
8895,29,84,12,495032.65,2024-12-13,8456.45,6.04,612923.5,-117890.85,-23.81,2024,12,2024-12
8921,13,118,9,36894.2,2023-02-23,797.41,5.133,36837.95,56.25,0.15,2023,2,2023-02
8929,19,68,9,571970.3,2023-06-07,13226.26,4.9119,584694.6,-12724.3,-2.22,2023,6,2023-06
8960,35,116,2,5151.0,2024-08-27,502.24,5.4969,5521.53,-370.53,-7.19,2024,8,2024-08
8992,34,74,5,432793.0,2024-02-29,17160.36,4.9833,427576.11,5216.89,1.21,2024,2,2024-02
9015,10,87,9,571652.05,2023-08-09,11794.37,4.9015,520290.94,51361.11,8.98,2023,8,2023-08
9033,41,49,12,151212.45,2024-01-08,2627.0,4.885,153994.74,-2782.29,-1.84,2024,1,2024-01
9050,4,29,7,255572.0,2024-03-20,7689.63,5.012,269782.98,-14210.98,-5.56,2024,3,2024-03
9060,18,148,13,59101.4,2024-03-11,979.78,4.9777,63401.66,-4300.26,-7.28,2024,3,2024-03
9075,25,32,7,87517.0,2024-08-19,2240.54,5.4237,85064.12,2452.88,2.8,2024,8,2024-08
9080,29,126,14,37479.0,2023-08-21,467.05,4.9847,32593.46,4885.54,13.04,2023,8,2023-08
9088,43,51,4,256636.0,2023-12-18,12243.38,4.9399,241924.29,14711.71,5.73,2023,12,2023-12
9091,10,22,4,157811.0,2023-06-28,7630.67,4.8563,148227.29,9583.71,6.07,2023,6,2023-06
9092,24,2,11,153980.0,2024-07-09,2829.74,5.4387,169291.18,-15311.18,-9.94,2024,7,2024-07
9099,34,25,3,36379.0,2024-06-11,2430.59,5.3524,39028.47,-2649.47,-7.28,2024,6,2024-06
9107,4,35,10,110055.0,2024-06-28,2106.85,5.5589,117117.68,-7062.68,-6.42,2024,6,2024-06
9116,40,8,4,19937.0,2023-06-21,1006.07,4.7795,19234.05,702.95,3.53,2023,6,2023-06
9123,1,98,4,301572.75,2023-08-05,15262.93,4.8609,296766.31,4806.44,1.59,2023,8,2023-08
9132,41,61,6,168112.0,2024-08-15,5396.92,5.4651,176968.24,-8856.24,-5.27,2024,8,2024-08
9150,14,118,5,21576.0,2023-01-27,797.41,5.0767,20241.06,1334.94,6.19,2023,1,2023-01
9165,17,94,14,570512.0,2024-10-31,8022.13,5.7779,648914.91,-78402.91,-13.74,2024,10,2024-10
9192,45,76,14,1971036.25,2024-02-23,27945.06,4.9851,1950324.86,20711.39,1.05,2024,2,2024-02
9194,7,127,7,10845.0,2023-01-19,293.17,5.2144,10700.94,144.06,1.33,2023,1,2023-01
9215,40,101,15,6951.0,2024-05-07,96.64,5.061,7336.43,-385.43,-5.54,2024,5,2024-05
9216,36,121,5,17547.45,2024-12-03,677.66,6.0707,20569.35,-3021.9,-17.22,2024,12,2024-12
9233,2,71,8,1041392.0,2023-03-20,24528.75,5.2467,1029559.94,11832.06,1.14,2023,3,2023-03
9234,40,72,6,597988.0,2024-01-17,30675.48,4.9346,908227.34,-310239.34,-51.88,2024,1,2024-01
9249,27,88,13,628374.0,2024-11-29,9896.1,6.0535,778778.54,-150404.54,-23.94,2024,11,2024-11
9263,42,145,7,30449.0,2024-02-18,875.03,4.9761,30479.66,-30.66,-0.1,2024,2,2024-02
9269,1,108,3,10037.0,2023-04-01,653.47,5.0804,9959.67,77.33,0.77,2023,4,2023-04
9271,11,44,13,140489.0,2024-01-06,1963.02,4.8899,124786.63,15702.37,11.18,2024,1,2024-01
9288,24,140,13,40750.0,2024-01-08,586.81,4.885,37265.37,3484.63,8.55,2024,1,2024-01
9314,23,3,4,36097.0,2024-03-31,1753.77,4.9962,35048.74,1048.26,2.9,2024,3,2024-03
9320,43,47,1,6123.0,2023-03-18,1496.29,5.2679,7882.31,-1759.31,-28.73,2023,3,2023-03
9333,4,110,13,32442.0,2023-10-20,476.03,5.0528,31268.7,1173.3,3.62,2023,10,2023-10
9337,38,92,3,266562.0,2023-07-11,16745.97,4.8949,245909.55,20652.45,7.75,2023,7,2023-07
9342,16,25,12,138242.1,2023-09-30,2389.36,5.0076,143579.51,-5337.41,-3.86,2023,9,2023-09
9347,3,122,4,5290.0,2023-07-07,266.89,4.8799,5209.59,80.41,1.52,2023,7,2023-07
9355,12,121,7,24567.0,2023-08-28,746.8,4.8938,25582.83,-1015.83,-4.13,2023,8,2023-08
9358,36,121,13,48026.0,2023-01-28,718.35,5.0767,47409.02,616.98,1.28,2023,1,2023-01
9419,44,130,8,33153.0,2024-05-07,826.87,5.061,33478.31,-325.31,-0.98,2024,5,2024-05
9439,42,50,13,139258.6,2023-12-10,2378.45,4.9158,151995.8,-12737.2,-9.15,2023,12,2023-12
9468,11,95,2,139616.0,2023-10-20,12945.63,5.0528,130823.36,8792.64,6.3,2023,10,2023-10
9501,21,21,15,131018.0,2023-11-30,1674.22,4.9355,123946.69,7071.31,5.4,2023,11,2023-11
9508,10,18,14,372014.0,2023-01-24,4834.43,5.1696,349888.97,22125.03,5.95,2023,1,2023-01
9576,23,138,2,8366.0,2023-02-06,826.61,5.1763,8557.56,-191.56,-2.29,2023,2,2023-02
9597,33,23,7,78250.0,2024-03-10,2108.74,4.9751,73438.35,4811.65,6.15,2024,3,2024-03
9624,42,81,12,1465782.0,2024-07-24,23685.5,5.6346,1601499.82,-135717.82,-9.26,2024,7,2024-07
9630,2,98,13,1031695.0,2024-12-08,15850.04,6.0293,1242340.4,-210645.4,-20.42,2024,12,2024-12
9644,18,145,11,45455.6,2024-10-07,875.03,5.4626,52579.33,-7123.73,-15.67,2024,10,2024-10
9647,28,116,8,20604.0,2024-07-19,502.24,5.5543,22316.73,-1712.73,-8.31,2024,7,2024-07
9672,30,70,15,489564.45,2024-04-11,6655.06,5.0765,506766.18,-17201.73,-3.51,2024,4,2024-04
9690,44,59,4,348665.0,2023-03-20,16694.98,5.2467,350374.21,-1709.21,-0.49,2023,3,2023-03
9693,29,52,13,169245.35,2024-11-22,2426.66,5.8124,183361.34,-14115.99,-8.34,2024,11,2024-11
9718,19,12,1,2589.7,2023-08-18,527.97,4.9724,2625.28,-35.58,-1.37,2023,8,2023-08
9724,5,148,1,4546.7,2023-06-09,919.03,4.8922,4496.08,50.62,1.11,2023,6,2023-06
9743,48,121,5,17547.45,2024-07-22,747.93,5.5598,20791.71,-3244.26,-18.49,2024,7,2024-07
9757,16,30,13,398260.9,2023-11-02,6558.44,5.0194,427952.64,-29691.74,-7.46,2023,11,2023-11
9775,37,18,1,25243.4,2023-08-09,5536.62,4.9015,27137.74,-1894.34,-7.5,2023,8,2023-08
9783,5,2,12,159579.1,2023-09-20,2829.74,4.8487,164646.72,-5067.62,-3.18,2023,9,2023-09
9784,2,13,9,66237.8,2024-07-05,1356.5,5.497,67110.12,-872.32,-1.32,2024,7,2024-07
9809,33,115,3,2367.4,2024-06-24,167.9,5.4,2719.98,-352.58,-14.89,2024,6,2024-06
9828,1,116,8,20604.0,2023-10-18,502.24,5.0568,20317.82,286.18,1.39,2023,10,2023-10
9862,1,36,13,279127.1,2024-10-25,4476.41,5.6969,331521.58,-52394.48,-18.77,2024,10,2024-10
9912,24,129,11,34131.6,2024-07-03,661.98,5.5863,40678.21,-6546.61,-19.18,2024,7,2024-07
9917,33,43,13,456259.0,2024-06-12,6219.32,5.3891,435714.99,20544.01,4.5,2024,6,2024-06
9918,36,40,2,26949.6,2024-07-02,2867.26,5.6677,32501.54,-5551.94,-20.6,2024,7,2024-07
9919,45,133,13,23374.75,2024-12-05,381.67,5.9849,29695.34,-6320.59,-27.04,2024,12,2024-12
9937,46,84,2,82505.6,2023-08-13,8951.16,4.8918,87574.57,-5068.97,-6.14,2023,8,2023-08
9957,45,15,9,238543.1,2024-04-18,5267.98,5.2512,248968.95,-10425.85,-4.37,2024,4,2024-04
9982,16,90,11,826567.45,2024-11-03,14571.29,5.8073,930818.38,-104250.93,-12.61,2024,11,2024-11
15,17,14,3,102061.35,2023-10-14,6767.66,5.0625,102783.84,-722.49,-0.71,2023,10,2023-10
19,37,100,2,198740.0,2023-07-16,19807.28,4.7957,189979.55,8760.45,4.41,2023,7,2023-07
30,38,35,15,165083.0,2023-07-18,2106.85,4.804,151819.61,13263.39,8.03,2023,7,2023-07
40,27,116,5,12878.0,2023-09-09,502.24,4.9835,12514.57,363.43,2.82,2023,9,2023-09
42,1,6,12,141843.0,2023-08-12,2104.66,4.8918,123546.91,18296.09,12.9,2023,8,2023-08
43,11,70,14,480976.0,2023-08-10,6655.06,4.8518,452046.28,28929.72,6.01,2023,8,2023-08
81,28,82,10,490523.0,2024-04-11,9770.29,5.0765,495988.77,-5465.77,-1.11,2024,4,2024-04
113,28,28,9,121910.65,2024-06-12,2776.74,5.3891,134677.17,-12766.52,-10.47,2024,6,2024-06
119,46,80,1,129224.0,2023-08-04,24177.04,4.8609,117522.17,11701.83,9.06,2023,8,2023-08
120,6,81,15,1832227.0,2023-06-17,23345.09,4.8286,1690861.52,141365.48,7.72,2023,6,2023-06
127,26,55,7,769910.0,2024-02-09,22138.68,4.9717,770468.13,-558.13,-0.07,2024,2,2024-02
136,16,70,10,343554.0,2023-03-02,6655.06,5.208,346595.52,-3041.52,-0.89,2023,3,2023-03
192,6,148,9,40916.5,2024-01-26,979.78,4.9125,43318.52,-2402.02,-5.87,2024,1,2024-01
213,6,35,8,88044.0,2023-08-27,2106.85,4.8772,82204.23,5839.77,6.63,2023,8,2023-08
222,27,116,9,23180.0,2023-06-21,502.24,4.7795,21604.1,1575.9,6.8,2023,6,2023-06
226,18,144,13,27344.8,2024-09-14,444.87,5.5717,32222.87,-4878.07,-17.84,2024,9,2024-09
237,36,117,14,57442.0,2024-03-23,823.4,4.9897,57519.27,-77.27,-0.13,2024,3,2024-03
252,15,70,1,34355.0,2024-10-12,6083.51,5.6263,34227.65,127.35,0.37,2024,10,2024-10
267,41,101,14,6488.0,2023-07-15,96.64,4.7957,6488.39,-0.39,-0.01,2023,7,2023-07
278,21,129,1,3102.7,2023-02-21,598.62,5.2012,3113.54,-10.84,-0.35,2023,2,2023-02
285,28,96,5,335448.8,2024-12-26,14776.4,6.1656,455526.86,-120078.06,-35.8,2024,12,2024-12
293,23,23,13,138055.9,2023-03-14,2108.74,5.2362,143543.2,-5487.3,-3.97,2023,3,2023-03
301,30,96,10,706208.0,2024-10-23,14776.4,5.7149,844456.48,-138248.48,-19.58,2024,10,2024-10
316,41,94,13,503272.95,2023-07-24,8022.13,4.7457,494918.09,8354.86,1.66,2023,7,2023-07
397,37,108,5,15891.6,2023-09-17,653.47,4.8689,15908.4,-16.8,-0.11,2023,9,2023-09
399,16,124,10,37699.0,2024-02-05,725.63,5.0053,36319.96,1379.04,3.66,2024,2,2024-02
430,46,5,10,236690.0,2023-11-24,4752.24,4.8927,232512.85,4177.15,1.76,2023,11,2023-11
444,27,28,14,189639.0,2023-08-28,2723.39,4.8938,186588.16,3050.84,1.61,2023,8,2023-08
470,5,55,14,1539821.0,2024-02-29,22138.68,4.9833,1544531.58,-4710.58,-0.31,2024,2,2024-02
478,47,105,3,882.55,2023-04-12,61.14,4.9496,907.86,-25.31,-2.87,2023,4,2023-04
481,33,55,6,626926.85,2023-10-06,23326.09,5.1918,726626.36,-99699.51,-15.9,2023,10,2023-10
502,45,72,12,1136177.2,2023-01-25,30675.48,5.1042,1878885.42,-742708.22,-65.37,2023,1,2023-01
506,40,35,6,62731.35,2023-01-13,2199.13,5.1146,67486.02,-4754.67,-7.58,2023,1,2023-01
523,9,130,7,27558.55,2024-09-19,752.23,5.4189,28533.81,-975.26,-3.54,2024,9,2024-09
534,12,120,5,15622.0,2023-03-25,586.85,5.2921,15528.34,93.66,0.6,2023,3,2023-03
566,1,30,7,214448.25,2023-09-16,6558.44,4.8689,223526.72,-9078.47,-4.23,2023,9,2023-09
567,4,7,3,58556.0,2023-06-09,3678.62,4.8922,53989.63,4566.37,7.8,2023,6,2023-06
606,24,61,11,308205.0,2023-05-26,5396.92,5.0114,297507.37,10697.63,3.47,2023,5,2023-05
617,23,73,5,680010.0,2023-07-31,27541.35,4.7415,652936.56,27073.44,3.98,2023,7,2023-07
651,6,34,12,59010.0,2023-07-02,960.12,4.8192,55524.12,3485.88,5.91,2023,7,2023-07
655,1,66,14,176003.0,2024-01-04,2360.29,4.9188,162537.12,13465.88,7.65,2024,1,2024-01
661,8,134,1,4482.1,2023-09-25,948.15,4.9606,4703.39,-221.29,-4.94,2023,9,2023-09
665,43,114,13,10391.0,2023-04-25,152.46,5.0613,10031.4,359.6,3.46,2023,4,2023-04
693,18,87,8,534879.0,2024-09-09,13597.7,5.6097,610232.14,-75353.14,-14.09,2024,9,2024-09
715,30,40,5,70920.0,2024-08-19,2867.26,5.4237,77755.79,-6835.79,-9.64,2024,8,2024-08
741,39,19,8,131459.0,2024-03-04,3358.13,4.9475,132914.79,-1455.79,-1.11,2024,3,2024-03
746,8,118,10,40993.45,2023-04-09,797.41,5.0683,40415.13,578.32,1.41,2023,4,2023-04
789,4,80,13,1679910.0,2023-06-29,24177.04,4.8584,1527002.5,152907.5,9.1,2023,6,2023-06
799,40,150,12,19748.0,2024-11-04,288.9,5.7898,20072.08,-324.08,-1.64,2024,11,2024-11
804,2,63,3,398879.35,2024-09-18,27618.14,5.4767,453768.8,-54889.45,-13.76,2024,9,2024-09
809,13,94,12,464559.5,2024-06-01,8022.13,5.2416,504585.56,-40026.06,-8.62,2024,6,2024-06
810,43,34,15,73763.0,2024-04-16,1022.84,5.2635,80755.78,-6992.78,-9.48,2024,4,2024-04
811,20,4,7,23673.0,2024-04-07,679.13,5.052,24016.75,-343.75,-1.45,2024,4,2024-04
830,29,139,12,16244.05,2024-11-15,246.89,5.7885,17149.47,-905.42,-5.57,2024,11,2024-11
839,8,20,8,246668.0,2023-01-08,5689.04,5.2855,240555.37,6112.63,2.48,2023,1,2023-01
844,40,85,9,347208.0,2024-04-02,7885.27,5.0476,358215.2,-11007.2,-3.17,2024,4,2024-04
847,9,131,10,9154.2,2023-12-22,196.2,4.8619,9539.05,-384.85,-4.2,2023,12,2023-12
890,11,127,11,16190.85,2024-05-11,296.24,5.1464,16770.26,-579.41,-3.58,2024,5,2024-05
895,36,64,5,557528.0,2024-11-21,21352.22,5.8173,621061.35,-63533.35,-11.4,2024,11,2024-11
898,1,6,7,78603.95,2024-10-02,2172.43,5.4305,82581.67,-3977.72,-5.06,2024,10,2024-10
909,26,26,8,131351.75,2024-08-27,3378.85,5.4969,148585.6,-17233.85,-13.12,2024,8,2024-08
963,13,100,15,1569004.0,2024-11-18,19807.28,5.7603,1711438.12,-142434.12,-9.08,2024,11,2024-11
969,13,39,8,237063.0,2024-10-28,5270.87,5.6988,240301.07,-3238.07,-1.37,2024,10,2024-10
970,35,11,4,144928.0,2023-04-24,6839.44,5.0595,138416.59,6511.41,4.49,2023,4,2023-04
989,17,62,3,291332.7,2024-06-12,20000.78,5.3891,323358.61,-32025.91,-10.99,2024,6,2024-06
997,10,95,15,1047121.0,2024-10-17,12945.63,5.6758,1102152.1,-55031.1,-5.26,2024,10,2024-10
1000,2,105,9,2786.0,2024-04-22,62.64,5.2043,2933.98,-147.98,-5.31,2024,4,2024-04
1036,6,84,13,564510.0,2023-12-09,8951.16,4.9158,572027.46,-7517.46,-1.33,2023,12,2023-12
1053,12,65,2,51115.0,2023-06-21,5008.66,4.7795,47877.78,3237.22,6.33,2023,6,2023-06
1057,30,41,5,53000.0,2024-09-07,1906.75,5.5702,53104.89,-104.89,-0.2,2024,9,2024-09
1102,4,1,14,463715.0,2024-08-11,5774.5,5.5115,445566.19,18148.81,3.91,2024,8,2024-08
1114,23,86,1,88846.85,2023-12-01,17824.79,4.9191,87681.92,1164.93,1.31,2023,12,2023-12
1135,1,50,13,139258.6,2023-12-20,2378.45,4.8766,150783.74,-11525.14,-8.28,2023,12,2023-12
1136,35,55,7,769910.0,2023-05-12,23326.09,4.9234,803905.7,-33995.7,-4.42,2023,5,2023-05
1150,43,108,2,6356.45,2023-10-26,653.47,5.0055,6541.89,-185.44,-2.92,2023,10,2023-10
1157,48,73,8,1088015.05,2024-05-03,28694.54,5.0668,1163115.96,-75100.91,-6.9,2024,5,2024-05
1159,16,51,2,121902.1,2024-03-20,12243.38,5.012,122727.64,-825.54,-0.68,2024,3,2024-03
1190,47,105,3,929.0,2023-05-29,62.64,4.9954,938.74,-9.74,-1.05,2023,5,2023-05
1203,21,106,11,45822.3,2023-08-16,918.37,4.9772,50280.02,-4457.72,-9.73,2023,8,2023-08
1205,39,75,2,62260.15,2023-07-19,6193.58,4.8,59458.37,2801.78,4.5,2023,7,2023-07
1231,25,131,1,915.8,2023-01-25,185.47,5.1042,946.68,-30.88,-3.37,2023,1,2023-01
1253,43,56,3,122517.7,2024-03-21,8087.59,4.9807,120845.58,1672.12,1.36,2024,3,2024-03
1259,38,86,6,561139.0,2023-12-05,17824.79,4.9522,529631.55,31507.45,5.61,2023,12,2023-12
1312,48,89,2,149488.2,2024-07-15,14832.32,5.4563,161859.18,-12370.98,-8.28,2024,7,2024-07
1319,37,14,8,272164.55,2023-12-13,6767.66,4.958,268432.47,3732.08,1.37,2023,12,2023-12
1324,2,8,6,29905.0,2024-12-30,947.05,6.1923,35186.51,-5281.51,-17.66,2024,12,2024-12
1334,48,81,4,488594.0,2023-07-27,23345.09,4.7202,440773.98,47820.02,9.79,2023,7,2023-07
1350,42,96,15,1059313.0,2023-08-27,14776.4,4.8772,1081011.87,-21698.87,-2.05,2023,8,2023-08
1368,47,20,15,462502.0,2023-11-07,5689.04,4.867,415328.37,47173.63,10.2,2023,11,2023-11
1387,2,146,11,5183.2,2024-04-16,99.02,5.2635,5733.11,-549.91,-10.61,2024,4,2024-04
1400,27,32,3,35631.65,2023-08-10,2560.62,4.8518,37270.85,-1639.2,-4.6,2023,8,2023-08
1418,16,33,10,63800.1,2024-09-04,1325.97,5.6359,74730.34,-10930.24,-17.13,2024,9,2024-09
1420,45,24,12,264846.7,2024-10-02,4113.86,5.4305,268083.8,-3237.1,-1.22,2024,10,2024-10
1422,11,126,3,8031.0,2023-01-29,467.05,5.0767,7113.22,917.78,11.43,2023,1,2023-01
1427,33,134,7,33023.0,2024-08-17,948.15,5.4632,36259.53,-3236.53,-9.8,2024,8,2024-08
1458,41,127,8,12395.0,2023-03-23,293.17,5.2632,12344.1,50.9,0.41,2023,3,2023-03
1492,45,28,3,42776.0,2023-07-20,2723.39,4.7888,39125.31,3650.69,8.53,2023,7,2023-07
1499,44,39,7,197058.5,2023-11-21,5270.87,4.8806,180075.06,16983.44,8.62,2023,11,2023-11
1543,42,69,15,678975.0,2023-04-10,8542.02,5.0834,651337.57,27637.43,4.07,2023,4,2023-04
1549,25,141,10,45427.1,2024-11-03,972.86,5.8073,56496.9,-11069.8,-24.37,2024,11,2024-11
1562,36,1,8,264980.0,2023-01-26,6538.2,5.0951,266502.26,-1522.26,-0.57,2023,1,2023-01
1566,28,50,7,74985.4,2023-08-17,2378.45,4.9816,82939.41,-7954.01,-10.61,2023,8,2023-08
1570,3,4,7,22489.35,2024-04-18,679.13,5.2512,24963.73,-2474.38,-11.0,2024,4,2024-04
1601,14,141,9,40884.2,2023-08-07,942.08,4.901,41554.21,-670.01,-1.64,2023,8,2023-08
1607,17,13,2,15494.0,2023-06-08,1356.5,4.9119,13325.98,2168.02,13.99,2023,6,2023-06
1623,2,10,7,224231.0,2024-01-06,6547.91,4.8899,224130.38,100.62,0.04,2024,1,2024-01
1636,37,80,6,736575.85,2023-10-24,24177.04,5.0065,726254.1,10321.75,1.4,2023,10,2023-10
1676,23,2,13,181976.0,2023-07-10,2829.74,4.8735,179279.59,2696.41,1.48,2023,7,2023-07
1686,45,62,4,408888.0,2023-02-03,20000.78,5.103,408255.92,632.08,0.15,2023,2,2023-02
1702,27,33,1,6380.2,2023-10-01,1268.8,5.0076,6353.64,26.56,0.42,2023,10,2023-10
1737,37,119,14,45581.0,2024-07-23,669.88,5.5807,52337.59,-6756.59,-14.82,2024,7,2024-07
1781,6,46,5,23673.05,2024-02-14,1000.64,4.9723,24877.41,-1204.36,-5.09,2024,2,2024-02
1805,48,60,12,1239762.35,2023-08-27,22190.02,4.8772,1298701.99,-58939.64,-4.75,2023,8,2023-08
1827,36,67,5,428945.0,2024-07-28,16720.73,5.6465,472068.01,-43123.01,-10.05,2024,7,2024-07
1849,35,108,3,9535.15,2024-03-10,688.83,4.9751,10280.99,-745.84,-7.82,2024,3,2024-03
1854,48,143,6,26619.0,2024-02-10,896.83,4.9717,26752.62,-133.62,-0.5,2024,2,2024-02
1856,2,95,13,907505.0,2024-03-03,12945.63,4.9596,834666.91,72838.09,8.03,2024,3,2024-03
1861,14,149,9,10473.0,2023-09-20,225.94,4.8487,9859.64,613.36,5.86,2023,9,2023-09
1875,1,88,12,551036.1,2024-05-08,9896.1,5.0887,604299.41,-53263.31,-9.67,2024,5,2024-05
1917,18,36,9,193242.35,2024-10-29,4476.41,5.714,230203.86,-36961.51,-19.13,2024,10,2024-10
1941,35,17,15,200052.9,2023-06-30,2833.14,4.8192,204802.02,-4749.12,-2.37,2023,6,2023-06
1954,31,112,12,26171.0,2024-04-02,435.58,5.0476,26383.6,-212.6,-0.81,2024,4,2024-04
1965,20,33,6,38280.25,2024-10-16,1325.97,5.6749,45148.48,-6868.23,-17.94,2024,10,2024-10
1982,40,103,9,16103.0,2024-12-30,326.91,6.1923,18218.92,-2115.92,-13.14,2024,12,2024-12
1988,40,37,4,23057.45,2024-12-02,1211.89,6.0634,29392.7,-6335.25,-27.48,2024,12,2024-12
1997,18,86,13,1155010.95,2024-07-11,17824.79,5.41,1253617.48,-98606.53,-8.54,2024,7,2024-07
2007,49,72,4,398659.0,2023-09-28,30675.48,5.0475,619337.94,-220678.94,-55.36,2023,9,2023-09
2012,42,82,2,103268.0,2024-03-23,9770.29,4.9897,97501.63,5766.37,5.58,2024,3,2024-03
2021,18,52,10,130188.95,2023-02-06,2634.69,5.1763,136379.46,-6190.51,-4.76,2023,2,2023-02
2027,47,95,1,66317.6,2024-10-10,12945.63,5.5819,72261.21,-5943.61,-8.96,2024,10,2024-10
2085,37,34,8,39340.0,2023-01-26,960.12,5.0951,39135.26,204.74,0.52,2023,1,2023-01
2104,10,145,14,60898.0,2023-01-20,820.56,5.1986,59720.69,1177.31,1.93,2023,1,2023-01
2111,33,143,7,31055.0,2024-08-26,896.83,5.4921,34478.36,-3423.36,-11.02,2024,8,2024-08
2124,12,15,14,371067.15,2023-09-23,5267.98,4.9131,362349.58,8717.57,2.35,2023,9,2023-09
2134,13,58,4,413533.1,2024-06-06,20157.55,5.2681,424767.96,-11234.86,-2.72,2024,6,2024-06
2155,19,83,2,256127.6,2023-02-24,35839.7,5.1791,371234.78,-115107.18,-44.94,2023,2,2023-02
2156,38,28,10,135456.7,2023-06-07,2723.39,4.9119,133770.19,1686.51,1.25,2023,6,2023-06
2161,37,13,6,44158.85,2023-02-19,1356.5,5.2012,42332.57,1826.28,4.14,2023,2,2023-02
2169,44,90,7,553681.0,2023-12-01,14083.78,4.9191,484956.66,68724.34,12.41,2023,12,2023-12
2212,35,42,1,5693.35,2024-08-26,1263.57,5.4921,6939.65,-1246.3,-21.89,2024,8,2024-08
2214,5,96,1,67089.95,2024-01-12,14776.4,4.8543,71729.08,-4639.13,-6.91,2024,1,2024-01
2232,32,67,10,814995.5,2024-02-09,16720.73,4.9717,831304.53,-16309.03,-2.0,2024,2,2024-02
2233,48,19,14,218550.35,2024-09-04,3358.13,5.6359,264965.19,-46414.84,-21.24,2024,9,2024-09
2271,17,8,14,66289.1,2024-11-14,947.05,5.7885,76747.98,-10458.88,-15.78,2024,11,2024-11
2288,28,108,4,13382.0,2023-07-22,653.47,4.7732,12476.57,905.43,6.77,2023,7,2023-07
2289,45,104,1,3527.35,2024-12-28,742.54,6.1991,4603.08,-1075.73,-30.5,2024,12,2024-12
2290,44,83,8,1024509.45,2024-09-28,35839.7,5.4431,1560632.57,-536123.12,-52.33,2024,9,2024-09
2307,20,118,5,20497.2,2024-05-10,893.4,5.1464,22988.97,-2491.77,-12.16,2024,5,2024-05
2321,24,9,3,113160.2,2024-09-05,7258.64,5.6049,122051.85,-8891.65,-7.86,2024,9,2024-09
2328,19,30,6,193487.0,2024-10-11,6558.44,5.6263,221398.51,-27911.51,-14.43,2024,10,2024-10
2352,27,73,1,136002.0,2023-06-29,27541.35,4.8584,133806.89,2195.11,1.61,2023,6,2023-06
2360,9,58,6,652948.0,2023-04-16,20157.55,4.9455,598134.98,54813.02,8.39,2023,4,2023-04
2389,17,145,1,4132.5,2024-02-21,875.03,4.9303,4314.16,-181.66,-4.4,2024,2,2024-02
2402,35,45,10,94085.15,2023-10-11,1881.33,5.0496,94999.64,-914.49,-0.97,2023,10,2023-10
2420,16,7,7,136631.0,2023-04-07,3678.62,5.0683,130510.45,6120.55,4.48,2023,4,2023-04
2427,33,100,3,298110.95,2023-04-25,19807.28,5.0613,300751.76,-2640.81,-0.89,2023,4,2023-04
2451,5,33,15,95700.15,2023-10-10,1268.8,5.0862,96800.56,-1100.41,-1.15,2023,10,2023-10
2453,5,46,13,61549.55,2024-02-21,1000.64,4.9303,64134.92,-2585.37,-4.2,2024,2,2024-02
2462,8,106,5,20827.8,2024-04-08,918.37,5.0421,23152.57,-2324.77,-11.16,2024,4,2024-04
2466,44,126,2,5086.3,2023-09-17,467.05,4.8689,4548.04,538.26,10.58,2023,9,2023-09
2474,8,9,9,339482.5,2024-06-17,7544.56,5.413,367548.33,-28065.83,-8.27,2024,6,2024-06
2484,26,136,13,24373.2,2024-01-17,390.62,4.9346,25058.19,-684.99,-2.81,2024,1,2024-01
2539,31,17,14,186715.85,2024-10-20,2833.14,5.6672,224783.59,-38067.74,-20.39,2024,10,2024-10
2541,10,101,13,5722.8,2023-01-24,87.95,5.1696,5910.66,-187.86,-3.28,2023,1,2023-01
2554,10,145,4,17399.0,2024-06-29,875.03,5.5589,19456.82,-2057.82,-11.83,2024,6,2024-06
2559,47,86,5,444235.2,2023-11-27,17824.79,4.8951,436270.65,7964.55,1.79,2023,11,2023-11
2571,19,32,7,87517.0,2024-06-29,2430.64,5.5589,94581.79,-7064.79,-8.07,2024,6,2024-06
2600,25,137,14,47397.0,2023-07-01,619.79,4.8192,41816.49,5580.51,11.77,2023,7,2023-07
2603,7,61,6,168112.0,2023-11-27,5396.92,4.8951,158510.78,9601.22,5.71,2023,11,2023-11
2623,46,54,7,808206.8,2024-04-21,23191.9,5.2269,848552.19,-40345.39,-4.99,2024,4,2024-04
2639,20,40,1,13474.8,2024-10-05,2867.26,5.4686,15679.9,-2205.1,-16.36,2024,10,2024-10
2652,18,81,15,1740615.65,2024-05-16,23685.5,5.127,1821533.38,-80917.73,-4.65,2024,5,2024-05
2662,25,119,11,35814.0,2024-07-04,669.88,5.4839,40409.1,-4595.1,-12.83,2024,7,2024-07
2686,49,108,7,23419.0,2023-01-05,653.47,5.4026,24713.06,-1294.06,-5.53,2023,1,2023-01
2713,39,13,14,103036.05,2024-04-25,1356.5,5.1679,98143.59,4892.46,4.75,2024,4,2024-04
2738,48,140,13,38712.5,2024-09-14,612.49,5.5717,44363.94,-5651.44,-14.6,2024,9,2024-09
2745,30,5,15,337283.25,2023-08-20,4752.24,4.9724,354450.57,-17167.32,-5.09,2023,8,2023-08
2765,31,35,15,156828.85,2024-02-29,2106.85,4.9833,157485.98,-657.13,-0.42,2024,2,2024-02
2802,31,133,8,14384.9,2023-08-18,348.47,4.9724,13861.86,523.04,3.64,2023,8,2023-08
2822,48,133,1,1893.0,2023-04-04,348.47,5.0762,1768.9,124.1,6.56,2023,4,2023-04
2827,45,13,6,44158.85,2023-07-02,1356.5,4.8192,39223.47,4935.38,11.18,2023,7,2023-07
2829,33,52,9,123337.0,2024-01-06,2634.69,4.8899,115950.34,7386.66,5.99,2024,1,2024-01
2844,34,21,1,8298.25,2024-10-23,1584.96,5.7149,9057.89,-759.64,-9.15,2024,10,2024-10
2851,28,127,7,10302.75,2024-11-21,296.24,5.8173,12063.22,-1760.47,-17.09,2024,11,2024-11
2872,39,37,9,51878.55,2023-07-02,1181.71,4.8192,51254.07,624.48,1.2,2023,7,2023-07
2914,26,148,3,13639.15,2024-01-02,979.78,4.8916,14378.08,-738.93,-5.42,2024,1,2024-01
2917,34,7,11,214706.0,2023-11-05,3678.62,4.891,197913.43,16792.57,7.82,2023,11,2023-11
2930,48,109,14,8282.1,2023-03-07,169.23,5.1901,12296.49,-4014.39,-48.47,2023,3,2023-03
2932,9,41,9,90630.0,2023-04-24,2005.71,5.0595,91331.01,-701.01,-0.77,2023,4,2023-04
2950,34,40,5,70920.0,2023-11-10,2970.73,4.9219,73108.18,-2188.18,-3.09,2023,11,2023-11
2970,43,101,2,927.0,2024-05-17,96.64,5.1157,988.76,-61.76,-6.66,2024,5,2024-05
2976,8,31,5,41416.0,2024-06-23,1686.13,5.4416,45876.23,-4460.23,-10.77,2024,6,2024-06
3006,20,122,2,2645.0,2024-08-19,271.3,5.4237,2942.9,-297.9,-11.26,2024,8,2024-08
3008,37,143,10,44364.0,2023-04-29,845.69,5.0007,42290.42,2073.58,4.67,2023,4,2023-04
3017,26,84,6,260543.0,2024-06-30,8456.45,5.5589,282051.36,-21508.36,-8.26,2024,6,2024-06
3026,5,99,15,1528550.0,2024-12-31,18977.86,6.1923,1762749.04,-234199.04,-15.32,2024,12,2024-12
3079,8,109,5,2958.3,2024-04-20,123.24,5.2269,3220.82,-262.52,-8.87,2024,4,2024-04
3104,16,110,1,2371.2,2024-06-30,476.03,5.5589,2646.2,-275.0,-11.6,2024,6,2024-06
3115,38,105,5,1470.6,2024-11-07,57.36,5.6624,1623.98,-153.38,-10.43,2024,11,2024-11
3138,34,24,8,176564.15,2023-12-29,4129.65,4.8413,159943.0,16621.15,9.41,2023,12,2023-12
3161,32,88,9,435028.0,2024-11-15,9896.1,5.7885,515552.17,-80524.17,-18.51,2024,11,2024-11
3162,8,90,14,1107363.0,2023-05-14,14083.78,4.9234,970761.15,136601.85,12.34,2023,5,2023-05
3167,9,7,6,117113.0,2024-05-08,3678.62,5.0887,112316.36,4796.64,4.1,2024,5,2024-05
3180,49,56,3,122517.7,2024-10-16,8087.59,5.6749,137688.79,-15171.09,-12.38,2024,10,2024-10
3205,23,23,9,100608.0,2024-12-19,2244.66,6.1841,124930.82,-24322.82,-24.18,2024,12,2024-12
3238,2,58,15,1632369.0,2024-03-14,20157.55,4.9768,1504801.42,127567.58,7.81,2024,3,2024-03
3240,6,134,9,40335.1,2024-09-16,948.15,5.5207,47110.07,-6774.97,-16.8,2024,9,2024-09
3286,46,81,10,1160410.75,2023-05-08,23345.09,4.9696,1160157.59,253.16,0.02,2023,5,2023-05
3313,15,86,13,1155010.95,2023-01-24,17824.79,5.1696,1197911.45,-42900.5,-3.71,2023,1,2023-01
3314,40,105,11,3405.0,2023-10-16,62.64,5.0618,3487.78,-82.78,-2.43,2023,10,2023-10
3320,11,58,13,1343984.0,2024-01-12,20157.55,4.8543,1272060.33,71923.67,5.35,2024,1,2024-01
3336,25,137,2,6432.45,2024-12-30,673.98,6.1923,8346.97,-1914.52,-29.76,2024,12,2024-12
3347,13,20,9,263625.95,2023-09-10,5689.04,4.9835,255161.98,8463.97,3.21,2023,9,2023-09
3357,42,40,8,113472.0,2024-03-19,2867.26,5.0352,115497.82,-2025.82,-1.79,2024,3,2024-03
3358,13,61,10,266176.7,2023-03-09,5396.92,5.1353,277148.03,-10971.33,-4.12,2023,3,2023-03
3370,20,82,4,206536.0,2024-04-03,9770.29,5.0724,198235.28,8300.72,4.02,2024,4,2024-04
3408,30,52,8,109633.0,2023-11-06,2634.69,4.8999,103277.74,6355.26,5.8,2023,11,2023-11
3434,30,41,6,63600.0,2023-09-13,2005.71,4.9171,59173.66,4426.34,6.96,2023,9,2023-09
3438,23,105,4,1176.1,2023-03-16,59.15,5.2892,1251.42,-75.32,-6.4,2023,3,2023-03
3496,46,140,7,20844.9,2024-04-15,586.81,5.1746,21255.55,-410.65,-1.97,2024,4,2024-04
3508,41,49,4,50404.15,2023-12-16,2627.0,4.9397,51906.37,-1502.22,-2.98,2023,12,2023-12
3515,42,99,6,643600.0,2023-05-01,21330.89,5.0007,640016.29,3583.71,0.56,2023,5,2023-05
3521,3,85,9,347208.0,2024-09-17,7885.27,5.501,390391.83,-43183.83,-12.44,2024,9,2024-09
3528,6,122,8,10051.0,2024-04-28,271.3,5.1184,11108.98,-1057.98,-10.53,2024,4,2024-04
3541,15,31,14,115964.0,2023-09-11,1724.43,4.9366,119179.5,-3215.5,-2.77,2023,9,2023-09
3610,33,127,5,7747.0,2023-10-09,296.24,5.1666,7652.77,94.23,1.22,2023,10,2023-10
3628,14,36,12,271217.0,2024-12-13,4476.41,6.04,324450.2,-53233.2,-19.63,2024,12,2024-12
3641,15,113,11,45927.75,2023-01-09,815.5,5.2967,47514.05,-1586.3,-3.45,2023,1,2023-01
3666,47,64,1,105930.7,2024-04-23,21352.22,5.1626,110232.97,-4302.27,-4.06,2024,4,2024-04
3682,10,92,8,675291.35,2023-04-14,16745.97,4.9455,662537.56,12753.79,1.89,2023,4,2023-04
3688,48,115,11,9136.0,2024-08-09,167.9,5.5115,10179.19,-1043.19,-11.42,2024,8,2024-08
3696,41,127,3,4415.6,2024-10-13,296.24,5.6263,5000.21,-584.61,-13.24,2024,10,2024-10
3701,27,77,5,223523.0,2023-05-17,8959.75,4.9513,221812.05,1710.95,0.77,2023,5,2023-05
3715,49,10,1,32033.0,2023-03-24,5615.0,5.2921,29715.14,2317.86,7.24,2023,3,2023-03
3721,20,149,8,9309.0,2023-02-02,217.62,4.9901,8687.56,621.44,6.68,2023,2,2023-02
3730,33,104,9,33417.0,2024-09-21,742.54,5.4775,36605.37,-3188.37,-9.54,2024,9,2024-09
3776,37,57,12,1354212.65,2024-06-17,23810.02,5.413,1546603.66,-192391.01,-14.21,2024,6,2024-06
3783,26,103,4,7157.0,2024-05-12,341.7,5.1464,7034.1,122.9,1.72,2024,5,2024-05
3784,37,127,8,11775.25,2023-07-05,296.24,4.8577,11512.36,262.89,2.23,2023,7,2023-07
3789,39,21,10,82978.7,2023-03-09,1674.22,5.1353,85976.22,-2997.52,-3.61,2023,3,2023-03
3790,2,2,5,69991.0,2023-03-29,2577.22,5.1493,66354.39,3636.61,5.2,2023,3,2023-03
3802,39,9,4,158822.0,2023-08-16,7933.96,4.9772,157955.62,866.38,0.55,2023,8,2023-08
3838,29,40,8,113472.0,2023-05-02,2757.45,5.0334,111034.79,2437.21,2.15,2023,5,2023-05
3840,4,134,3,14153.0,2024-01-28,948.15,4.9125,13973.36,179.64,1.27,2024,1,2024-01
3848,9,132,8,11878.8,2024-12-30,314.46,6.1923,15577.85,-3699.05,-31.14,2024,12,2024-12
3856,28,71,15,1854980.45,2024-11-03,23100.17,5.8073,2012244.26,-157263.81,-8.48,2024,11,2024-11
3858,41,133,6,11356.0,2023-12-08,348.47,4.9158,10278.05,1077.95,9.49,2023,12,2023-12
3864,43,23,9,95577.6,2023-01-08,2108.74,5.2855,100311.71,-4734.11,-4.95,2023,1,2023-01
3879,36,33,14,94021.0,2023-06-02,1268.8,4.9558,88030.87,5990.13,6.37,2023,6,2023-06
3886,30,16,11,330066.0,2023-05-13,5615.94,4.9234,304144.71,25921.29,7.85,2023,5,2023-05
3922,33,89,5,373720.5,2023-11-26,14832.32,4.8927,362850.46,10870.04,2.91,2023,11,2023-11
3929,12,58,8,870597.0,2023-04-08,20157.55,5.0683,817316.09,53280.91,6.12,2023,4,2023-04
3945,27,72,10,946813.7,2023-06-25,30675.48,4.7799,1466257.27,-519443.57,-54.86,2023,6,2023-06
3969,12,112,4,8724.0,2023-12-23,435.58,4.8619,8470.99,253.01,2.9,2023,12,2023-12
3982,36,42,8,47943.0,2024-04-13,1263.57,5.1364,51921.61,-3978.61,-8.3,2024,4,2024-04
3983,42,14,8,286489.0,2023-12-23,6767.66,4.8619,263229.49,23259.51,8.12,2023,12,2023-12
3985,14,146,2,942.4,2023-03-13,99.02,5.24,1037.73,-95.33,-10.12,2023,3,2023-03
3989,46,108,7,22248.05,2023-06-10,653.47,4.8922,22378.34,-130.29,-0.59,2023,6,2023-06
4005,6,122,14,18515.0,2024-05-20,271.3,5.1085,19403.1,-888.1,-4.8,2024,5,2024-05
4052,22,89,7,523208.7,2024-12-14,14122.53,6.04,597100.57,-73891.87,-14.12,2024,12,2024-12
4088,29,38,13,326795.25,2024-10-15,4851.61,5.6378,355581.29,-28786.04,-8.81,2024,10,2024-10
4090,15,52,11,143207.75,2024-01-17,2634.69,4.9346,143012.55,195.2,0.14,2024,1,2024-01
4092,42,134,8,37741.0,2023-07-19,899.33,4.8,34534.27,3206.73,8.5,2023,7,2023-07
4094,21,74,3,259676.0,2023-10-29,17160.36,4.948,254728.38,4947.62,1.91,2023,10,2023-10
4096,4,10,8,243450.8,2023-06-29,6594.15,4.8584,256296.15,-12845.35,-5.28,2023,6,2023-06
4108,25,61,9,239559.6,2023-01-20,5564.33,5.1986,260340.53,-20780.93,-8.67,2023,1,2023-01
4114,45,50,3,33828.0,2024-05-20,2378.45,5.1085,36450.94,-2622.94,-7.75,2024,5,2024-05
4123,11,127,6,8831.2,2023-04-29,296.24,5.0007,8888.44,-57.24,-0.65,2023,4,2023-04
4136,30,99,1,101903.65,2023-07-15,21330.89,4.7957,102296.55,-392.9,-0.39,2023,7,2023-07
4177,40,82,8,413072.0,2023-02-20,9770.29,5.2012,406537.86,6534.14,1.58,2023,2,2023-02
4192,5,25,10,121265.0,2023-07-20,2389.36,4.7888,114421.67,6843.33,5.64,2023,7,2023-07
4204,4,143,5,21072.9,2023-04-04,845.69,5.0762,21464.46,-391.56,-1.86,2023,4,2023-04
4221,29,101,10,4634.0,2023-08-10,96.64,4.8518,4688.78,-54.78,-1.18,2023,8,2023-08
4232,40,129,10,31028.9,2023-03-25,598.62,5.2921,31679.57,-650.67,-2.1,2023,3,2023-03
4295,11,56,6,257933.0,2023-10-12,8087.59,5.0496,245034.57,12898.43,5.0,2023,10,2023-10
4296,32,55,15,1567317.6,2024-01-29,23326.09,4.9225,1722340.17,-155022.57,-9.89,2024,1,2024-01
4303,7,147,3,8635.5,2024-04-01,592.19,5.0532,8977.36,-341.86,-3.96,2024,4,2024-04
4320,40,3,6,54145.0,2023-01-18,1753.77,5.0909,53569.61,575.39,1.06,2023,1,2023-01
4324,26,106,1,4385.0,2023-12-16,918.37,4.9397,4536.47,-151.47,-3.45,2023,12,2023-12
4327,24,12,7,18128.85,2024-02-19,527.97,4.9585,18325.57,-196.72,-1.09,2024,2,2024-02
4349,26,136,3,5624.0,2024-06-15,390.62,5.363,6284.69,-660.69,-11.75,2024,6,2024-06
4354,44,97,3,406005.0,2023-11-26,25607.88,4.8927,375875.02,30129.98,7.42,2023,11,2023-11
4357,8,18,3,75731.15,2023-05-29,4834.43,4.9954,72449.73,3281.42,4.33,2023,5,2023-05
4387,42,148,2,9571.0,2023-08-25,919.03,4.8772,8964.59,606.41,6.34,2023,8,2023-08
4390,16,77,6,254816.6,2024-01-11,8959.75,4.8794,262309.22,-7492.62,-2.94,2024,1,2024-01
4399,46,29,1,34684.5,2023-11-01,7689.63,5.0194,38597.33,-3912.83,-11.28,2023,11,2023-11
4409,25,88,6,290019.0,2024-09-30,9896.1,5.4481,323489.65,-33470.65,-11.54,2024,9,2024-09
4421,42,61,15,399265.05,2023-07-03,5396.92,4.7876,387574.41,11690.64,2.93,2023,7,2023-07
4431,7,108,8,25425.8,2023-04-30,653.47,5.0007,26142.46,-716.66,-2.82,2023,4,2023-04
4438,12,58,1,108825.0,2023-12-19,20157.55,4.8663,98092.69,10732.31,9.86,2023,12,2023-12
4441,9,43,8,266736.25,2023-06-06,6219.32,4.9292,245250.18,21486.07,8.06,2023,6,2023-06
4492,2,34,15,73763.0,2023-04-23,960.12,5.0497,72724.77,1038.23,1.41,2023,4,2023-04
4509,7,84,6,247515.85,2023-07-23,8663.64,4.7732,248119.72,-603.87,-0.24,2023,7,2023-07
4534,37,150,6,9380.3,2024-11-09,288.9,5.7648,9992.7,-612.4,-6.53,2024,11,2024-11
4551,18,37,11,63407.75,2023-09-02,1181.71,4.9318,64107.53,-699.78,-1.1,2023,9,2023-09
4572,27,69,7,316855.0,2023-01-10,8542.02,5.2395,313291.4,3563.6,1.12,2023,1,2023-01
4604,42,50,5,56380.0,2023-04-24,2179.61,5.0595,55138.68,1241.32,2.2,2023,4,2023-04
4607,17,2,14,195974.0,2024-07-15,2829.74,5.4563,216158.75,-20184.75,-10.3,2024,7,2024-07
4608,49,22,12,449762.3,2023-09-28,7630.67,5.0475,462189.68,-12427.38,-2.76,2023,9,2023-09
4614,5,52,10,137041.0,2023-03-14,2634.69,5.2362,137957.64,-916.64,-0.67,2023,3,2023-03
4637,35,128,7,32555.0,2023-12-25,853.09,4.8619,29033.47,3521.53,10.82,2023,12,2023-12
4645,31,16,11,330066.0,2023-03-15,5615.94,5.2981,327291.93,2774.07,0.84,2023,3,2023-03
4649,20,67,2,171578.0,2024-05-05,16720.73,5.0668,169441.19,2136.81,1.25,2024,5,2024-05
4681,44,97,8,1028546.95,2024-04-21,25607.88,5.2269,1070798.62,-42251.67,-4.11,2024,4,2024-04
4692,44,71,1,123665.3,2024-06-28,27484.92,5.5589,152785.92,-29120.62,-23.55,2024,6,2024-06
4742,27,98,11,872972.0,2024-06-13,15850.04,5.3974,941039.06,-68067.06,-7.8,2024,6,2024-06
4822,26,50,14,149970.8,2023-03-11,2179.61,5.1822,158132.45,-8161.65,-5.44,2023,3,2023-03
4828,9,131,15,13731.3,2024-11-28,175.62,5.9871,15771.82,-2040.52,-14.86,2024,11,2024-11
4860,44,74,13,1068997.95,2024-03-19,17160.36,5.0352,1123275.98,-54278.03,-5.08,2024,3,2024-03
4881,20,36,10,214713.3,2023-09-04,4733.87,4.9176,232792.79,-18079.49,-8.42,2023,9,2023-09
4892,8,13,8,58878.15,2023-11-19,1356.5,4.8849,53010.93,5867.22,9.97,2023,11,2023-11
4926,14,105,12,3714.0,2024-07-19,57.36,5.5543,3823.14,-109.14,-2.94,2024,7,2024-07
4962,2,28,7,99810.0,2024-04-03,2921.84,5.0724,103745.19,-3935.19,-3.94,2024,4,2024-04
4969,24,125,5,17010.0,2023-04-01,646.27,5.0804,16416.55,593.45,3.49,2023,4,2023-04
4979,33,5,4,94676.0,2023-06-24,4920.79,4.7799,94083.54,592.46,0.63,2023,6,2023-06
5015,49,133,15,28391.0,2024-02-14,348.47,4.9723,25990.46,2400.54,8.46,2024,2,2024-02
5055,20,52,3,41112.0,2024-07-16,2634.69,5.4274,42898.55,-1786.55,-4.35,2024,7,2024-07
5072,9,71,11,1431915.0,2024-02-06,27484.92,4.9687,1502207.54,-70292.54,-4.91,2024,2,2024-02
5092,21,29,2,73021.0,2023-03-05,7689.63,5.2037,80029.06,-7008.06,-9.6,2023,3,2023-03
5110,18,71,8,989322.4,2023-04-09,25647.03,5.0683,1039894.74,-50572.34,-5.11,2023,4,2023-04
5120,3,15,12,318057.15,2023-01-29,5267.98,5.0767,320927.45,-2870.3,-0.9,2023,1,2023-01
5131,2,19,8,124886.05,2023-08-01,3163.35,4.7752,120845.03,4041.02,3.24,2023,8,2023-08
5141,34,97,1,135335.0,2024-02-04,25607.88,4.9471,126684.74,8650.26,6.39,2024,2,2024-02
5151,41,138,6,25098.0,2023-04-07,826.61,5.0683,25137.04,-39.04,-0.16,2023,4,2023-04
5154,49,5,10,224855.5,2023-11-29,4752.24,4.8933,232541.36,-7685.86,-3.42,2023,11,2023-11
5168,20,125,9,30619.0,2024-07-09,646.27,5.4387,31633.82,-1014.82,-3.31,2024,7,2024-07
5171,34,38,7,185228.0,2024-09-07,4851.61,5.5702,189171.07,-3943.07,-2.13,2024,9,2024-09
5183,28,33,11,73873.0,2023-10-04,1268.8,5.1526,71913.81,1959.19,2.65,2023,10,2023-10
5219,28,45,4,37634.25,2024-10-23,1881.33,5.7149,43006.45,-5372.2,-14.27,2024,10,2024-10
5225,42,103,8,14314.0,2023-06-22,341.7,4.775,13052.94,1261.06,8.81,2023,6,2023-06
5286,40,127,9,13246.8,2024-02-14,296.24,4.9723,13256.95,-10.15,-0.08,2024,2,2024-02
5289,18,131,1,964.0,2024-04-10,196.2,5.0654,993.83,-29.83,-3.09,2024,4,2024-04
5294,1,11,3,103261.2,2023-05-15,7246.24,4.9103,106743.64,-3482.44,-3.37,2023,5,2023-05
5309,27,99,9,917130.0,2024-09-06,18977.86,5.5702,951394.28,-34264.28,-3.74,2024,9,2024-09
5330,49,145,6,26099.0,2023-05-28,820.56,5.0114,24672.93,1426.07,5.46,2023,5,2023-05
5368,37,115,8,6645.0,2023-12-29,167.9,4.8413,6502.83,142.17,2.14,2023,12,2023-12
5405,38,101,10,4402.3,2024-11-24,82.96,5.8124,4821.97,-419.67,-9.53,2024,11,2024-11
5447,41,75,6,186779.5,2024-08-20,6193.58,5.4547,202704.72,-15925.22,-8.53,2024,8,2024-08
5498,7,55,11,1209859.0,2024-09-03,22138.68,5.6224,1369197.66,-159338.66,-13.17,2024,9,2024-09
5533,30,120,3,9373.0,2024-01-08,635.45,4.885,9312.52,60.48,0.65,2024,1,2024-01
5555,47,120,6,18747.0,2023-02-12,586.85,5.2526,18494.93,252.07,1.34,2023,2,2023-02
5561,8,122,2,2645.0,2023-07-27,270.21,4.7202,2550.89,94.11,3.56,2023,7,2023-07
5585,34,86,5,444235.2,2024-05-12,17824.79,5.1464,458667.5,-14432.3,-3.25,2024,5,2024-05
5593,27,65,12,291357.4,2023-01-18,5008.66,5.0909,305983.05,-14625.65,-5.02,2023,1,2023-01
5604,49,24,7,162625.0,2023-10-26,4129.65,5.0055,144696.74,17928.26,11.02,2023,10,2023-10
5667,42,26,2,32837.7,2023-07-05,3412.88,4.8577,33157.49,-319.79,-0.97,2023,7,2023-07
5671,34,21,2,17469.0,2023-08-22,1674.22,4.9431,16551.67,917.33,5.25,2023,8,2023-08
5672,12,50,13,139258.6,2024-05-05,2378.45,5.0668,156664.7,-17406.1,-12.5,2024,5,2024-05
5674,3,111,6,24425.45,2024-09-21,860.37,5.4775,28276.06,-3850.61,-15.76,2024,9,2024-09
5690,40,101,10,4634.0,2024-04-23,96.64,5.1626,4989.14,-355.14,-7.66,2024,4,2024-04
5710,18,42,7,41950.0,2023-09-29,1263.57,5.0076,44292.17,-2342.17,-5.58,2023,9,2023-09
5724,11,28,14,199620.0,2023-10-10,2723.39,5.0862,193923.89,5696.11,2.85,2023,10,2023-10
5732,32,33,13,87305.0,2024-04-23,1325.97,5.1626,88990.89,-1685.89,-1.93,2024,4,2024-04
5743,16,61,6,168112.0,2023-11-08,5396.92,4.8855,158199.92,9912.08,5.9,2023,11,2023-11
5752,29,122,9,11902.0,2023-07-07,266.89,4.8799,11721.57,180.43,1.52,2023,7,2023-07
5761,24,86,11,977316.3,2023-02-06,17824.79,5.1763,1014931.07,-37614.77,-3.85,2023,2,2023-02
5776,23,31,14,110165.8,2023-07-09,2418.07,4.8799,165199.16,-55033.36,-49.96,2023,7,2023-07
5795,12,51,2,128318.0,2023-03-10,12243.38,5.1822,126895.29,1422.71,1.11,2023,3,2023-03
5852,6,1,2,62932.75,2023-01-16,6538.2,5.1115,66840.02,-3907.27,-6.21,2023,1,2023-01
5870,42,127,5,7359.65,2024-07-27,296.24,5.6465,8363.6,-1003.95,-13.64,2024,7,2024-07
5885,9,123,3,7914.45,2023-10-12,535.37,5.0496,8110.21,-195.76,-2.47,2023,10,2023-10
5905,34,85,8,293198.5,2024-01-11,7885.27,4.8794,307803.09,-14604.59,-4.98,2024,1,2024-01
5906,3,85,9,329847.6,2023-06-28,7499.89,4.8563,327795.44,2052.16,0.62,2023,6,2023-06
5922,28,118,2,8198.5,2024-04-25,893.4,5.1679,9234.0,-1035.5,-12.63,2024,4,2024-04
5973,40,129,11,34131.6,2024-06-03,661.98,5.2373,38136.87,-4005.27,-11.73,2024,6,2024-06
5975,13,112,5,10359.75,2023-04-29,398.23,5.0007,9957.14,402.61,3.89,2023,4,2023-04
5979,22,10,8,256264.0,2024-05-05,6547.91,5.0668,265415.6,-9151.6,-3.57,2024,5,2024-05
5988,48,2,8,106385.75,2024-07-28,2829.74,5.6465,127825.02,-21439.27,-20.15,2024,7,2024-07
5995,34,58,5,544123.0,2023-07-16,20157.55,4.7957,483347.81,60775.19,11.17,2023,7,2023-07
6017,45,48,6,83997.1,2023-12-26,3020.3,4.8368,87651.52,-3654.42,-4.35,2023,12,2023-12
6027,23,129,15,46543.35,2023-10-27,598.62,4.948,44429.58,2113.77,4.54,2023,10,2023-10
6062,48,94,12,489010.0,2023-09-17,8022.13,4.8689,468707.39,20302.61,4.15,2023,9,2023-09
6064,29,47,15,87251.8,2024-02-12,1496.29,4.9717,111586.57,-24334.77,-27.89,2024,2,2024-02
6094,30,76,3,444595.0,2024-01-30,27945.06,4.9638,416141.07,28453.93,6.4,2024,1,2024-01
6111,28,101,12,5282.95,2023-07-08,87.95,4.8799,5150.25,132.7,2.51,2023,7,2023-07
6116,8,113,6,25051.5,2023-12-10,815.5,4.9158,24053.01,998.49,3.99,2023,12,2023-12
6123,20,92,6,506468.75,2024-02-10,16745.97,4.9717,499535.63,6933.12,1.37,2024,2,2024-02
6129,46,105,15,4643.0,2024-05-06,62.64,5.0727,4766.31,-123.31,-2.66,2024,5,2024-05
6139,11,86,7,621928.9,2023-01-29,17824.79,5.0767,633437.78,-11508.88,-1.85,2023,1,2023-01
6148,42,69,11,497915.0,2023-05-21,9219.51,4.9858,505632.96,-7717.96,-1.55,2023,5,2023-05
6216,18,18,3,79717.0,2024-11-27,5265.1,5.8291,92072.38,-12355.38,-15.5,2024,11,2024-11
6227,27,70,15,515331.0,2023-04-10,6655.06,5.0834,507454.98,7876.02,1.53,2023,4,2023-04
6349,21,86,11,1028754.0,2024-10-29,17824.79,5.714,1120359.35,-91605.35,-8.9,2024,10,2024-10
6372,2,134,15,67225.8,2023-05-26,899.33,5.0114,67603.54,-377.74,-0.56,2023,5,2023-05
6391,15,92,13,1155103.0,2023-07-10,16745.97,4.8735,1060949.3,94153.7,8.15,2023,7,2023-07
6399,13,58,2,206766.55,2023-11-24,20157.55,4.8927,197249.69,9516.86,4.6,2023,11,2023-11
6422,46,92,4,355416.0,2024-12-19,16239.74,6.1841,401712.7,-46296.7,-13.03,2024,12,2024-12
6432,14,82,7,361438.0,2024-08-06,9770.29,5.6528,386606.47,-25168.47,-6.96,2024,8,2024-08
6442,20,109,12,7472.0,2024-06-12,123.24,5.3891,7969.83,-497.83,-6.66,2024,6,2024-06
6460,47,127,4,5887.15,2024-04-04,296.24,5.0237,5952.88,-65.73,-1.12,2024,4,2024-04
6464,15,117,6,23387.1,2023-07-27,823.4,4.7202,23319.68,67.42,0.29,2023,7,2023-07
6465,19,79,13,859909.0,2023-04-29,11724.63,5.0007,762207.64,97701.36,11.36,2023,4,2023-04
6491,38,125,15,51031.0,2024-09-13,646.27,5.5717,54012.34,-2981.34,-5.84,2024,9,2024-09
6506,40,11,11,398551.0,2024-06-24,7246.24,5.4,430426.66,-31875.66,-8.0,2024,6,2024-06
6509,47,39,7,197058.5,2023-04-16,5270.87,4.9455,182469.61,14588.89,7.4,2023,4,2023-04
6552,30,46,12,59805.0,2023-02-01,959.01,5.0721,58370.34,1434.66,2.4,2023,2,2023-02
6563,23,97,10,1353351.0,2024-06-28,25607.88,5.5589,1423516.44,-70165.44,-5.18,2024,6,2024-06
6564,6,27,9,141172.85,2024-04-26,3051.23,5.1184,140556.74,616.11,0.44,2024,4,2024-04
6580,20,7,11,214706.0,2023-12-03,3678.62,4.9191,199050.5,15655.5,7.29,2023,12,2023-12
6616,28,39,2,56302.7,2023-01-19,5270.87,5.2144,54968.85,1333.85,2.37,2023,1,2023-01
6641,25,35,15,156828.85,2024-11-20,2106.85,5.7743,182483.76,-25654.91,-16.36,2024,11,2024-11
6642,35,5,7,157398.85,2024-09-22,4752.24,5.4775,182212.76,-24813.91,-15.76,2024,9,2024-09
6646,20,34,6,28029.75,2024-06-13,951.66,5.3974,30818.94,-2789.19,-9.95,2024,6,2024-06
6656,19,108,14,44496.1,2023-05-24,653.47,4.9474,45261.68,-765.58,-1.72,2023,5,2023-05
6700,48,15,9,251098.0,2024-02-23,5267.98,4.9851,236352.66,14745.34,5.87,2024,2,2024-02
6711,29,90,12,949168.0,2023-10-20,14083.78,5.0528,853950.28,95217.72,10.03,2023,10,2023-10
6719,22,50,2,22552.0,2024-06-04,2378.45,5.2687,25062.68,-2510.68,-11.13,2024,6,2024-06
6748,39,18,1,25243.4,2023-07-11,4834.43,4.8949,23664.05,1579.35,6.26,2023,7,2023-07
6758,17,33,2,13432.0,2023-03-20,1268.8,5.2467,13314.03,117.97,0.88,2023,3,2023-03
6785,35,117,5,20515.0,2023-03-26,823.4,5.2921,21787.58,-1272.58,-6.2,2023,3,2023-03
6832,22,35,2,22011.0,2024-12-13,2106.85,6.04,25450.75,-3439.75,-15.63,2024,12,2024-12
6864,3,29,3,104054.45,2023-04-06,7689.63,5.0683,116920.06,-12865.61,-12.36,2023,4,2023-04
6866,24,99,11,1120936.35,2024-12-30,18977.86,6.1923,1292682.63,-171746.28,-15.32,2024,12,2024-12
6886,37,1,10,314663.75,2024-03-29,6633.66,4.9962,331430.92,-16767.17,-5.33,2024,3,2024-03
6890,12,18,3,75731.15,2023-12-15,5536.62,4.9397,82047.73,-6316.58,-8.34,2023,12,2023-12
6899,37,105,1,294.5,2023-09-08,62.64,4.9835,312.17,-17.67,-6.0,2023,9,2023-09
6917,13,13,1,7359.65,2023-11-30,1356.5,4.9355,6695.01,664.64,9.03,2023,11,2023-11
6918,1,103,13,23259.0,2023-04-13,341.7,4.9097,21809.38,1449.62,6.23,2023,4,2023-04
6937,33,81,11,1276451.35,2024-05-06,23345.09,5.0727,1302649.02,-26197.67,-2.05,2024,5,2024-05
6964,30,86,8,710775.75,2023-05-25,17824.79,4.999,712849.0,-2073.25,-0.29,2023,5,2023-05
6988,36,106,5,20827.8,2023-06-25,837.06,4.7799,20005.32,822.48,3.95,2023,6,2023-06
7015,18,19,14,218550.35,2024-10-19,3358.13,5.6672,266436.72,-47886.37,-21.91,2024,10,2024-10
7018,44,64,15,1588953.85,2023-03-08,21352.22,5.1387,1645839.79,-56885.94,-3.58,2023,3,2023-03
7026,3,90,5,375712.65,2024-08-03,14571.29,5.7366,417948.31,-42235.66,-11.24,2024,8,2024-08
7041,4,39,10,281511.6,2024-12-10,5270.87,6.0529,319040.49,-37528.89,-13.33,2024,12,2024-12
7082,41,140,6,17866.65,2023-01-02,586.81,5.3436,18814.07,-947.42,-5.3,2023,1,2023-01
7101,45,16,8,240048.0,2023-09-12,5615.94,4.9505,222413.69,17634.31,7.35,2023,9,2023-09
7119,29,88,11,505115.95,2024-11-07,9896.1,5.6624,616392.44,-111276.49,-22.03,2024,11,2024-11
7140,49,141,7,31799.35,2023-08-25,971.69,4.8772,33173.89,-1374.54,-4.32,2023,8,2023-08
7150,1,44,3,32421.0,2024-01-24,1963.02,4.9192,28969.46,3451.54,10.65,2024,1,2024-01
7183,47,71,2,247330.6,2023-04-12,25647.03,4.9496,253885.08,-6554.48,-2.65,2023,4,2023-04
7193,2,26,9,147771.55,2023-11-14,3412.88,4.8682,149531.24,-1759.69,-1.19,2023,11,2023-11
7208,43,142,7,5785.0,2023-08-28,160.09,4.8938,5484.14,300.86,5.2,2023,8,2023-08
7225,18,131,9,8672.0,2024-03-07,196.2,4.9364,8716.7,-44.7,-0.52,2024,3,2024-03
7230,9,99,8,815226.35,2023-11-24,21330.89,4.8927,834925.16,-19698.81,-2.42,2023,11,2023-11
7249,39,111,2,8141.5,2024-01-11,821.82,4.8794,8019.98,121.52,1.49,2024,1,2024-01
7250,2,71,8,1041392.0,2024-02-05,27484.92,5.0053,1100562.16,-59170.16,-5.68,2024,2,2024-02
7257,35,20,12,351500.95,2024-01-10,5689.04,4.8901,333839.69,17661.26,5.02,2024,1,2024-01
7275,32,69,7,316855.0,2024-07-27,8620.92,5.6465,340746.17,-23891.17,-7.54,2024,7,2024-07
7279,13,33,15,100737.0,2024-01-07,1268.8,4.8899,93064.58,7672.42,7.62,2024,1,2024-01
7289,49,74,11,952144.0,2023-04-21,17160.36,5.0497,953201.37,-1057.37,-0.11,2023,4,2023-04
7290,37,128,6,26508.8,2024-04-11,853.09,5.0765,25984.27,524.53,1.98,2024,4,2024-04
7310,19,137,9,28945.55,2024-02-01,619.79,4.935,27527.97,1417.58,4.9,2024,2,2024-02
7331,9,126,15,38148.2,2024-03-21,467.05,4.9807,34893.54,3254.66,8.53,2024,3,2024-03
7348,13,104,1,3713.0,2024-07-16,742.54,5.4274,4030.06,-317.06,-8.54,2024,7,2024-07
7353,44,75,1,32768.0,2023-11-26,6193.58,4.8927,30303.33,2464.67,7.52,2023,11,2023-11
7369,14,91,4,512566.8,2023-12-29,27671.77,4.8413,535869.36,-23302.56,-4.55,2023,12,2023-12
7376,24,13,3,23241.0,2023-05-19,1356.5,4.9858,20289.71,2951.29,12.7,2023,5,2023-05
7378,23,77,3,134114.0,2024-09-20,8959.75,5.4775,147231.09,-13117.09,-9.78,2024,9,2024-09
7395,4,19,9,140496.45,2024-01-15,3358.13,4.8765,147383.29,-6886.84,-4.9,2024,1,2024-01
7396,42,63,13,1728477.5,2023-04-24,27618.14,5.0595,1816541.73,-88064.23,-5.09,2023,4,2023-04
7419,44,21,3,24893.8,2023-06-22,1674.22,4.775,23983.2,910.6,3.66,2023,6,2023-06
7433,30,13,3,22078.95,2024-11-07,1356.5,5.6624,23043.14,-964.19,-4.37,2024,11,2024-11
7446,5,86,10,888469.45,2023-12-23,17824.79,4.8619,866623.47,21845.98,2.46,2023,12,2023-12
7463,48,125,12,38783.75,2024-12-22,646.27,6.078,47136.35,-8352.6,-21.54,2024,12,2024-12
7471,39,89,15,1121162.45,2023-01-08,14832.32,5.2855,1175943.41,-54780.96,-4.89,2023,1,2023-01
7478,44,79,11,727615.0,2024-03-29,13344.4,4.9962,733384.2,-5769.2,-0.79,2024,3,2024-03
7514,5,141,15,71727.0,2024-12-22,972.86,6.078,88695.65,-16968.65,-23.66,2024,12,2024-12
7533,39,119,11,34023.3,2023-04-02,625.1,5.0804,34933.34,-910.04,-2.67,2023,4,2023-04
7560,46,37,15,91016.0,2024-05-22,1211.89,5.1502,93622.14,-2606.14,-2.86,2024,5,2024-05
7567,8,7,13,253744.0,2024-03-09,3678.62,4.9751,237919.53,15824.47,6.24,2024,3,2024-03
7598,5,76,2,281576.2,2024-09-17,26819.81,5.501,295071.55,-13495.35,-4.79,2024,9,2024-09
7604,4,37,4,24271.0,2023-01-09,1132.29,5.2967,23989.6,281.4,1.16,2023,1,2023-01
7627,12,5,15,337283.25,2024-08-16,4752.24,5.4632,389436.56,-52153.31,-15.46,2024,8,2024-08
7643,28,65,14,357808.0,2023-11-28,5225.24,4.8867,357478.52,329.48,0.09,2023,11,2023-11
7649,49,18,5,132862.0,2023-03-05,4834.43,5.2037,125784.62,7077.38,5.33,2023,3,2023-03
7676,23,138,3,12549.0,2024-08-11,836.88,5.5115,13837.39,-1288.39,-10.27,2024,8,2024-08
7697,23,120,12,37494.0,2023-07-16,586.85,4.7957,33772.28,3721.72,9.93,2023,7,2023-07
7722,33,103,1,1699.55,2024-08-17,325.52,5.4632,1778.38,-78.83,-4.64,2024,8,2024-08
7769,46,39,15,444492.0,2023-03-31,5270.87,5.0804,401671.92,42820.08,9.63,2023,3,2023-03
7771,46,113,2,8790.0,2023-12-10,815.5,4.9158,8017.67,772.33,8.79,2023,12,2023-12
7791,35,140,13,38712.5,2023-03-03,586.81,5.2037,39696.58,-984.08,-2.54,2023,3,2023-03
7794,8,85,9,347208.0,2023-09-24,7499.89,4.9131,331629.39,15578.61,4.49,2023,9,2023-09
7802,30,19,15,246485.0,2024-10-29,3358.13,5.714,287825.32,-41340.32,-16.77,2024,10,2024-10
7821,18,5,2,47338.0,2023-12-27,4752.24,4.8306,45912.34,1425.66,3.01,2023,12,2023-12
7871,13,87,11,698686.05,2024-09-22,13597.7,5.4775,819295.42,-120609.37,-17.26,2024,9,2024-09
7892,12,53,15,764868.75,2023-06-23,10045.86,4.7799,720273.09,44595.66,5.83,2023,6,2023-06
7894,33,69,15,678975.0,2023-03-06,8542.02,5.197,665893.17,13081.83,1.93,2023,3,2023-03
7901,10,23,10,111786.0,2023-02-05,2108.74,5.103,107609.0,4177.0,3.74,2023,2,2023-02
7950,8,84,1,41252.8,2023-11-30,8951.16,4.9355,44178.45,-2925.65,-7.09,2023,11,2023-11
7959,27,112,12,24862.45,2023-12-02,435.58,4.9191,25711.94,-849.49,-3.42,2023,12,2023-12
7960,29,85,2,73299.15,2023-09-06,7499.89,4.9762,74641.91,-1342.76,-1.83,2023,9,2023-09
7961,2,134,15,70764.0,2024-06-11,948.15,5.3524,76123.17,-5359.17,-7.57,2024,6,2024-06
7962,1,106,13,57003.0,2023-01-18,837.06,5.0909,55398.05,1604.95,2.82,2023,1,2023-01
7967,32,75,11,360452.0,2024-03-22,6193.58,4.9897,339945.17,20506.83,5.69,2024,3,2024-03
7971,4,80,7,904567.0,2024-12-01,24177.04,6.0535,1024489.98,-119922.98,-13.26,2024,12,2024-12
7983,16,112,3,6215.85,2023-05-23,398.23,4.9674,5934.5,281.35,4.53,2023,5,2023-05
7986,33,45,6,56450.9,2024-01-12,1881.33,4.8543,54795.24,1655.66,2.93,2024,1,2024-01
7987,28,124,12,45239.0,2023-06-11,725.63,4.8922,42599.13,2639.87,5.84,2023,6,2023-06
8014,30,110,8,19964.0,2023-02-08,476.03,5.2036,19816.56,147.44,0.74,2023,2,2023-02
8028,44,36,1,21470.95,2024-03-12,4476.41,4.9813,22298.34,-827.39,-3.85,2024,3,2024-03
8073,19,65,8,194238.9,2024-12-05,4996.52,5.9849,239229.38,-44990.48,-23.16,2024,12,2024-12
8079,46,137,10,32162.25,2023-03-16,619.79,5.2892,32781.93,-619.68,-1.93,2023,3,2023-03
8138,30,107,3,4540.0,2024-09-22,311.59,5.4775,5120.2,-580.2,-12.78,2024,9,2024-09
8149,11,56,7,285874.95,2024-05-09,8087.59,5.1577,291993.54,-6118.59,-2.14,2024,5,2024-05
8158,29,29,3,109531.0,2024-04-10,7689.63,5.0654,116853.16,-7322.16,-6.69,2024,4,2024-04
8186,37,48,2,29473.0,2024-11-24,2605.99,5.8124,30294.11,-821.11,-2.79,2024,11,2024-11
8200,41,106,10,43849.0,2024-09-02,918.37,5.623,51639.95,-7790.95,-17.77,2024,9,2024-09
8217,29,148,2,9571.0,2023-04-06,919.03,5.0683,9315.84,255.16,2.67,2023,4,2023-04
8223,32,147,10,30301.0,2024-01-26,592.19,4.9125,29091.33,1209.67,3.99,2024,1,2024-01
8234,18,63,4,531839.45,2024-09-29,27618.14,5.4431,601313.19,-69473.74,-13.06,2024,9,2024-09
8240,25,36,8,171770.45,2023-04-06,4221.25,5.0683,171156.49,613.96,0.36,2023,4,2023-04
8243,24,6,7,82741.0,2024-03-29,2394.79,4.9962,83753.95,-1012.95,-1.22,2024,3,2024-03
8250,34,140,2,5955.55,2023-08-05,586.81,4.8609,5704.85,250.7,4.21,2023,8,2023-08
8251,25,6,2,23640.0,2023-11-11,2104.66,4.9219,20717.85,2922.15,12.36,2023,11,2023-11
8261,9,97,6,771409.5,2024-11-07,25607.88,5.6624,870012.36,-98602.86,-12.78,2024,11,2024-11
8263,3,58,11,1137216.5,2023-09-10,20157.55,4.9835,1105006.65,32209.85,2.83,2023,9,2023-09
8267,9,112,8,17448.0,2024-02-29,435.58,4.9833,17365.01,82.99,0.48,2024,2,2024-02
8275,37,84,9,371274.25,2023-11-22,8951.16,4.8968,394488.36,-23214.11,-6.25,2023,11,2023-11
8280,5,41,10,106000.0,2023-06-16,2005.71,4.8286,96847.71,9152.29,8.63,2023,6,2023-06
8294,16,146,12,5952.0,2023-12-11,99.02,4.944,5874.66,77.34,1.3,2023,12,2023-12
8310,1,73,10,1360019.05,2024-10-21,25649.93,5.7068,1463790.21,-103771.16,-7.63,2024,10,2024-10
8324,20,35,14,146373.15,2024-07-08,2106.85,5.472,161401.56,-15028.41,-10.27,2024,7,2024-07
8352,44,96,2,141242.0,2023-07-02,14776.4,4.8192,142420.85,-1178.85,-0.83,2023,7,2023-07
8362,12,98,7,555528.0,2024-04-18,15850.04,5.2512,582622.11,-27094.11,-4.88,2024,4,2024-04
8368,5,31,3,24849.0,2023-01-22,2418.07,5.1986,37711.74,-12862.74,-51.76,2023,1,2023-01
8379,17,89,5,373720.5,2023-11-16,14832.32,4.8575,360239.97,13480.53,3.61,2023,11,2023-11
8388,14,130,10,41441.0,2023-04-22,749.89,5.0497,37867.2,3573.8,8.62,2023,4,2023-04
8405,48,73,4,572640.0,2024-10-02,26171.36,5.4305,568494.28,4145.72,0.72,2024,10,2024-10
8425,25,64,10,1115056.0,2024-01-13,21352.22,4.8543,1036500.82,78555.18,7.04,2024,1,2024-01
8437,33,9,4,150880.9,2024-09-06,7258.64,5.5702,161728.31,-10847.41,-7.19,2024,9,2024-09
8447,33,100,9,941402.0,2024-05-31,19807.28,5.2416,934396.55,7005.45,0.74,2024,5,2024-05
8448,21,8,10,47349.9,2023-04-26,947.09,5.0585,47908.55,-558.65,-1.18,2023,4,2023-04
8461,28,40,14,188648.15,2023-05-02,2757.45,5.0334,194310.88,-5662.73,-3.0,2023,5,2023-05
8469,10,90,7,553681.0,2023-12-13,16092.39,4.958,558502.49,-4821.49,-0.87,2023,12,2023-12
8471,27,4,15,50728.0,2024-05-25,679.13,5.1508,52470.94,-1742.94,-3.44,2024,5,2024-05
8529,33,10,9,288297.0,2023-01-19,5615.0,5.2144,263509.7,24787.3,8.6,2023,1,2023-01
8578,31,55,13,1429834.0,2024-03-15,22138.68,4.9937,1437201.04,-7367.04,-0.52,2024,3,2024-03
8593,10,107,8,11501.65,2023-02-17,295.48,5.2012,12294.8,-793.15,-6.9,2023,2,2023-02
8615,29,17,14,186715.85,2023-07-10,2833.14,4.8735,193302.31,-6586.46,-3.53,2023,7,2023-07
8654,34,109,10,6227.0,2024-10-01,123.24,5.4521,6719.17,-492.17,-7.9,2024,10,2024-10
8666,12,44,15,153997.85,2024-02-22,2159.34,4.9419,160068.64,-6070.79,-3.94,2024,2,2024-02
8699,47,119,9,29302.0,2023-12-07,669.88,4.8949,29510.96,-208.96,-0.71,2023,12,2023-12
8726,14,3,9,77157.1,2024-10-30,1753.77,5.7801,91232.69,-14075.59,-18.24,2024,10,2024-10
8727,44,64,6,635581.35,2023-05-21,21352.22,4.9858,638747.39,-3166.04,-0.5,2023,5,2023-05
8730,35,6,7,82741.0,2023-02-15,2104.66,5.2243,76967.63,5773.37,6.98,2023,2,2023-02
8732,18,149,11,12800.0,2024-08-14,225.94,5.4502,13545.6,-745.6,-5.83,2024,8,2024-08
8738,24,58,12,1240600.25,2024-04-28,20157.55,5.1184,1238092.85,2507.4,0.2,2024,4,2024-04
8760,39,47,9,55107.0,2023-05-09,1496.29,5.0007,67342.48,-12235.48,-22.2,2023,5,2023-05
8780,18,145,10,41324.05,2023-07-20,820.56,4.7888,39294.98,2029.07,4.91,2023,7,2023-07
8786,29,36,9,193242.35,2024-10-16,4476.41,5.6749,228628.61,-35386.26,-18.31,2024,10,2024-10
8789,15,75,14,435819.15,2023-12-30,6193.58,4.8413,419789.7,16029.45,3.68,2023,12,2023-12
8795,22,86,2,187046.0,2023-04-06,17824.79,5.0683,180682.77,6363.23,3.4,2023,4,2023-04
8802,30,14,10,358111.0,2024-01-13,6767.66,4.8543,328522.52,29588.48,8.26,2024,1,2024-01
8804,6,87,3,200580.0,2024-03-04,13597.7,4.9475,201823.86,-1243.86,-0.62,2024,3,2024-03
8815,32,90,2,150285.25,2023-11-02,14083.78,5.0194,141384.25,8901.0,5.92,2023,11,2023-11
8816,33,50,8,90208.0,2023-02-08,2179.61,5.2036,90734.55,-526.55,-0.58,2023,2,2023-02
8852,16,113,8,35160.0,2023-07-07,815.5,4.8799,31836.47,3323.53,9.45,2023,7,2023-07
8854,33,130,10,39368.95,2023-04-26,749.89,5.0585,37933.19,1435.76,3.65,2023,4,2023-04
8858,30,150,14,21887.05,2023-12-27,326.88,4.8306,22106.37,-219.32,-1.0,2023,12,2023-12
8867,43,4,14,47346.0,2023-06-16,654.31,4.8286,44231.62,3114.38,6.58,2023,6,2023-06
8868,41,45,8,79230.0,2024-02-23,1881.33,4.9851,75028.95,4201.05,5.3,2024,2,2024-02
8884,14,99,15,1609000.0,2024-04-24,21330.89,5.1592,1650754.92,-41754.92,-2.6,2024,4,2024-04
8892,48,54,10,1215348.0,2024-07-31,23191.9,5.6621,1313148.57,-97800.57,-8.05,2024,7,2024-07
8907,6,1,14,463715.0,2023-09-17,6360.91,4.8689,433588.89,30126.11,6.5,2023,9,2023-09
8913,43,54,10,1215348.0,2024-05-01,23191.9,5.1718,1199438.68,15909.32,1.31,2024,5,2024-05
8956,20,125,7,22623.3,2023-09-15,646.27,4.8689,22026.37,596.93,2.64,2023,9,2023-09
9032,36,26,2,34566.0,2024-10-13,3378.85,5.6263,38020.85,-3454.85,-9.99,2024,10,2024-10
9046,30,1,4,132490.0,2023-11-11,6574.8,4.9219,129442.03,3047.97,2.3,2023,11,2023-11
9078,4,1,8,251731.0,2024-09-11,5774.5,5.6387,260485.39,-8754.39,-3.48,2024,9,2024-09
9105,29,57,2,225701.95,2024-03-10,22497.79,4.9751,223857.51,1844.44,0.82,2024,3,2024-03
9106,25,34,14,68845.0,2024-08-27,951.66,5.4969,73236.52,-4391.52,-6.38,2024,8,2024-08
9111,42,19,5,82162.0,2024-01-26,3358.13,4.9125,82484.07,-322.07,-0.39,2024,1,2024-01
9156,24,32,14,166282.3,2024-02-12,2562.61,4.9717,178367.39,-12085.09,-7.27,2024,2,2024-02
9193,2,15,15,397571.2,2024-08-22,5267.98,5.5524,438748.98,-41177.78,-10.36,2024,8,2024-08
9201,15,76,13,1926577.0,2023-12-28,27945.06,4.8413,1758775.45,167801.55,8.71,2023,12,2023-12
9222,34,41,11,110770.0,2023-10-12,2005.71,5.0496,111408.37,-638.37,-0.58,2023,10,2023-10
9255,15,121,8,28076.3,2023-05-14,718.35,4.9234,28293.8,-217.5,-0.77,2023,5,2023-05
9257,7,148,11,50008.95,2024-10-17,885.1,5.6758,55260.16,-5251.21,-10.5,2024,10,2024-10
9268,21,1,6,198735.0,2024-09-09,5774.5,5.6097,194359.28,4375.72,2.2,2024,9,2024-09
9283,28,48,10,147364.0,2024-11-10,2605.99,5.7648,150230.11,-2866.11,-1.94,2024,11,2024-11
9295,42,28,14,199620.0,2023-09-01,2723.39,4.9318,188037.01,11582.99,5.8,2023,9,2023-09
9299,12,10,7,224231.0,2023-05-19,5615.0,4.9858,195966.87,28264.13,12.6,2023,5,2023-05
9301,42,85,7,270051.0,2024-09-22,7885.27,5.4775,302340.96,-32289.96,-11.96,2024,9,2024-09
9302,3,28,9,121910.65,2023-08-30,2723.39,4.8653,119250.98,2659.67,2.18,2023,8,2023-08
9307,13,92,2,177708.0,2023-12-12,16745.97,4.9476,165704.72,12003.28,6.75,2023,12,2023-12
9327,24,7,7,129799.45,2024-09-13,3678.62,5.5717,143473.17,-13673.72,-10.53,2024,9,2024-09
9348,18,79,1,66147.0,2023-06-26,11724.63,4.7698,55924.14,10222.86,15.45,2023,6,2023-06
9367,14,79,12,793762.0,2024-03-21,13344.4,4.9807,797573.44,-3811.44,-0.48,2024,3,2024-03
9389,1,14,14,501355.0,2023-09-23,6767.66,4.9131,465502.66,35852.34,7.15,2023,9,2023-09
9411,12,14,12,429733.0,2024-10-19,6832.87,5.6672,464678.89,-34945.89,-8.13,2024,10,2024-10
9421,8,93,15,1431797.25,2023-05-17,19409.47,4.9513,1441531.63,-9734.38,-0.68,2023,5,2023-05
9429,13,81,5,610742.0,2024-04-21,23345.09,5.2269,610112.25,629.75,0.1,2024,4,2024-04
9461,47,64,10,1059303.2,2023-09-04,21352.22,4.9176,1050016.77,9286.43,0.88,2023,9,2023-09
9482,35,50,9,101484.0,2023-10-05,2378.45,5.1713,110697.11,-9213.11,-9.08,2023,10,2023-10
9489,20,150,4,6583.0,2023-12-08,326.88,4.9158,6427.51,155.49,2.36,2023,12,2023-12
9502,30,30,15,483718.0,2023-04-22,5636.75,5.0497,426958.45,56759.55,11.73,2023,4,2023-04
9507,15,102,6,4742.4,2023-08-18,199.93,4.9724,5964.79,-1222.39,-25.78,2023,8,2023-08
9522,23,76,3,444595.0,2024-06-08,28642.87,5.2802,453720.25,-9125.25,-2.05,2024,6,2024-06
9547,26,137,11,35378.0,2024-05-13,673.98,5.1412,38115.73,-2737.73,-7.74,2024,5,2024-05
9556,15,34,5,24588.0,2023-12-26,1022.84,4.8368,24736.36,-148.36,-0.6,2023,12,2023-12
9575,7,94,2,81502.0,2024-05-08,8022.13,5.0887,81644.43,-142.43,-0.17,2024,5,2024-05
9582,31,88,6,275518.05,2024-09-26,9896.1,5.4412,323079.96,-47561.91,-17.26,2024,9,2024-09
9594,44,39,6,168907.15,2023-04-22,5270.87,5.0497,159697.87,9209.28,5.45,2023,4,2023-04
9622,33,100,4,418401.0,2024-08-08,19807.28,5.6172,445045.81,-26644.81,-6.37,2024,8,2024-08
9634,15,37,6,34585.7,2024-07-10,1211.89,5.3967,39241.24,-4655.54,-13.46,2024,7,2024-07
9637,42,90,9,711876.0,2024-07-30,14571.29,5.6532,741369.75,-29493.75,-4.14,2024,7,2024-07
9653,40,117,15,58467.75,2024-12-18,823.4,6.1624,76111.8,-17644.05,-30.18,2024,12,2024-12
9670,9,94,10,407508.0,2024-03-28,8022.13,4.9962,400801.66,6706.34,1.65,2024,3,2024-03
9674,36,3,11,94302.7,2024-07-18,1753.77,5.5426,106924.9,-12622.2,-13.38,2024,7,2024-07
9720,15,4,1,3212.9,2023-12-30,692.14,4.8413,3350.86,-137.96,-4.29,2023,12,2023-12
9722,39,126,7,18739.0,2024-03-20,467.05,5.012,16385.98,2353.02,12.56,2024,3,2024-03
9735,20,34,4,18686.5,2024-10-09,951.66,5.5737,21217.07,-2530.57,-13.54,2024,10,2024-10
9772,15,65,3,76673.0,2024-07-03,4996.52,5.5863,83736.18,-7063.18,-9.21,2024,7,2024-07
9791,9,23,11,116816.75,2023-06-24,2108.74,4.7799,110875.23,5941.52,5.09,2023,6,2023-06
9800,1,48,11,153995.0,2023-12-07,3020.3,4.8949,162624.73,-8629.73,-5.6,2023,12,2023-12
9803,3,87,12,762203.05,2023-05-14,11794.37,4.9234,696820.82,65382.23,8.58,2023,5,2023-05
9819,49,53,3,152973.75,2023-05-08,10045.86,4.9696,149771.72,3202.03,2.09,2023,5,2023-05
9842,47,55,7,731414.5,2024-03-08,22138.68,4.9751,770995.03,-39580.53,-5.41,2024,3,2024-03
9850,24,133,5,9464.0,2024-08-12,381.67,5.4911,10478.94,-1014.94,-10.72,2024,8,2024-08
9855,7,126,15,40156.0,2023-05-25,467.05,4.999,35021.74,5134.26,12.79,2023,5,2023-05
9861,1,138,9,37647.0,2024-08-04,836.88,5.7366,43207.61,-5560.61,-14.77,2024,8,2024-08
9876,7,146,11,5456.0,2023-11-17,99.02,4.8849,5320.73,135.27,2.48,2023,11,2023-11
9902,22,122,10,12563.75,2024-12-02,271.3,6.0634,16450.0,-3886.25,-30.93,2024,12,2024-12
9914,21,74,3,246692.2,2024-02-20,17160.36,4.9408,254357.72,-7665.52,-3.11,2024,2,2024-02
9965,5,136,6,11248.95,2024-10-13,390.62,5.6263,13186.47,-1937.52,-17.22,2024,10,2024-10
9967,44,37,11,66745.0,2024-07-25,1211.89,5.6402,75188.32,-8443.32,-12.65,2024,7,2024-07
9975,16,8,15,71023.9,2023-01-03,951.1,5.3759,76695.28,-5671.38,-7.99,2023,1,2023-01
9981,48,43,2,70194.0,2024-08-20,6219.32,5.4547,67849.05,2344.95,3.34,2024,8,2024-08
9996,9,111,7,28497.15,2023-09-17,821.82,4.8689,28009.52,487.63,1.71,2023,9,2023-09
9998,33,97,6,771409.5,2024-10-23,25607.88,5.7149,878078.84,-106669.34,-13.83,2024,10,2024-10
4,20,23,5,55893.0,2023-02-03,2108.74,5.103,53804.5,2088.5,3.74,2023,2,2023-02
28,41,60,12,1239762.35,2023-03-20,19341.09,5.2467,1217722.76,22039.59,1.78,2023,3,2023-03
36,18,136,7,13123.3,2023-11-24,390.62,4.8927,13378.31,-255.01,-1.94,2023,11,2023-11
45,22,149,11,12160.0,2024-09-12,225.94,5.6554,14055.59,-1895.59,-15.59,2024,9,2024-09
55,35,54,3,346373.8,2024-11-24,23191.9,5.8124,404401.8,-58028.0,-16.75,2024,11,2024-11
60,11,49,14,176415.0,2024-03-20,2627.0,5.012,184331.34,-7916.34,-4.49,2024,3,2024-03
79,10,12,13,35440.0,2024-12-31,481.53,6.1923,38763.12,-3323.12,-9.38,2024,12,2024-12
88,29,147,5,15150.0,2024-03-11,592.19,4.9777,14738.72,411.28,2.71,2024,3,2024-03
92,40,2,7,93087.65,2023-04-19,2577.22,5.0467,91045.19,2042.46,2.19,2023,4,2023-04
144,27,116,4,10302.0,2024-01-15,502.24,4.8765,9796.69,505.31,4.9,2024,1,2024-01
184,33,7,3,55628.2,2024-03-31,3678.62,4.9962,55137.36,490.84,0.88,2024,3,2024-03
197,2,83,12,1536764.65,2024-01-29,35839.7,4.9225,2117051.08,-580286.43,-37.76,2024,1,2024-01
208,37,74,3,259676.0,2024-07-21,17160.36,5.5543,285941.36,-26265.36,-10.11,2024,7,2024-07
234,46,22,2,74960.7,2024-08-17,7630.67,5.4632,83375.75,-8415.05,-11.23,2024,8,2024-08
239,28,28,10,142586.0,2024-01-10,2921.84,4.8901,142880.9,-294.9,-0.21,2024,1,2024-01
253,5,61,14,392261.0,2024-03-15,5396.92,4.9937,377308.39,14952.61,3.81,2024,3,2024-03
274,40,141,9,43036.0,2024-07-14,972.86,5.4529,47744.17,-4708.17,-10.94,2024,7,2024-07
305,11,38,12,317534.0,2024-02-19,5439.42,4.9585,323656.37,-6122.37,-1.93,2024,2,2024-02
312,46,101,12,5282.95,2024-08-31,82.96,5.6562,5630.86,-347.91,-6.59,2024,8,2024-08
313,27,12,1,2589.7,2024-08-11,481.53,5.5115,2653.95,-64.25,-2.48,2024,8,2024-08
315,12,137,8,27084.0,2023-01-08,619.79,5.2855,26207.2,876.8,3.24,2023,1,2023-01
371,3,57,9,1015659.25,2024-05-24,23810.02,5.1508,1103765.86,-88106.61,-8.67,2024,5,2024-05
372,42,77,7,312933.0,2023-02-20,8959.75,5.2012,326210.16,-13277.16,-4.24,2023,2,2023-02
426,37,12,1,2726.0,2023-08-08,527.97,4.9217,2598.51,127.49,4.68,2023,8,2023-08
436,33,47,6,36738.0,2024-03-18,1496.29,5.0124,45000.02,-8262.02,-22.49,2024,3,2024-03
445,29,6,9,106382.0,2023-11-28,2104.66,4.8867,92563.58,13818.42,12.99,2023,11,2023-11
464,45,64,8,892044.0,2023-12-09,21352.22,4.9158,839705.94,52338.06,5.87,2023,12,2023-12
491,33,138,6,23843.1,2023-12-04,836.88,4.9091,24649.97,-806.87,-3.38,2023,12,2023-12
498,34,20,13,380793.25,2024-01-03,5689.04,4.9212,363959.75,16833.5,4.42,2024,1,2024-01
511,17,120,15,46867.0,2024-11-15,635.45,5.7885,55174.53,-8307.53,-17.73,2024,11,2024-11
526,8,12,7,18128.85,2023-03-02,527.97,5.208,19247.67,-1118.82,-6.17,2023,3,2023-03
531,13,19,10,164324.0,2023-07-21,3163.35,4.7732,150993.02,13330.98,8.11,2023,7,2023-07
542,19,91,12,1618632.0,2024-04-22,27671.77,5.2043,1728146.31,-109514.31,-6.77,2024,4,2024-04
561,33,51,2,128318.0,2023-06-12,12243.38,4.8832,119573.75,8744.25,6.81,2023,6,2023-06
574,8,3,12,102875.5,2023-03-28,1753.77,5.1733,108873.34,-5997.84,-5.83,2023,3,2023-03
618,43,131,8,7323.55,2023-06-12,196.2,4.8832,7664.67,-341.12,-4.66,2023,6,2023-06
622,33,84,14,607934.0,2024-04-24,8951.16,5.1592,646531.55,-38597.55,-6.35,2024,4,2024-04
627,47,120,3,8904.35,2024-04-15,635.45,5.1746,9864.6,-960.25,-10.78,2024,4,2024-04
652,22,80,12,1550686.0,2024-05-28,24177.04,5.1538,1495243.55,55442.45,3.58,2024,5,2024-05
685,9,98,3,238083.0,2024-12-01,15850.04,6.0535,287844.65,-49761.65,-20.9,2024,12,2024-12
691,14,2,15,199473.4,2024-12-17,2829.74,6.1685,261828.77,-62355.37,-31.26,2024,12,2024-12
694,27,17,5,70194.0,2023-05-07,2706.74,4.9696,67257.08,2936.92,4.18,2023,5,2023-05
696,36,90,14,1107363.0,2024-11-16,14571.29,5.7885,1180842.77,-73479.77,-6.64,2024,11,2024-11
705,16,71,5,618326.5,2023-06-04,25647.03,4.9558,635507.76,-17181.26,-2.78,2023,6,2023-06
727,43,19,3,46832.15,2023-01-05,3163.35,5.4026,51270.94,-4438.79,-9.48,2023,1,2023-01
728,32,115,14,11628.0,2023-03-02,160.69,5.208,11716.23,-88.23,-0.76,2023,3,2023-03
747,11,76,12,1778379.0,2024-02-13,27945.06,4.9717,1667213.46,111165.54,6.25,2024,2,2024-02
749,10,70,14,480976.0,2024-02-20,6655.06,4.9408,460338.49,20637.51,4.29,2024,2,2024-02
769,29,59,14,1220326.0,2024-10-09,15467.88,5.5737,1206986.52,13339.48,1.09,2024,10,2024-10
836,43,50,9,96409.8,2024-05-03,2378.45,5.0668,108460.17,-12050.37,-12.5,2024,5,2024-05
903,16,94,5,203754.0,2023-12-10,8022.13,4.9158,197175.93,6578.07,3.23,2023,12,2023-12
954,48,62,10,1022220.0,2024-08-19,20000.78,5.4237,1084782.3,-62562.3,-6.12,2024,8,2024-08
979,9,58,7,723683.4,2024-11-10,19694.26,5.7648,794734.29,-71050.89,-9.82,2024,11,2024-11
1013,33,148,10,47856.0,2023-02-27,901.95,5.196,46865.32,990.68,2.07,2023,2,2023-02
1014,8,102,9,7113.6,2023-12-24,199.93,4.8619,8748.36,-1634.76,-22.98,2023,12,2023-12
1031,6,90,9,676282.2,2023-04-29,14083.78,5.0007,633858.83,42423.37,6.27,2023,4,2023-04
1058,47,100,11,1150603.0,2023-09-24,19807.28,4.9131,1070466.62,80136.38,6.96,2023,9,2023-09
1109,36,79,1,66147.0,2023-12-29,11724.63,4.8413,56762.45,9384.55,14.19,2023,12,2023-12
1115,47,42,11,65921.0,2024-02-06,1263.57,4.9687,69061.3,-3140.3,-4.76,2024,2,2024-02
1118,36,46,8,39870.0,2024-11-29,1000.64,6.0535,48458.99,-8588.99,-21.54,2024,11,2024-11
1121,38,122,4,5025.5,2024-09-05,271.3,5.6049,6082.44,-1056.94,-21.03,2024,9,2024-09
1171,13,66,12,143317.0,2024-12-18,2297.7,6.1624,169912.16,-26595.16,-18.56,2024,12,2024-12
1175,41,54,6,692748.55,2023-12-14,23191.9,4.8912,680617.33,12131.22,1.75,2023,12,2023-12
1191,45,48,13,181994.35,2024-07-11,2940.57,5.41,206810.29,-24815.94,-13.64,2024,7,2024-07
1192,44,69,3,135795.0,2023-09-28,9219.51,5.0475,139606.43,-3811.43,-2.81,2023,9,2023-09
1209,16,91,7,944202.0,2023-10-15,27671.77,5.0625,980618.35,-36416.35,-3.86,2023,10,2023-10
1217,21,135,5,7811.85,2023-10-19,328.1,5.054,8291.09,-479.24,-6.13,2023,10,2023-10
1280,14,17,9,126349.0,2023-07-17,2833.14,4.8302,123161.7,3187.3,2.52,2023,7,2023-07
1281,8,46,7,33141.7,2024-07-23,1000.64,5.5807,39089.9,-5948.2,-17.95,2024,7,2024-07
1295,5,139,13,17596.85,2023-06-25,246.89,4.7799,15341.42,2255.43,12.82,2023,6,2023-06
1328,33,48,12,176836.0,2023-07-14,2836.04,4.7957,163209.56,13626.44,7.71,2023,7,2023-07
1333,29,94,12,464559.5,2023-03-11,7181.14,5.1822,446569.24,17990.26,3.87,2023,3,2023-03
1349,30,137,5,16080.65,2023-02-04,619.79,5.103,15813.94,266.71,1.66,2023,2,2023-02
1359,16,141,4,19127.0,2024-08-09,972.86,5.5115,21447.67,-2320.67,-12.13,2024,8,2024-08
1363,26,32,11,130650.65,2023-01-23,2585.66,5.1922,147677.9,-17027.25,-13.03,2023,1,2023-01
1408,42,11,15,543479.0,2023-12-29,7246.24,4.8413,526218.33,17260.67,3.18,2023,12,2023-12
1419,12,53,12,644100.0,2024-12-06,9496.3,6.0293,687072.5,-42972.5,-6.67,2024,12,2024-12
1426,19,22,11,433981.0,2023-07-06,7630.67,4.8977,411100.06,22880.94,5.27,2023,7,2023-07
1434,29,144,12,26570.0,2024-01-05,422.52,4.8899,24792.97,1777.03,6.69,2024,1,2024-01
1441,11,16,4,120024.0,2023-04-08,5615.94,5.0683,113853.07,6170.93,5.14,2023,4,2023-04
1466,41,20,10,292917.3,2023-09-30,5689.04,5.0076,284884.37,8032.93,2.74,2023,9,2023-09
1469,45,124,1,3770.0,2023-06-24,725.63,4.7799,3468.44,301.56,8.0,2023,6,2023-06
1473,18,4,14,47346.0,2024-01-09,692.14,4.8937,47419.76,-73.76,-0.16,2024,1,2024-01
1496,44,81,2,232082.15,2023-01-19,23345.09,5.2144,243461.27,-11379.12,-4.9,2023,1,2023-01
1540,8,37,13,74936.0,2023-10-01,1181.71,5.0076,76927.9,-1991.9,-2.66,2023,10,2023-10
1542,3,81,13,1508533.5,2023-05-07,23345.09,4.9696,1508204.87,328.63,0.02,2023,5,2023-05
1550,30,42,4,23971.0,2024-04-03,1263.57,5.0724,25637.33,-1666.33,-6.95,2024,4,2024-04
1554,34,108,4,13382.0,2024-04-07,688.83,5.052,13919.88,-537.88,-4.02,2024,4,2024-04
1581,13,146,4,1984.0,2024-01-30,99.02,4.9638,1966.06,17.94,0.9,2024,1,2024-01
1586,17,69,2,86003.5,2023-08-19,9219.51,4.9724,91686.18,-5682.68,-6.61,2023,8,2023-08
1599,14,76,12,1689460.05,2023-07-29,27945.06,4.7253,1584585.5,104874.55,6.21,2023,7,2023-07
1611,40,146,10,4712.0,2024-05-10,99.02,5.1464,5095.97,-383.97,-8.15,2024,5,2024-05
1640,18,58,3,310150.3,2024-10-05,19694.26,5.4686,323100.09,-12949.79,-4.18,2024,10,2024-10
1656,35,137,4,12864.9,2023-04-27,619.79,5.015,12432.99,431.91,3.36,2023,4,2023-04
1665,12,132,6,9378.0,2023-04-25,276.61,5.0613,8400.04,977.96,10.43,2023,4,2023-04
1689,43,74,4,346234.0,2023-06-04,17160.36,4.9558,340173.25,6060.75,1.75,2023,6,2023-06
1704,41,22,9,337322.2,2023-12-19,7630.67,4.8663,334198.16,3124.04,0.93,2023,12,2023-12
1710,28,88,3,145009.0,2023-01-20,8866.48,5.1986,138279.85,6729.15,4.64,2023,1,2023-01
1718,23,28,2,28517.0,2024-05-16,2776.74,5.127,28472.69,44.31,0.16,2024,5,2024-05
1725,26,69,5,226325.0,2024-10-31,8046.11,5.7779,232448.09,-6123.09,-2.71,2024,10,2024-10
1779,9,68,7,444866.0,2023-09-02,13998.43,4.9318,483262.2,-38396.2,-8.63,2023,9,2023-09
1786,31,149,9,10473.0,2024-08-07,225.94,5.6093,11406.29,-933.29,-8.91,2024,8,2024-08
1787,7,126,5,13385.0,2024-05-18,467.05,5.1157,11946.44,1438.56,10.75,2024,5,2024-05
1807,4,81,12,1392492.9,2024-01-09,23345.09,4.8937,1370926.4,21566.5,1.55,2024,1,2024-01
1836,46,86,5,444235.2,2023-02-21,17824.79,5.2012,463551.49,-19316.29,-4.35,2023,2,2023-02
1842,3,133,11,20820.0,2023-01-24,348.47,5.1696,19815.96,1004.04,4.82,2023,1,2023-01
1848,49,6,14,165483.0,2023-12-11,2104.66,4.944,145676.15,19806.85,11.97,2023,12,2023-12
1850,36,119,2,6186.4,2023-05-22,625.1,4.968,6210.99,-24.59,-0.4,2023,5,2023-05
1866,37,78,11,1339377.0,2024-07-21,24425.59,5.5543,1492337.6,-152960.6,-11.42,2024,7,2024-07
1878,17,137,14,47397.0,2023-05-06,619.79,4.9696,43121.52,4275.48,9.02,2023,5,2023-05
1882,26,75,1,31129.6,2023-07-17,6193.58,4.8302,29916.23,1213.37,3.9,2023,7,2023-07
1886,14,6,1,11820.0,2024-10-28,2172.43,5.6988,12380.24,-560.24,-4.74,2024,10,2024-10
1892,22,146,9,4240.8,2023-08-11,99.02,4.8918,4359.47,-118.67,-2.8,2023,8,2023-08
1904,30,15,3,79514.05,2024-05-07,5267.98,5.061,79983.74,-469.69,-0.59,2024,5,2024-05
1914,28,72,11,1041495.45,2024-11-30,30675.48,6.0535,2042634.2,-1001138.75,-96.13,2024,11,2024-11
1931,32,94,15,580699.85,2024-10-06,8022.13,5.4686,658047.3,-77347.45,-13.32,2024,10,2024-10
1938,17,1,3,99368.0,2023-07-18,6360.91,4.804,91673.43,7694.57,7.74,2023,7,2023-07
1946,15,120,9,26714.0,2024-11-19,635.45,5.7743,33023.51,-6309.51,-23.62,2024,11,2024-11
1955,4,27,14,219602.0,2023-10-28,3051.23,4.948,211364.8,8237.2,3.75,2023,10,2023-10
1962,30,48,3,44209.0,2023-09-05,3020.3,4.9705,45037.2,-828.2,-1.87,2023,9,2023-09
1993,22,103,5,8498.7,2024-07-14,325.52,5.4529,8875.14,-376.44,-4.43,2024,7,2024-07
1998,23,76,15,2111824.35,2023-04-21,27945.06,5.0497,2116712.54,-4888.19,-0.23,2023,4,2023-04
2020,14,143,9,37931.6,2023-05-06,845.69,4.9696,37824.67,106.93,0.28,2023,5,2023-05
2045,2,63,4,531839.45,2023-03-11,27618.14,5.1822,572490.9,-40651.45,-7.64,2023,3,2023-03
2053,19,61,10,266176.7,2024-05-19,5396.92,5.1157,276090.24,-9913.54,-3.72,2024,5,2024-05
2086,41,53,4,203965.0,2024-11-02,9496.3,5.8073,220591.45,-16626.45,-8.15,2024,11,2024-11
2097,38,103,6,10735.0,2024-04-13,341.7,5.1364,10530.65,204.35,1.9,2024,4,2024-04
2098,33,31,2,16566.0,2023-04-16,2418.07,4.9455,23917.13,-7351.13,-44.37,2023,4,2023-04
2152,4,15,2,53010.0,2024-11-16,5097.71,5.7885,59016.19,-6006.19,-11.33,2024,11,2024-11
2170,33,42,4,22772.45,2024-10-22,1263.57,5.6958,28788.17,-6015.72,-26.42,2024,10,2024-10
2180,17,112,11,23990.0,2023-12-21,435.58,4.8755,23360.37,629.63,2.62,2023,12,2023-12
2206,11,146,9,4464.0,2024-09-18,87.83,5.4767,4329.17,134.83,3.02,2024,9,2024-09
2208,23,2,11,146281.0,2024-10-27,2829.74,5.6969,177328.2,-31047.2,-21.22,2024,10,2024-10
2242,35,57,1,112851.45,2023-12-11,22497.79,4.944,111229.07,1622.38,1.44,2023,12,2023-12
2256,36,68,6,401383.0,2023-01-25,11988.94,5.1042,367163.69,34219.31,8.53,2023,1,2023-01
2291,48,6,5,59101.0,2023-02-12,2104.66,5.2526,55274.69,3826.31,6.47,2023,2,2023-02
2313,17,146,7,3472.0,2024-01-22,99.02,4.949,3430.35,41.65,1.2,2024,1,2024-01
2344,48,41,5,50350.0,2023-04-23,2005.71,5.0497,50641.17,-291.17,-0.58,2023,4,2023-04
2351,26,24,3,69697.0,2023-05-13,4129.65,4.9234,60995.76,8701.24,12.48,2023,5,2023-05
2353,2,68,13,826178.9,2024-08-15,13317.89,5.4651,946186.81,-120007.91,-14.53,2024,8,2024-08
2363,27,61,4,112075.0,2023-03-11,5396.92,5.1822,111871.68,203.32,0.18,2023,3,2023-03
2371,1,144,7,14724.05,2024-12-02,402.54,6.0634,17085.33,-2361.28,-16.04,2024,12,2024-12
2374,11,122,5,6612.0,2023-03-17,255.46,5.2679,6728.69,-116.69,-1.76,2023,3,2023-03
2379,39,7,10,195188.0,2023-10-23,3678.62,5.0164,184534.29,10653.71,5.46,2023,10,2023-10
2390,45,43,12,400103.9,2024-12-19,6219.32,6.1841,461530.76,-61426.86,-15.35,2024,12,2024-12
2399,41,36,11,248615.0,2023-07-12,4733.87,4.8058,250250.36,-1635.36,-0.66,2023,7,2023-07
2450,30,16,6,180036.0,2023-04-26,5615.94,5.0585,170449.39,9586.61,5.32,2023,4,2023-04
2485,26,69,11,473019.25,2023-04-13,8542.02,4.9097,461326.31,11692.94,2.47,2023,4,2023-04
2490,11,60,11,1136448.9,2023-05-13,19341.09,4.9234,1047463.15,88985.75,7.83,2023,5,2023-05
2511,7,123,1,2777.0,2024-11-24,535.37,5.8124,3111.78,-334.78,-12.06,2024,11,2024-11
2521,1,110,14,33190.15,2023-07-28,476.03,4.7253,31491.38,1698.77,5.12,2023,7,2023-07
2522,42,139,13,17596.85,2024-02-26,246.89,4.9819,15989.76,1607.09,9.13,2024,2,2024-02
2542,10,88,2,91839.35,2024-01-25,9896.1,4.9232,97440.96,-5601.61,-6.1,2024,1,2024-01
2575,48,128,7,32555.0,2023-07-22,853.09,4.7732,28503.78,4051.22,12.44,2023,7,2023-07
2608,11,93,9,904293.0,2024-08-09,19072.72,5.5115,946073.67,-41780.67,-4.62,2024,8,2024-08
2616,30,3,4,36097.0,2024-07-07,1753.77,5.497,38561.89,-2464.89,-6.83,2024,7,2024-07
2618,42,107,12,17252.95,2023-11-01,295.48,5.0194,17797.59,-544.64,-3.16,2023,11,2023-11
2633,19,94,14,541986.4,2024-08-01,8022.13,5.6681,636583.29,-94596.89,-17.45,2024,8,2024-08
2640,43,113,6,25051.5,2023-11-10,815.5,4.9219,24082.86,968.64,3.87,2023,11,2023-11
2664,31,117,11,42876.35,2023-01-24,823.4,5.1696,46823.14,-3946.79,-9.21,2023,1,2023-01
2696,13,75,5,155649.9,2023-02-03,6193.58,5.103,158029.19,-2379.29,-1.53,2023,2,2023-02
2741,44,22,3,118359.0,2023-04-24,7630.67,5.0595,115822.12,2536.88,2.14,2023,4,2023-04
2767,23,70,11,359014.5,2023-06-13,6655.06,4.8533,355289.03,3725.47,1.04,2023,6,2023-06
2785,43,131,2,1830.65,2024-01-09,196.2,4.8937,1920.29,-89.64,-4.9,2024,1,2024-01
2798,8,23,5,55893.0,2024-07-06,2244.66,5.497,61694.48,-5801.48,-10.38,2024,7,2024-07
2809,12,36,2,42942.85,2023-05-29,4221.25,4.9954,42173.66,769.19,1.79,2023,5,2023-05
2816,2,63,13,1728477.5,2024-02-27,27618.14,4.9575,1779920.08,-51442.58,-2.98,2024,2,2024-02
2862,14,100,12,1192442.85,2023-07-15,19807.28,4.7957,1139877.27,52565.58,4.41,2023,7,2023-07
2874,33,75,14,435819.15,2024-09-03,5924.6,5.6224,466346.59,-30527.44,-7.0,2024,9,2024-09
2897,17,47,1,6123.0,2023-12-20,1496.29,4.8766,7296.81,-1173.81,-19.17,2023,12,2023-12
2919,42,120,9,28120.0,2024-03-26,635.45,4.987,28520.9,-400.9,-1.43,2024,3,2024-03
2927,35,58,9,930449.95,2024-04-30,20157.55,5.1718,938257.35,-7807.4,-0.84,2024,4,2024-04
2963,19,53,1,50991.25,2023-07-19,10045.86,4.8,48220.13,2771.12,5.43,2023,7,2023-07
2964,28,56,8,326714.5,2024-07-25,8087.59,5.6402,364925.0,-38210.5,-11.7,2024,7,2024-07
2981,45,57,3,338553.4,2023-02-07,22497.79,5.1695,348906.98,-10353.58,-3.06,2023,2,2023-02
2989,18,8,13,64794.0,2023-02-15,951.1,5.2243,64594.81,199.19,0.31,2023,2,2023-02
3014,23,8,5,23674.95,2023-11-15,1006.07,4.8682,24488.75,-813.8,-3.44,2023,11,2023-11
3040,43,47,14,85721.0,2024-10-25,1116.66,5.6969,89061.0,-3340.0,-3.9,2024,10,2024-10
3046,28,97,8,1028546.95,2024-07-04,25607.88,5.4839,1123448.43,-94901.48,-9.23,2024,7,2024-07
3049,23,97,3,385704.75,2024-01-26,25607.88,4.9125,377396.13,8308.62,2.15,2024,1,2024-01
3081,14,99,7,713323.65,2023-04-14,21330.89,4.9455,738443.42,-25119.77,-3.52,2023,4,2023-04
3093,1,114,13,10391.0,2023-05-07,152.46,4.9696,9849.65,541.35,5.21,2023,5,2023-05
3131,28,130,13,53873.0,2023-01-01,749.89,5.3436,52092.46,1780.54,3.31,2023,1,2023-01
3189,42,4,1,3212.9,2023-06-05,654.31,4.9236,3221.56,-8.66,-0.27,2023,6,2023-06
3190,44,98,1,75392.95,2024-01-05,15850.04,4.8899,77505.11,-2112.16,-2.8,2024,1,2024-01
3192,37,65,15,364197.7,2023-11-08,5225.24,4.8855,382918.65,-18720.95,-5.14,2023,11,2023-11
3200,12,48,7,103154.0,2023-08-08,3020.3,4.9217,104055.07,-901.07,-0.87,2023,8,2023-08
3210,13,136,11,21708.0,2023-11-22,390.62,4.8968,21040.67,667.33,3.07,2023,11,2023-11
3214,32,74,9,740075.65,2023-12-21,17160.36,4.8755,752988.02,-12912.37,-1.74,2023,12,2023-12
3230,44,131,5,4577.1,2024-01-22,196.2,4.949,4854.97,-277.87,-6.07,2024,1,2024-01
3248,28,33,1,6380.2,2024-11-13,1325.97,5.7713,7652.57,-1272.37,-19.94,2024,11,2024-11
3310,41,34,6,28029.75,2024-08-12,951.66,5.4911,31353.96,-3324.21,-11.86,2024,8,2024-08
3319,47,89,11,822186.05,2023-10-13,14832.32,5.0625,825974.82,-3788.77,-0.46,2023,10,2023-10
3349,1,109,7,4359.0,2023-07-13,169.23,4.8038,5690.63,-1331.63,-30.55,2023,7,2023-07
3356,15,3,13,111448.3,2024-06-17,1753.77,5.413,123411.04,-11962.74,-10.73,2024,6,2024-06
3374,5,83,2,256127.6,2024-07-04,35839.7,5.4839,393082.66,-136955.06,-53.47,2024,7,2024-07
3379,49,62,3,291332.7,2024-12-27,20000.78,6.1991,371960.51,-80627.81,-27.68,2024,12,2024-12
3398,19,126,4,10172.6,2024-06-03,467.05,5.2373,9784.32,388.28,3.82,2024,6,2024-06
3410,29,74,1,82231.05,2023-09-01,17160.36,4.9318,84631.46,-2400.41,-2.92,2023,9,2023-09
3426,41,111,5,21426.0,2023-12-10,821.82,4.9158,20199.51,1226.49,5.72,2023,12,2023-12
3432,28,12,7,18128.85,2024-12-10,481.53,6.0529,20402.57,-2273.72,-12.54,2024,12,2024-12
3444,24,60,14,1522515.0,2023-06-07,19341.09,4.9119,1330021.0,192494.0,12.64,2023,6,2023-06
3446,5,6,13,145979.85,2023-09-09,2104.66,4.9835,136351.45,9628.4,6.6,2023,9,2023-09
3447,37,11,4,144928.0,2023-08-22,7246.24,4.9431,143275.56,1652.44,1.14,2023,8,2023-08
3474,2,103,11,19681.0,2024-01-02,341.7,4.8916,18386.06,1294.94,6.58,2024,1,2024-01
3505,26,115,12,9967.0,2024-05-19,167.9,5.1157,10307.11,-340.11,-3.41,2024,5,2024-05
3525,32,133,6,11356.0,2023-01-02,348.47,5.3436,11172.51,183.49,1.62,2023,1,2023-01
3537,17,118,6,24596.45,2024-11-03,787.87,5.8073,27452.38,-2855.93,-11.61,2024,11,2024-11
3553,18,32,9,106895.9,2023-08-17,2560.62,4.9816,114803.86,-7907.96,-7.4,2023,8,2023-08
3556,37,43,12,400103.9,2023-02-21,6219.32,5.2012,388175.13,11928.77,2.98,2023,2,2023-02
3584,41,117,5,19489.25,2023-11-10,823.4,4.9219,20263.46,-774.21,-3.97,2023,11,2023-11
3606,11,128,11,48600.1,2024-06-03,853.09,5.2373,49146.77,-546.67,-1.12,2024,6,2024-06
3612,34,12,1,2589.7,2023-05-26,527.97,5.0114,2645.87,-56.17,-2.17,2023,5,2023-05
3630,16,30,13,398260.9,2024-10-03,6558.44,5.485,467649.56,-69388.66,-17.42,2024,10,2024-10
3676,47,36,4,85885.7,2024-06-30,4476.41,5.5589,99535.66,-13649.96,-15.89,2024,6,2024-06
3684,44,24,7,154493.75,2023-03-20,4129.65,5.2467,151669.24,2824.51,1.83,2023,3,2023-03
3726,5,45,7,69326.0,2024-05-03,1881.33,5.0668,66726.26,2599.74,3.75,2024,5,2024-05
3727,1,145,12,52198.0,2023-03-11,820.56,5.1822,51027.67,1170.33,2.24,2023,3,2023-03
3746,27,99,2,214533.0,2023-02-14,21330.89,5.1507,219738.03,-5205.03,-2.43,2023,2,2023-02
3748,1,6,1,11229.0,2024-04-26,2394.79,5.1184,12257.49,-1028.49,-9.16,2024,4,2024-04
3754,25,34,13,60731.6,2023-03-30,960.12,5.1254,63972.99,-3241.39,-5.34,2023,3,2023-03
3759,26,106,13,57003.0,2024-03-25,918.37,4.9869,59537.65,-2534.65,-4.45,2024,3,2024-03
3799,13,21,11,91276.0,2024-09-23,1584.96,5.5446,96667.66,-5391.66,-5.91,2024,9,2024-09
3824,41,86,5,444235.2,2024-01-10,17824.79,4.8901,435825.03,8410.17,1.89,2024,1,2024-01
3830,28,18,7,186007.0,2024-09-13,5265.1,5.5717,205348.9,-19341.9,-10.4,2024,9,2024-09
3833,21,48,13,181994.35,2024-11-08,2605.99,5.7648,195299.14,-13304.79,-7.31,2024,11,2024-11
3841,33,134,8,37741.0,2023-06-08,899.33,4.9119,35339.35,2401.65,6.36,2023,6,2023-06
3846,3,54,4,486139.0,2023-04-21,23191.9,5.0497,468448.55,17690.45,3.64,2023,4,2023-04
3897,26,36,10,226014.0,2024-09-08,4476.41,5.5702,249344.99,-23330.99,-10.32,2024,9,2024-09
3916,44,4,12,40583.0,2023-04-10,654.31,5.0834,39913.43,669.57,1.65,2023,4,2023-04
3926,17,80,15,1938358.0,2023-06-15,24177.04,4.8222,1748797.83,189560.17,9.78,2023,6,2023-06
3949,9,93,13,1240890.95,2024-08-15,19072.72,5.4651,1355046.19,-114155.24,-9.2,2024,8,2024-08
3955,47,89,11,865459.0,2023-04-02,14832.32,5.0804,828895.3,36563.7,4.22,2023,4,2023-04
3958,5,71,12,1562089.0,2023-11-08,27484.92,4.8855,1611330.92,-49241.92,-3.15,2023,11,2023-11
3961,14,28,11,149001.8,2023-08-10,2723.39,4.8518,145346.78,3655.02,2.45,2023,8,2023-08
3974,38,58,6,620300.6,2024-10-21,19694.26,5.7068,674347.22,-54046.62,-8.71,2024,10,2024-10
3994,3,144,11,24356.0,2024-06-26,444.87,5.5097,26962.1,-2606.1,-10.7,2024,6,2024-06
3995,40,99,9,965400.0,2024-03-26,21330.89,4.987,957394.34,8005.66,0.83,2024,3,2024-03
4019,6,48,1,14736.0,2024-07-25,2940.57,5.6402,16585.4,-1849.4,-12.55,2024,7,2024-07
4020,38,137,5,16080.65,2024-05-25,673.98,5.1508,17357.68,-1277.03,-7.94,2024,5,2024-05
4021,42,29,8,277478.85,2024-09-24,7689.63,5.4702,336510.51,-59031.66,-21.27,2024,9,2024-09
4050,8,125,12,38783.75,2024-02-20,646.27,4.9408,38317.09,466.66,1.2,2024,2,2024-02
4064,2,105,9,2646.7,2024-05-10,62.64,5.1464,2901.33,-254.63,-9.62,2024,5,2024-05
4097,12,59,4,348665.0,2023-07-12,16694.98,4.8058,320930.94,27734.06,7.95,2023,7,2023-07
4115,28,62,12,1165330.8,2024-01-04,20000.78,4.9188,1180558.04,-15227.24,-1.31,2024,1,2024-01
4125,43,146,8,3769.6,2023-05-23,99.02,4.9674,3934.98,-165.38,-4.39,2023,5,2023-05
4149,35,131,8,7323.55,2023-12-15,196.2,4.9397,7753.35,-429.8,-5.87,2023,12,2023-12
4168,2,136,15,29602.0,2023-04-25,533.84,5.0613,40528.87,-10926.87,-36.91,2023,4,2023-04
4205,46,83,13,1664827.5,2023-01-14,35839.7,5.1146,2382974.49,-718146.99,-43.14,2023,1,2023-01
4208,10,140,11,34480.0,2023-04-07,586.81,5.0683,32715.42,1764.58,5.12,2023,4,2023-04
4209,22,60,2,217502.0,2023-09-21,22190.02,4.9229,218478.5,-976.5,-0.45,2023,9,2023-09
4211,26,44,12,123197.9,2024-02-08,2159.34,4.9804,129052.52,-5854.62,-4.75,2024,2,2024-02
4222,46,100,4,397480.95,2024-01-26,19807.28,4.9125,389213.05,8267.9,2.08,2024,1,2024-01
4237,39,125,11,37423.0,2024-08-24,646.27,5.5263,39286.3,-1863.3,-4.98,2024,8,2024-08
4291,32,8,9,42614.15,2024-04-04,1006.07,5.0237,45487.74,-2873.59,-6.74,2024,4,2024-04
4319,1,123,1,2638.15,2023-12-25,535.37,4.8619,2602.92,35.23,1.34,2023,12,2023-12
4325,32,120,3,9373.0,2023-10-29,635.45,4.948,9432.62,-59.62,-0.64,2023,10,2023-10
4333,6,100,7,695591.9,2024-02-12,19807.28,4.9717,689330.98,6260.92,0.9,2024,2,2024-02
4346,5,19,13,213621.0,2023-04-20,3163.35,5.0497,207661.59,5959.41,2.79,2023,4,2023-04
4355,12,8,15,74762.0,2024-03-18,1006.07,5.0124,75642.38,-880.38,-1.18,2024,3,2024-03
4372,13,83,12,1617647.0,2023-08-15,35839.7,4.9812,2142296.56,-524649.56,-32.43,2023,8,2023-08
4380,17,21,12,104815.0,2023-11-06,1674.22,4.8999,98442.13,6372.87,6.08,2023,11,2023-11
4381,38,106,1,4165.75,2024-01-20,918.37,4.9223,4520.49,-354.74,-8.52,2024,1,2024-01
4425,34,67,9,733495.95,2024-10-21,16720.73,5.7068,858796.76,-125300.81,-17.08,2024,10,2024-10
4443,26,138,11,43713.3,2023-04-22,826.61,5.0497,45915.46,-2202.16,-5.04,2023,4,2023-04
4450,43,91,4,539544.0,2023-08-09,26303.31,4.9015,515702.7,23841.3,4.42,2023,8,2023-08
4469,46,4,2,6764.0,2023-06-17,654.31,4.8286,6318.8,445.2,6.58,2023,6,2023-06
4513,31,142,13,10205.85,2024-08-20,169.88,5.4547,12046.38,-1840.53,-18.03,2024,8,2024-08
4547,2,46,11,54821.0,2023-12-31,1000.64,4.8413,53288.38,1532.62,2.8,2023,12,2023-12
4554,28,59,7,579654.85,2023-03-05,16694.98,5.2037,608129.67,-28474.82,-4.91,2023,3,2023-03
4578,39,82,6,294313.8,2024-07-16,9770.29,5.4274,318163.63,-23849.83,-8.1,2024,7,2024-07
4598,23,38,11,276519.35,2024-09-02,4851.61,5.623,300086.63,-23567.28,-8.52,2024,9,2024-09
4606,39,119,4,12371.85,2023-01-22,625.1,5.1986,12998.58,-626.73,-5.07,2023,1,2023-01
4612,45,52,7,95929.0,2023-08-30,2634.69,4.8653,89729.9,6199.1,6.46,2023,8,2023-08
4618,27,92,10,888541.0,2024-12-01,16239.74,6.0535,983072.66,-94531.66,-10.64,2024,12,2024-12
4638,8,60,4,413253.8,2024-05-23,22370.78,5.1443,460328.01,-47074.21,-11.39,2024,5,2024-05
4646,12,70,5,163188.15,2024-05-13,6655.06,5.1412,171074.97,-7886.82,-4.83,2024,5,2024-05
4680,25,63,6,839746.0,2024-04-24,27618.14,5.1592,854925.05,-15179.05,-1.81,2024,4,2024-04
4716,38,90,14,1107363.0,2023-01-17,14083.78,5.1203,1009584.5,97778.5,8.83,2023,1,2023-01
4717,19,61,15,420279.0,2024-06-04,5396.92,5.2687,426521.29,-6242.29,-1.49,2024,6,2024-06
4754,36,21,4,34938.0,2023-09-14,1674.22,4.8751,32647.96,2290.04,6.55,2023,9,2023-09
4779,49,104,4,14852.0,2023-02-08,742.54,5.2036,15455.52,-603.52,-4.06,2023,2,2023-02
4788,2,129,15,48993.0,2024-12-30,661.98,6.1923,61487.68,-12494.68,-25.5,2024,12,2024-12
4802,37,125,14,45247.55,2023-04-11,646.27,5.0128,45354.71,-107.16,-0.24,2023,4,2023-04
4838,2,139,12,16244.05,2023-06-06,246.89,4.9292,14603.64,1640.41,10.1,2023,6,2023-06
4841,1,122,8,10580.0,2023-04-28,255.46,5.0007,10219.83,360.17,3.4,2023,4,2023-04
4859,46,136,12,22497.9,2023-09-06,533.84,4.9762,31877.94,-9380.04,-41.69,2023,9,2023-09
4875,28,53,13,697775.0,2024-12-10,9496.3,6.0529,747242.01,-49467.01,-7.09,2024,12,2024-12
4878,29,7,5,97594.0,2023-06-28,3678.62,4.8563,89322.41,8271.59,8.48,2023,6,2023-06
4906,27,24,7,154493.75,2023-03-16,4129.65,5.2892,152897.81,1595.94,1.03,2023,3,2023-03
4918,23,5,13,292312.15,2023-09-07,4752.24,4.9762,307425.26,-15113.11,-5.17,2023,9,2023-09
4920,19,105,12,3714.0,2023-01-12,59.15,5.14,3648.37,65.63,1.77,2023,1,2023-01
4945,47,127,14,20606.45,2023-02-14,293.17,5.1507,21140.43,-533.98,-2.59,2023,2,2023-02
4959,28,115,5,4153.0,2024-06-13,167.9,5.3974,4531.12,-378.12,-9.1,2024,6,2024-06
4960,22,108,12,40147.0,2023-07-19,653.47,4.8,37639.87,2507.13,6.24,2023,7,2023-07
4961,4,143,10,42145.8,2023-09-10,896.83,4.9835,44693.52,-2547.72,-6.05,2023,9,2023-09
4978,4,94,11,425846.05,2023-01-16,7181.14,5.1115,403770.37,22075.68,5.18,2023,1,2023-01
4982,26,124,11,39395.55,2023-02-25,719.16,5.1791,40970.62,-1575.07,-4.0,2023,2,2023-02
4986,27,147,4,11514.0,2024-02-25,592.19,4.9851,11808.51,-294.51,-2.56,2024,2,2024-02
4996,24,29,9,328593.0,2023-01-02,7689.63,5.3436,369812.76,-41219.76,-12.54,2023,1,2023-01
5000,27,130,15,59052.95,2023-04-17,749.89,4.9421,55590.47,3462.48,5.86,2023,4,2023-04
5012,7,105,3,882.55,2024-08-10,57.36,5.5115,948.42,-65.87,-7.46,2024,8,2024-08
5058,23,115,13,10798.0,2024-01-10,167.9,4.8901,10673.62,124.38,1.15,2024,1,2024-01
5061,45,141,15,71727.0,2023-12-24,972.86,4.8619,70949.22,777.78,1.08,2023,12,2023-12
5077,30,102,3,2496.0,2023-02-18,199.93,5.2012,3119.63,-623.63,-24.99,2023,2,2023-02
5091,15,28,10,135456.7,2024-09-23,2776.74,5.5446,153959.13,-18502.43,-13.66,2024,9,2024-09
5100,43,135,3,4934.0,2024-12-05,328.1,5.9849,5890.94,-956.94,-19.39,2024,12,2024-12
5129,28,72,11,1096311.0,2024-05-11,30675.48,5.1464,1736551.19,-640240.19,-58.4,2024,5,2024-05
5133,28,60,10,1087511.0,2024-08-08,22370.78,5.6172,1256611.45,-169100.45,-15.55,2024,8,2024-08
5153,32,13,8,58878.15,2023-09-03,1356.5,4.9318,53519.89,5358.26,9.1,2023,9,2023-09
5172,13,139,11,15674.0,2024-06-01,246.89,5.2416,14235.08,1438.92,9.18,2024,6,2024-06
5202,8,43,15,500130.35,2023-09-19,6219.32,4.8575,453155.2,46975.15,9.39,2023,9,2023-09
5213,47,66,5,62858.0,2024-09-15,2297.7,5.5717,64010.48,-1152.48,-1.83,2024,9,2024-09
5218,23,51,13,792363.65,2024-04-05,12243.38,5.052,804096.22,-11732.57,-1.48,2024,4,2024-04
5239,21,48,14,206309.0,2023-01-02,2836.04,5.3436,212165.29,-5856.29,-2.84,2023,1,2023-01
5243,15,27,3,47057.3,2023-11-14,3051.23,4.8682,44561.99,2495.31,5.3,2023,11,2023-11
5267,16,36,15,322069.95,2024-05-06,4476.41,5.0727,340612.28,-18542.33,-5.76,2024,5,2024-05
5269,25,60,5,543755.0,2024-09-15,19786.24,5.5717,551214.97,-7459.97,-1.37,2024,9,2024-09
5275,16,25,1,12126.0,2023-09-21,2389.36,4.9229,11762.58,363.42,3.0,2023,9,2023-09
5302,13,134,5,23588.0,2023-05-03,899.33,5.0227,22585.32,1002.68,4.25,2023,5,2023-05
5339,12,53,12,611895.0,2024-10-11,9496.3,5.6263,641148.39,-29253.39,-4.78,2024,10,2024-10
5354,19,21,3,24893.8,2023-02-04,1674.22,5.103,25630.63,-736.83,-2.96,2023,2,2023-02
5356,40,132,9,13363.65,2024-11-08,314.46,5.7648,16315.19,-2951.54,-22.09,2024,11,2024-11
5364,11,75,7,217910.05,2024-11-02,5924.6,5.8073,240841.51,-22931.46,-10.52,2024,11,2024-11
5385,20,124,2,7163.0,2023-07-11,725.63,4.8949,7103.77,59.23,0.83,2023,7,2023-07
5448,28,113,1,4175.25,2024-12-12,777.57,5.9408,4619.39,-444.14,-10.64,2024,12,2024-12
5466,41,26,10,172832.0,2023-01-27,3412.88,5.0767,173261.68,-429.68,-0.25,2023,1,2023-01
5475,23,17,7,98271.0,2023-11-01,2833.14,5.0194,99544.64,-1273.64,-1.3,2023,11,2023-11
5511,38,55,1,109987.0,2023-12-12,23326.09,4.9476,115408.16,-5421.16,-4.93,2023,12,2023-12
5521,46,134,8,37741.0,2024-04-11,948.15,5.0765,38506.27,-765.27,-2.03,2024,4,2024-04
5563,37,114,11,8352.4,2024-02-14,152.46,4.9723,8338.85,13.55,0.16,2024,2,2024-02
5576,37,120,15,46867.0,2024-01-23,635.45,4.9715,47387.1,-520.1,-1.11,2024,1,2024-01
5587,38,94,2,81502.0,2023-04-10,8022.13,5.0834,81559.39,-57.39,-0.07,2023,4,2023-04
5607,2,145,3,12397.5,2024-03-17,875.03,4.9937,13108.91,-711.41,-5.74,2024,3,2024-03
5608,48,108,8,25425.8,2023-05-30,653.47,5.0593,26448.81,-1023.01,-4.02,2023,5,2023-05
5609,37,131,10,9154.2,2023-09-07,196.2,4.9762,9763.3,-609.1,-6.65,2023,9,2023-09
5622,40,140,5,15673.0,2024-12-01,612.49,6.0535,18538.54,-2865.54,-18.28,2024,12,2024-12
5641,37,73,14,1904027.05,2024-05-03,28694.54,5.0668,2035452.93,-131425.88,-6.9,2024,5,2024-05
5652,38,115,15,11836.05,2023-02-26,160.69,5.1791,12483.44,-647.39,-5.47,2023,2,2023-02
5659,30,81,2,244297.0,2023-12-16,23345.09,4.9397,230635.48,13661.52,5.59,2023,12,2023-12
5670,28,26,9,147771.55,2023-04-08,3412.88,5.0683,155677.5,-7905.95,-5.35,2023,4,2023-04
5683,45,40,10,141840.0,2023-04-16,2757.45,4.9455,136369.69,5470.31,3.86,2023,4,2023-04
5703,8,127,1,1471.55,2023-05-17,296.24,4.9513,1466.77,4.78,0.32,2023,5,2023-05
5708,28,79,9,565555.9,2024-03-16,13344.4,4.9937,599741.37,-34185.47,-6.04,2024,3,2024-03
5717,36,149,11,12160.0,2023-07-17,225.94,4.8302,12004.69,155.31,1.28,2023,7,2023-07
5721,8,66,6,71658.5,2023-01-17,2360.29,5.1203,72512.36,-853.86,-1.19,2023,1,2023-01
5742,26,135,14,23023.0,2023-05-26,328.1,5.0114,23019.36,3.64,0.02,2023,5,2023-05
5768,49,111,4,16283.95,2023-07-20,821.82,4.7888,15742.13,541.82,3.33,2023,7,2023-07
5773,32,97,8,1028546.95,2024-02-28,25607.88,4.9557,1015239.77,13307.18,1.29,2024,2,2024-02
5778,18,107,8,11501.65,2023-04-18,295.48,4.9678,11743.08,-241.43,-2.1,2023,4,2023-04
5798,9,82,3,147156.9,2023-04-18,9770.29,4.9678,145610.54,1546.36,1.05,2023,4,2023-04
5839,24,135,11,17185.5,2023-03-16,320.27,5.2892,18633.69,-1448.19,-8.43,2023,3,2023-03
5846,6,93,7,703339.0,2023-11-07,19409.47,4.867,661261.23,42077.77,5.98,2023,11,2023-11
5859,36,85,13,501523.0,2024-07-23,7885.27,5.5807,572069.24,-70546.24,-14.07,2024,7,2024-07
5883,15,103,10,16997.4,2024-06-25,341.7,5.429,18550.89,-1553.49,-9.14,2024,6,2024-06
5917,26,108,3,9535.15,2024-08-19,688.83,5.4237,11208.02,-1672.87,-17.54,2024,8,2024-08
5929,28,13,6,44158.85,2024-07-20,1356.5,5.5543,45206.45,-1047.6,-2.37,2024,7,2024-07
5961,6,81,8,977188.0,2023-10-17,23345.09,5.0384,940975.21,36212.79,3.71,2023,10,2023-10
5964,24,10,5,160165.0,2023-08-10,6594.15,4.8518,159967.48,197.52,0.12,2023,8,2023-08
6010,27,136,1,1875.3,2023-06-06,533.84,4.9292,2631.4,-756.1,-40.32,2023,6,2023-06
6022,22,119,2,6512.0,2023-04-10,625.1,5.0834,6355.27,156.73,2.41,2023,4,2023-04
6057,36,3,13,111448.3,2024-11-24,1753.77,5.8124,132516.97,-21068.67,-18.9,2024,11,2024-11
6095,6,100,11,1093072.85,2023-02-28,19807.28,5.2078,1134675.88,-41603.03,-3.81,2023,2,2023-02
6112,43,92,9,759702.65,2024-02-17,16745.97,4.9761,749966.59,9736.06,1.28,2024,2,2024-02
6136,48,65,4,97119.45,2024-10-19,4996.52,5.6672,113265.11,-16145.66,-16.62,2024,10,2024-10
6162,42,119,9,29302.0,2024-02-20,669.88,4.9408,29787.69,-485.69,-1.66,2024,2,2024-02
6175,36,50,13,146588.0,2023-02-01,2179.61,5.0721,143717.6,2870.4,1.96,2023,2,2023-02
6181,31,11,12,434783.0,2024-08-10,7246.24,5.5115,479251.82,-44468.82,-10.23,2024,8,2024-08
6182,9,45,7,65859.7,2024-11-20,1881.33,5.7743,76043.55,-10183.85,-15.46,2024,11,2024-11
6190,21,37,7,40350.3,2023-06-21,1181.71,4.7795,39535.88,814.42,2.02,2023,6,2023-06
6191,16,105,8,2476.0,2023-02-15,59.15,5.2243,2472.14,3.86,0.16,2023,2,2023-02
6199,24,76,3,422365.25,2024-01-14,27945.06,4.8543,406961.11,15404.14,3.65,2024,1,2024-01
6223,8,23,15,167679.0,2023-01-20,2108.74,5.1986,164437.44,3241.56,1.93,2023,1,2023-01
6226,25,147,15,43178.45,2023-06-26,592.19,4.7698,42369.42,809.03,1.87,2023,6,2023-06
6231,8,124,2,7163.0,2023-01-11,719.16,5.202,7482.14,-319.14,-4.46,2023,1,2023-01
6236,33,7,3,58556.0,2024-06-05,3678.62,5.2841,58314.59,241.41,0.41,2024,6,2024-06
6243,28,117,15,61545.0,2024-10-01,823.4,5.4521,67338.89,-5793.89,-9.41,2024,10,2024-10
6258,16,14,5,179055.0,2024-12-25,6832.87,6.1541,210250.83,-31195.83,-17.42,2024,12,2024-12
6259,35,55,2,208975.3,2023-11-04,23326.09,4.891,228175.81,-19200.51,-9.19,2023,11,2023-11
6273,41,17,14,196543.0,2023-06-28,2833.14,4.8563,192620.09,3922.91,2.0,2023,6,2023-06
6319,8,65,3,76673.0,2024-11-06,4996.52,5.7648,86411.82,-9738.82,-12.7,2024,11,2024-11
6323,46,89,14,1046418.35,2023-04-08,14832.32,5.0683,1052445.06,-6026.71,-0.58,2023,4,2023-04
6329,25,17,12,160041.75,2023-11-30,2833.14,4.9355,167795.55,-7753.8,-4.84,2023,11,2023-11
6337,1,3,4,34292.15,2024-07-17,1753.77,5.467,38351.44,-4059.29,-11.84,2024,7,2024-07
6343,6,120,11,34369.0,2024-11-02,635.45,5.8073,40592.74,-6223.74,-18.11,2024,11,2024-11
6344,14,73,10,1360019.05,2023-02-08,27541.35,5.2036,1433141.69,-73122.64,-5.38,2023,2,2023-02
6347,22,124,6,21489.0,2024-03-19,725.63,5.0352,21922.15,-433.15,-2.02,2024,3,2024-03
6370,39,49,5,66321.0,2023-07-22,2627.0,4.7732,62695.98,3625.02,5.47,2023,7,2023-07
6377,27,61,5,133088.35,2023-05-11,5396.92,4.9696,134102.67,-1014.32,-0.76,2023,5,2023-05
6401,47,110,6,14224.35,2023-11-11,476.03,4.9219,14057.83,166.52,1.17,2023,11,2023-11
6403,8,109,14,8282.1,2024-11-15,123.24,5.7885,9987.25,-1705.15,-20.59,2024,11,2024-11
6409,37,115,15,12459.0,2024-05-31,167.9,5.2416,13200.97,-741.97,-5.96,2024,5,2024-05
6417,25,142,3,2479.0,2023-12-27,169.88,4.8306,2461.87,17.13,0.69,2023,12,2023-12
6426,36,95,5,331588.0,2024-08-12,12945.63,5.4911,355428.74,-23840.74,-7.19,2024,8,2024-08
6443,42,122,6,7935.0,2024-12-04,271.3,6.0581,9861.38,-1926.38,-24.28,2024,12,2024-12
6459,3,91,8,1079088.0,2023-01-02,26303.31,5.3436,1124434.94,-45346.94,-4.2,2023,1,2023-01
6480,9,1,9,298103.0,2024-07-18,6633.66,5.5426,330909.52,-32806.52,-11.01,2024,7,2024-07
6508,4,147,4,11514.0,2024-07-05,592.19,5.497,13021.07,-1507.07,-13.09,2024,7,2024-07
6519,25,44,8,82132.25,2023-03-30,1963.02,5.1254,80490.1,1642.15,2.0,2023,3,2023-03
6528,16,26,12,197028.1,2023-05-05,3412.88,4.9696,203527.78,-6499.68,-3.3,2023,5,2023-05
6532,32,3,9,77157.1,2024-12-19,1753.77,6.1841,97609.4,-20452.3,-26.51,2024,12,2024-12
6533,7,52,7,91132.55,2024-01-30,2634.69,4.9638,91546.52,-413.97,-0.45,2024,1,2024-01
6535,8,123,13,34296.9,2024-12-20,458.99,6.078,36266.64,-1969.74,-5.74,2024,12,2024-12
6586,5,50,1,11276.0,2024-07-03,2378.45,5.5863,13286.74,-2010.74,-17.83,2024,7,2024-07
6627,12,147,12,36361.0,2024-06-09,592.19,5.2802,37522.58,-1161.58,-3.19,2024,6,2024-06
6630,2,63,13,1819450.0,2024-02-13,27618.14,4.9717,1785018.39,34431.61,1.89,2024,2,2024-02
6648,19,72,15,1420221.5,2023-12-23,30675.48,4.8619,2237116.74,-816895.24,-57.52,2023,12,2023-12
6679,18,142,1,826.0,2023-02-15,160.09,5.2243,836.36,-10.36,-1.25,2023,2,2023-02
6698,48,50,2,22552.0,2023-07-18,2179.61,4.804,20941.69,1610.31,7.14,2023,7,2023-07
6702,42,87,5,317585.0,2024-09-26,13597.7,5.4412,369939.03,-52354.03,-16.49,2024,9,2024-09
6745,5,47,6,34901.1,2024-09-17,1116.66,5.501,36856.48,-1955.38,-5.6,2024,9,2024-09
6747,21,142,14,10991.5,2024-12-21,149.71,6.078,12739.12,-1747.62,-15.9,2024,12,2024-12
6761,19,146,5,2356.0,2024-06-25,99.02,5.429,2687.9,-331.9,-14.09,2024,6,2024-06
6772,46,69,12,543180.0,2023-11-15,9219.51,4.8682,538589.02,4590.98,0.85,2023,11,2023-11
6809,24,111,3,12213.2,2024-06-07,860.37,5.2802,13628.78,-1415.58,-11.59,2024,6,2024-06
6858,5,84,4,173696.0,2024-03-09,8951.16,4.9751,178131.66,-4435.66,-2.55,2024,3,2024-03
6868,49,42,6,35957.0,2023-01-17,1263.57,5.1203,38819.14,-2862.14,-7.96,2023,1,2023-01
6869,32,47,4,23267.4,2023-09-01,1496.29,4.9318,29517.61,-6250.21,-26.86,2023,9,2023-09
6875,7,51,8,513272.0,2023-09-14,12243.38,4.8751,477501.61,35770.39,6.97,2023,9,2023-09
6975,30,4,4,13528.0,2024-11-26,679.13,5.799,15753.1,-2225.1,-16.45,2024,11,2024-11
6996,41,15,3,79514.05,2023-11-28,5267.98,4.8867,77229.11,2284.94,2.87,2023,11,2023-11
7007,20,34,1,4918.0,2024-05-09,951.66,5.1577,4908.38,9.62,0.2,2024,5,2024-05
7064,36,35,11,115007.95,2024-05-01,2106.85,5.1718,119858.28,-4850.33,-4.22,2024,5,2024-05
7080,24,112,15,31078.3,2024-04-13,430.01,5.1364,33130.55,-2052.25,-6.6,2024,4,2024-04
7135,27,26,5,82095.2,2024-11-02,3378.85,5.8073,98109.98,-16014.78,-19.51,2024,11,2024-11
7179,40,22,14,552340.0,2024-04-08,7630.67,5.0421,538644.42,13695.58,2.48,2024,4,2024-04
7187,14,29,1,36510.0,2023-12-05,7689.63,4.9522,38080.59,-1570.59,-4.3,2023,12,2023-12
7220,37,25,6,69121.05,2024-08-09,2430.59,5.5115,80377.18,-11256.13,-16.28,2024,8,2024-08
7246,4,85,12,462944.0,2024-02-27,7885.27,4.9575,469094.71,-6150.71,-1.33,2024,2,2024-02
7261,22,94,13,529761.0,2023-06-02,8022.13,4.9558,516828.93,12932.07,2.44,2023,6,2023-06
7273,35,51,14,898226.0,2024-05-06,12243.38,5.0727,869497.91,28728.09,3.2,2024,5,2024-05
7282,16,129,2,6205.4,2024-06-08,661.98,5.2802,6990.77,-785.37,-12.66,2024,6,2024-06
7299,3,138,7,29281.0,2024-09-23,836.88,5.5446,32481.15,-3200.15,-10.93,2024,9,2024-09
7325,42,144,1,2103.3,2023-09-01,422.52,4.9318,2083.78,19.52,0.93,2023,9,2023-09
7360,5,79,7,463028.0,2023-02-28,11724.63,5.2078,427416.7,35611.3,7.69,2023,2,2023-02
7362,25,91,7,944202.0,2024-04-28,27671.77,5.1184,991446.31,-47244.31,-5.0,2024,4,2024-04
7370,5,31,9,74548.0,2023-01-12,2418.07,5.14,111859.92,-37311.92,-50.05,2023,1,2023-01
7401,17,100,14,1464403.0,2024-08-25,19807.28,5.5263,1532453.6,-68050.6,-4.65,2024,8,2024-08
7424,27,11,14,507247.0,2024-07-22,7246.24,5.5598,564027.03,-56780.03,-11.19,2024,7,2024-07
7434,15,45,7,69326.0,2024-08-11,1881.33,5.5115,72582.65,-3256.65,-4.7,2024,8,2024-08
7452,23,48,14,206309.0,2023-12-17,3020.3,4.9397,208871.26,-2562.26,-1.24,2023,12,2023-12
7460,28,51,2,128318.0,2024-03-19,12243.38,5.0352,123295.73,5022.27,3.91,2024,3,2024-03
7473,42,4,10,33819.0,2023-07-08,654.31,4.8799,31929.67,1889.33,5.59,2023,7,2023-07
7475,32,23,4,42479.25,2024-03-14,2108.74,4.9768,41979.11,500.14,1.18,2024,3,2024-03
7491,10,35,8,88044.0,2023-12-13,2106.85,4.958,83566.1,4477.9,5.09,2023,12,2023-12
7524,49,121,13,45624.7,2024-06-20,747.93,5.4254,52751.65,-7126.95,-15.62,2024,6,2024-06
7532,33,146,6,2976.0,2023-05-06,99.02,4.9696,2952.54,23.46,0.79,2023,5,2023-05
7563,49,87,7,468019.0,2024-07-16,13597.7,5.4274,516601.1,-48582.1,-10.38,2024,7,2024-07
7568,12,47,4,23267.4,2024-07-26,1116.66,5.6465,25220.88,-1953.48,-8.4,2024,7,2024-07
7599,36,105,1,294.5,2024-05-20,62.64,5.1085,320.0,-25.5,-8.66,2024,5,2024-05
7611,12,66,4,47772.65,2024-06-13,2360.29,5.3974,50957.72,-3185.07,-6.67,2024,6,2024-06
7614,25,114,13,10391.0,2024-01-06,152.46,4.8899,9691.68,699.32,6.73,2024,1,2024-01
7624,10,56,5,204196.8,2024-10-04,8087.59,5.4686,221138.97,-16942.17,-8.3,2024,10,2024-10
7628,21,116,2,4893.45,2023-02-08,502.24,5.2036,5226.91,-333.46,-6.81,2023,2,2023-02
7640,16,74,10,865586.0,2023-05-20,17160.36,4.9858,855581.23,10004.77,1.16,2023,5,2023-05
7659,18,113,6,25051.5,2023-06-11,815.5,4.8922,23937.53,1113.97,4.45,2023,6,2023-06
7677,11,61,13,364242.0,2023-01-04,5564.33,5.4459,393936.2,-29694.2,-8.15,2023,1,2023-01
7679,28,139,10,13536.55,2024-03-03,246.89,4.9596,12244.76,1291.79,9.54,2024,3,2024-03
7683,14,104,13,48269.0,2023-02-03,742.54,5.103,49259.36,-990.36,-2.05,2023,2,2023-02
7684,46,146,13,6125.6,2024-02-04,99.02,4.9471,6368.2,-242.6,-3.96,2024,2,2024-02
7688,11,6,15,177303.0,2023-09-05,2104.66,4.9705,156918.19,20384.81,11.5,2023,9,2023-09
7693,23,38,9,238150.0,2024-12-10,4851.61,6.0529,264296.79,-26146.79,-10.98,2024,12,2024-12
7707,4,115,5,4153.0,2023-04-02,160.69,5.0804,4081.85,71.15,1.71,2023,4,2023-04
7709,35,145,14,60898.0,2024-03-05,875.03,4.9488,60624.88,273.12,0.45,2024,3,2024-03
7743,28,13,2,15494.0,2023-10-08,1356.5,5.1918,14085.35,1408.65,9.09,2023,10,2023-10
7750,15,42,4,23971.0,2024-09-06,1263.57,5.5702,28153.35,-4182.35,-17.45,2024,9,2024-09
7775,1,100,7,732202.0,2024-01-10,19807.28,4.8901,678017.06,54184.94,7.4,2024,1,2024-01
7781,28,66,8,100573.0,2023-01-31,2360.29,5.0993,96286.61,4286.39,4.26,2023,1,2023-01
7787,9,2,8,106385.75,2024-02-26,2829.74,4.9819,112779.85,-6394.1,-6.01,2024,2,2024-02
7788,30,95,9,596858.4,2023-01-31,12945.63,5.0993,594122.86,2735.54,0.46,2023,1,2023-01
7818,18,150,5,8228.0,2023-11-02,326.88,5.0194,8203.71,24.29,0.3,2023,11,2023-11
7845,6,83,13,1664827.5,2024-04-10,35839.7,5.0654,2360051.41,-695223.91,-41.76,2024,4,2024-04
7935,32,84,14,607934.0,2024-04-02,8951.16,5.0476,632546.25,-24612.25,-4.05,2024,4,2024-04
7953,32,140,2,6269.0,2023-09-17,586.81,4.8689,5714.24,554.76,8.85,2023,9,2023-09
7955,48,30,2,61271.2,2024-02-15,6558.44,4.971,65204.01,-3932.81,-6.42,2024,2,2024-02
7957,34,19,7,109274.7,2024-05-21,3358.13,5.1037,119972.22,-10697.52,-9.79,2024,5,2024-05
8018,7,42,9,53936.0,2024-12-23,1263.57,6.1612,70065.97,-16129.97,-29.91,2024,12,2024-12
8029,34,74,8,692468.0,2024-02-15,17160.36,4.971,682433.2,10034.8,1.45,2024,2,2024-02
8062,43,150,13,20324.3,2023-12-31,326.88,4.8413,20572.81,-248.51,-1.22,2023,12,2023-12
8072,6,16,10,300060.0,2023-02-02,5615.94,4.9901,280241.02,19818.98,6.61,2023,2,2023-02
8077,38,108,13,43492.0,2023-07-29,653.47,4.7253,40141.94,3350.06,7.7,2023,7,2023-07
8093,13,73,10,1360019.05,2023-03-02,27541.35,5.208,1434353.51,-74334.46,-5.47,2023,3,2023-03
8114,8,107,11,16647.0,2024-06-09,311.59,5.2802,18097.83,-1450.83,-8.72,2024,6,2024-06
8116,16,97,1,135335.0,2024-06-29,25607.88,5.5589,142351.64,-7016.64,-5.18,2024,6,2024-06
8121,26,58,13,1414720.0,2023-02-11,20157.55,5.2526,1376434.11,38285.89,2.71,2023,2,2023-02
8128,26,93,9,859078.35,2023-08-29,19409.47,4.8706,850821.88,8256.47,0.96,2023,8,2023-08
8136,24,94,10,407508.0,2023-08-20,8022.13,4.9724,398892.39,8615.61,2.11,2023,8,2023-08
8233,49,99,1,101903.65,2023-03-01,21330.89,5.207,111069.94,-9166.29,-9.0,2023,3,2023-03
8245,22,139,1,1353.75,2023-05-09,246.89,5.0007,1234.62,119.13,8.8,2023,5,2023-05
8248,3,90,13,976851.75,2024-04-10,16081.27,5.0654,1058954.85,-82103.1,-8.4,2024,4,2024-04
8249,39,20,13,400835.0,2024-11-16,5689.04,5.7885,428103.1,-27268.1,-6.8,2024,11,2024-11
8290,5,105,4,1176.1,2023-09-22,62.64,4.9131,1231.03,-54.93,-4.67,2023,9,2023-09
8335,38,53,5,254956.25,2023-04-01,10045.86,5.0804,255184.94,-228.69,-0.09,2023,4,2023-04
8336,26,146,5,2356.0,2023-12-06,99.02,4.9031,2427.52,-71.52,-3.04,2023,12,2023-12
8341,20,5,5,118345.0,2024-10-20,4327.37,5.6672,122620.36,-4275.36,-3.61,2024,10,2024-10
8359,44,150,14,21887.05,2023-01-10,321.31,5.2395,23569.05,-1682.0,-7.68,2023,1,2023-01
8386,22,22,1,39453.0,2024-04-01,7630.67,5.0532,38559.3,893.7,2.27,2024,4,2024-04
8409,7,15,15,418496.0,2024-11-16,5097.71,5.7885,442621.42,-24125.42,-5.76,2024,11,2024-11
8427,42,120,6,17809.65,2024-01-14,635.45,4.8543,18507.99,-698.34,-3.92,2024,1,2024-01
8436,5,53,15,805125.0,2023-05-05,10045.86,4.9696,748858.59,56266.41,6.99,2023,5,2023-05
8443,26,55,8,835903.1,2024-01-05,23326.09,4.8899,912497.98,-76594.88,-9.16,2024,1,2024-01
8456,34,89,2,157356.0,2023-08-10,14832.32,4.8518,143926.9,13429.1,8.53,2023,8,2023-08
8475,25,43,15,500130.35,2024-09-30,6219.32,5.4481,508252.16,-8121.81,-1.62,2024,9,2024-09
8476,47,22,12,449762.3,2024-06-27,7630.67,5.5229,505721.13,-55958.83,-12.44,2024,6,2024-06
8478,29,70,2,68711.0,2023-11-17,6655.06,4.8849,65018.61,3692.39,5.37,2023,11,2023-11
8499,40,26,5,86416.0,2024-03-30,3412.88,4.9962,85257.16,1158.84,1.34,2024,3,2024-03
8524,48,121,8,29554.0,2024-08-01,747.93,5.6681,33914.74,-4360.74,-14.76,2024,8,2024-08
8534,13,19,9,140496.45,2023-07-03,3163.35,4.7876,136303.69,4192.76,2.98,2023,7,2023-07
8552,13,91,1,134886.0,2024-04-13,27671.77,5.1364,142133.28,-7247.28,-5.37,2024,4,2024-04
8612,38,58,8,870597.0,2024-10-18,19694.26,5.6672,892890.48,-22293.48,-2.56,2024,10,2024-10
8618,45,87,3,200580.0,2024-07-06,13597.7,5.497,224239.67,-23659.67,-11.8,2024,7,2024-07
8635,19,89,1,74744.1,2023-07-21,14832.32,4.7732,70797.63,3946.47,5.28,2023,7,2023-07
8649,46,32,13,162532.0,2023-12-15,2560.62,4.9397,164433.03,-1901.03,-1.17,2023,12,2023-12
8669,9,128,10,46507.0,2024-08-27,853.09,5.4969,46893.5,-386.5,-0.83,2024,8,2024-08
8695,15,28,5,71293.0,2024-12-27,2776.74,6.1991,86066.44,-14773.44,-20.72,2024,12,2024-12
8710,49,30,11,336990.65,2023-09-30,6558.44,5.0076,361262.49,-24271.84,-7.2,2023,9,2023-09
8715,14,6,11,123520.9,2024-05-10,2394.79,5.1464,135570.02,-12049.12,-9.75,2024,5,2024-05
8718,26,17,1,14039.0,2023-10-17,2833.14,5.0384,14274.49,-235.49,-1.68,2023,10,2023-10
8739,33,33,7,44659.5,2024-02-07,1268.8,4.9608,44059.84,599.66,1.34,2024,2,2024-02
8752,19,111,14,56993.35,2024-11-28,860.37,5.9871,72115.7,-15122.35,-26.53,2024,11,2024-11
8757,45,31,11,86558.3,2024-07-10,1482.91,5.3967,88031.02,-1472.72,-1.7,2024,7,2024-07
8812,32,63,3,398879.35,2023-08-17,27618.14,4.9816,412747.58,-13868.23,-3.48,2023,8,2023-08
8838,34,7,11,203970.7,2024-05-28,3678.62,5.1538,208547.59,-4576.89,-2.24,2024,5,2024-05
8839,40,149,7,8145.0,2023-07-05,225.94,4.8577,7682.84,462.16,5.67,2023,7,2023-07
8856,23,83,3,404412.0,2023-05-11,35839.7,4.9696,534326.92,-129914.92,-32.12,2023,5,2023-05
8894,44,76,14,2074775.0,2024-08-11,26304.27,5.5115,2029663.78,45111.22,2.17,2024,8,2024-08
8906,29,124,13,49009.0,2023-07-29,725.63,4.7253,44574.65,4434.35,9.05,2023,7,2023-07
8917,36,127,12,18592.0,2023-05-28,296.24,5.0114,17814.93,777.07,4.18,2023,5,2023-05
8939,40,16,1,28505.7,2024-04-24,6212.42,5.1592,32051.12,-3545.42,-12.44,2024,4,2024-04
8944,7,29,8,292083.0,2024-01-07,7689.63,4.8899,300812.17,-8729.17,-2.99,2024,1,2024-01
8970,47,6,11,123520.9,2023-01-30,2104.66,5.0959,117976.51,5544.39,4.49,2023,1,2023-01
8976,38,57,11,1241361.2,2024-09-16,23810.02,5.5207,1445927.75,-204566.55,-16.48,2024,9,2024-09
8999,38,51,7,449113.0,2024-04-14,12243.38,5.1364,440208.28,8904.72,1.98,2024,4,2024-04
9002,23,93,5,477265.75,2023-04-13,19409.47,4.9097,476473.37,792.38,0.17,2023,4,2023-04
9012,3,47,9,52351.65,2023-06-21,1496.29,4.7795,64363.66,-12012.01,-22.94,2023,6,2023-06
9013,3,77,11,491751.0,2024-08-05,8959.75,5.7646,568143.12,-76392.12,-15.53,2024,8,2024-08
9016,17,15,9,238543.1,2024-09-14,5267.98,5.5717,264164.44,-25621.34,-10.74,2024,9,2024-09
9019,9,79,13,816913.55,2024-10-28,11873.21,5.6988,879619.64,-62706.09,-7.68,2024,10,2024-10
9023,4,56,8,343910.0,2023-10-21,8087.59,5.0528,326919.8,16990.2,4.94,2023,10,2023-10
9063,30,132,14,20787.9,2023-12-15,276.61,4.9397,19129.19,1658.71,7.98,2023,12,2023-12
9096,16,31,8,62951.75,2023-06-07,2418.07,4.9119,95018.54,-32066.79,-50.94,2023,6,2023-06
9104,13,103,10,17892.0,2024-02-17,341.7,4.9761,17003.33,888.67,4.97,2024,2,2024-02
9112,9,58,14,1523544.0,2023-02-03,20157.55,5.103,1440095.69,83448.31,5.48,2023,2,2023-02
9126,11,54,4,461832.05,2023-03-15,23191.9,5.2981,491492.02,-29659.97,-6.42,2023,3,2023-03
9207,2,98,14,1055503.2,2024-10-25,15850.04,5.6969,1264145.3,-208642.1,-19.77,2024,10,2024-10
9214,24,22,12,473434.0,2023-12-06,7630.67,4.9031,448967.26,24466.74,5.17,2023,12,2023-12
9245,47,141,7,31799.35,2023-05-15,942.08,4.9103,32381.27,-581.92,-1.83,2023,5,2023-05
9248,14,145,11,47848.0,2024-08-03,875.03,5.7366,55216.67,-7368.67,-15.4,2024,8,2024-08
9265,43,78,15,1735101.85,2023-01-26,23053.04,5.0951,1761863.16,-26761.31,-1.54,2023,1,2023-01
9284,16,9,7,264041.1,2024-02-15,7933.96,4.971,276078.01,-12036.91,-4.56,2024,2,2024-02
9286,3,52,14,182264.15,2024-09-29,2426.66,5.4431,184919.74,-2655.59,-1.46,2024,9,2024-09
9325,16,57,2,237581.0,2023-04-30,22497.79,5.0007,225009.4,12571.6,5.29,2023,4,2023-04
9338,15,115,11,9136.0,2024-05-31,167.9,5.2416,9680.71,-544.71,-5.96,2024,5,2024-05
9365,44,106,10,41656.55,2024-09-03,918.37,5.6224,51634.43,-9977.88,-23.95,2024,9,2024-09
9374,12,28,11,156844.0,2024-11-08,2776.74,5.7648,176080.86,-19236.86,-12.26,2024,11,2024-11
9378,47,62,5,485554.5,2023-01-20,20000.78,5.1986,519880.27,-34325.77,-7.07,2023,1,2023-01
9380,37,147,2,6060.0,2023-01-31,592.19,5.0993,6039.51,20.49,0.34,2023,1,2023-01
9384,1,1,15,496838.0,2024-02-15,6574.8,4.971,490249.96,6588.04,1.33,2024,2,2024-02
9394,11,141,2,9564.0,2024-05-21,972.86,5.1037,9930.37,-366.37,-3.83,2024,5,2024-05
9398,37,39,6,177797.0,2023-06-07,5270.87,4.9119,155339.92,22457.08,12.63,2023,6,2023-06
9441,21,8,15,71023.9,2023-10-08,1006.07,5.1918,78349.71,-7325.81,-10.31,2023,10,2023-10
9451,39,120,7,21871.0,2024-06-08,635.45,5.2802,23487.12,-1616.12,-7.39,2024,6,2024-06
9460,39,136,1,1974.0,2023-10-18,533.84,5.0568,2699.52,-725.52,-36.75,2023,10,2023-10
9462,44,1,6,188798.25,2024-06-27,6633.66,5.5229,219822.24,-31023.99,-16.43,2024,6,2024-06
9529,30,9,14,555877.0,2023-08-11,7933.96,4.8918,543358.84,12518.16,2.25,2023,8,2023-08
9555,17,110,6,14973.0,2023-01-07,476.03,5.2855,15096.34,-123.34,-0.82,2023,1,2023-01
9589,5,71,1,130174.0,2023-03-29,24528.75,5.1493,126305.89,3868.11,2.97,2023,3,2023-03
9591,44,130,15,59052.95,2023-03-03,749.89,5.2037,58533.04,519.91,0.88,2023,3,2023-03
9606,4,100,12,1192442.85,2023-03-11,19807.28,5.1822,1231743.44,-39300.59,-3.3,2023,3,2023-03
9611,7,23,8,89429.0,2024-04-15,2244.66,5.1746,92921.74,-3492.74,-3.91,2024,4,2024-04
9649,33,75,7,229379.0,2023-07-16,6193.58,4.7957,207917.86,21461.14,9.36,2023,7,2023-07
9650,12,116,4,9786.9,2024-02-26,502.24,4.9819,10008.44,-221.54,-2.26,2024,2,2024-02
9666,40,67,15,1222494.2,2024-03-24,16720.73,4.9897,1251471.4,-28977.2,-2.37,2024,3,2024-03
9671,1,135,7,10936.4,2024-05-22,328.1,5.1502,11828.46,-892.06,-8.16,2024,5,2024-05
9696,34,118,12,51781.0,2023-10-20,797.41,5.0528,48349.84,3431.16,6.63,2023,10,2023-10
9705,34,51,4,243804.2,2024-06-28,12243.38,5.5589,272238.9,-28434.7,-11.66,2024,6,2024-06
9721,14,27,8,125487.4,2024-03-30,3051.23,4.9962,121956.44,3530.96,2.81,2024,3,2024-03
9723,33,17,12,160041.75,2023-10-12,2833.14,5.0496,171674.68,-11632.93,-7.27,2023,10,2023-10
9732,25,26,15,259248.0,2023-09-13,3412.88,4.9171,251722.08,7525.92,2.9,2023,9,2023-09
9742,48,53,6,322050.0,2024-03-24,11332.93,4.9897,339287.52,-17237.52,-5.35,2024,3,2024-03
9748,31,8,2,9469.6,2023-11-26,1006.07,4.8927,9844.8,-375.2,-3.96,2023,11,2023-11
9750,21,109,12,7472.0,2023-02-14,169.23,5.1507,10459.84,-2987.84,-39.99,2023,2,2023-02
9766,8,59,9,745270.25,2023-03-31,16694.98,5.0804,763354.59,-18084.34,-2.43,2023,3,2023-03
9781,42,59,8,697329.0,2024-04-22,17522.59,5.2043,729542.52,-32213.52,-4.62,2024,4,2024-04
9786,8,50,14,149970.8,2023-01-05,2179.61,5.4026,164857.85,-14887.05,-9.93,2023,1,2023-01
9796,21,110,13,30819.9,2024-12-03,443.85,6.0707,35028.24,-4208.34,-13.65,2024,12,2024-12
9804,20,83,10,1348039.0,2024-03-30,35839.7,4.9962,1790623.09,-442584.09,-32.83,2024,3,2024-03
9859,25,60,9,929822.0,2023-09-05,22190.02,4.9705,992659.45,-62837.45,-6.76,2023,9,2023-09
9910,36,136,9,16873.9,2024-03-09,390.62,4.9751,17490.36,-616.46,-3.65,2024,3,2024-03
9923,40,146,8,3968.0,2023-06-30,99.02,4.8192,3817.58,150.42,3.79,2023,6,2023-06
9926,32,84,3,123758.4,2024-02-05,8951.16,5.0053,134409.72,-10651.32,-8.61,2024,2,2024-02
9954,27,148,4,19142.0,2024-03-21,979.78,4.9807,19519.96,-377.96,-1.97,2024,3,2024-03
9958,2,144,12,25241.5,2024-09-12,444.87,5.6554,30191.01,-4949.51,-19.61,2024,9,2024-09
9972,25,116,2,5151.0,2024-09-20,502.24,5.4775,5502.04,-351.04,-6.81,2024,9,2024-09
9984,37,23,14,156501.0,2024-11-13,2244.66,5.7713,181364.49,-24863.49,-15.89,2024,11,2024-11
0,42,105,11,3405.0,2023-09-10,62.64,4.9835,3433.83,-28.83,-0.85,2023,9,2023-09
8,27,25,3,34560.05,2024-02-28,2478.48,4.9557,36847.81,-2287.76,-6.62,2024,2,2024-02
21,17,71,3,390522.0,2024-12-04,23100.17,6.0581,419829.42,-29307.42,-7.5,2024,12,2024-12
24,45,128,12,55809.0,2023-05-09,853.09,5.0007,51192.57,4616.43,8.27,2023,5,2023-05
63,43,42,15,85398.35,2024-01-27,1263.57,4.9125,93109.31,-7710.96,-9.03,2024,1,2024-01
66,33,114,9,7194.0,2024-10-12,152.46,5.6263,7720.07,-526.07,-7.31,2024,10,2024-10
96,11,82,8,392418.4,2023-08-22,9770.29,4.9431,386364.16,6054.24,1.54,2023,8,2023-08
116,7,130,3,11810.4,2023-03-19,749.89,5.2679,11851.04,-40.64,-0.34,2023,3,2023-03
149,7,57,1,112851.45,2024-07-13,23810.02,5.4529,129833.66,-16982.21,-15.05,2024,7,2024-07
160,8,121,11,40637.0,2023-05-27,746.8,5.0114,41167.65,-530.65,-1.31,2023,5,2023-05
182,7,115,5,4153.0,2023-09-06,160.69,4.9762,3998.13,154.87,3.73,2023,9,2023-09
230,14,78,5,578367.6,2024-08-04,24425.59,5.7366,700599.2,-122231.6,-21.13,2024,8,2024-08
235,29,131,2,1830.65,2024-07-28,179.69,5.6465,2029.24,-198.59,-10.85,2024,7,2024-07
319,12,16,15,450090.0,2023-11-11,5615.94,4.9219,414616.43,35473.57,7.88,2023,11,2023-11
329,3,123,1,2777.0,2024-11-30,535.37,6.0535,3240.86,-463.86,-16.7,2024,11,2024-11
359,15,26,4,65676.35,2024-06-07,3378.85,5.2802,71364.02,-5687.67,-8.66,2024,6,2024-06
382,3,7,5,92714.3,2024-01-18,3678.62,4.9403,90867.43,1846.87,1.99,2024,1,2024-01
415,17,97,2,270670.0,2023-05-31,25607.88,5.0959,260990.39,9679.61,3.58,2023,5,2023-05
422,18,104,8,28218.8,2024-11-11,742.54,5.798,34441.98,-6223.18,-22.05,2024,11,2024-11
442,44,17,3,42116.0,2024-07-28,2833.14,5.6465,47991.98,-5875.98,-13.95,2024,7,2024-07
450,48,62,12,1165330.8,2023-08-26,20000.78,4.8772,1170573.65,-5242.85,-0.45,2023,8,2023-08
462,49,126,3,7629.45,2023-05-13,467.05,4.9234,6898.42,731.03,9.58,2023,5,2023-05
493,24,40,1,13474.8,2024-06-28,2867.26,5.5589,15938.81,-2464.01,-18.29,2024,6,2024-06
495,2,43,8,280775.0,2023-02-20,6219.32,5.2012,258783.42,21991.58,7.83,2023,2,2023-02
497,31,121,9,31585.6,2024-10-30,677.66,5.7801,35252.48,-3666.88,-11.61,2024,10,2024-10
503,45,54,11,1270038.85,2024-11-27,23191.9,5.8291,1487066.95,-217028.1,-17.09,2024,11,2024-11
513,18,47,3,17450.55,2024-08-08,1116.66,5.6172,18817.51,-1366.96,-7.83,2024,8,2024-08
545,39,53,1,53675.0,2023-09-21,11332.93,4.9229,55790.88,-2115.88,-3.94,2023,9,2023-09
557,44,43,4,140387.0,2024-08-11,6219.32,5.5115,137111.13,3275.87,2.33,2024,8,2024-08
614,45,83,1,134804.0,2024-03-28,35839.7,4.9962,179062.31,-44258.31,-32.83,2024,3,2024-03
630,18,67,13,1059495.1,2024-09-04,16720.73,5.6359,1225072.71,-165577.61,-15.63,2024,9,2024-09
653,44,109,13,8095.0,2023-05-21,169.23,4.9858,10968.71,-2873.71,-35.5,2023,5,2023-05
670,7,124,13,46558.55,2023-05-31,725.63,5.0959,48070.59,-1512.04,-3.25,2023,5,2023-05
686,43,9,13,490363.4,2023-05-27,7933.96,5.0114,516883.21,-26519.81,-5.41,2023,5,2023-05
699,2,128,8,35345.7,2023-01-24,853.09,5.1696,35281.07,64.63,0.18,2023,1,2023-01
700,6,77,2,84938.55,2023-10-15,8959.75,5.0625,90717.47,-5778.92,-6.8,2023,10,2023-10
745,42,64,7,741512.05,2023-10-07,21352.22,5.1918,775995.19,-34483.14,-4.65,2023,10,2023-10
792,26,92,8,710833.0,2024-08-30,16239.74,5.6562,734841.74,-24008.74,-3.38,2024,8,2024-08
807,16,140,4,11911.1,2023-07-02,586.81,4.8192,11311.82,599.28,5.03,2023,7,2023-07
812,3,63,10,1329598.15,2024-03-22,27618.14,4.9897,1378062.33,-48464.18,-3.65,2024,3,2024-03
818,12,126,3,7629.45,2024-02-10,467.05,4.9717,6966.1,663.35,8.69,2024,2,2024-02
846,33,116,13,33482.0,2024-07-23,502.24,5.5807,36437.06,-2955.06,-8.83,2024,7,2024-07
871,20,145,7,30449.0,2023-01-30,820.56,5.0959,29270.44,1178.56,3.87,2023,1,2023-01
880,39,59,3,248423.1,2023-06-15,16694.98,4.8222,241519.6,6903.5,2.78,2023,6,2023-06
906,41,138,5,20915.0,2024-07-11,836.88,5.41,22637.6,-1722.6,-8.24,2024,7,2024-07
915,19,100,1,104600.0,2023-02-16,19807.28,5.2432,103853.53,746.47,0.71,2023,2,2023-02
918,11,43,1,33342.15,2024-10-11,6219.32,5.6263,34991.76,-1649.61,-4.95,2024,10,2024-10
930,35,108,10,31783.2,2023-03-05,653.47,5.2037,34004.62,-2221.42,-6.99,2023,3,2023-03
949,10,144,6,12620.75,2023-04-05,422.52,5.0447,12788.92,-168.17,-1.33,2023,4,2023-04
952,18,56,14,601843.0,2024-09-17,8087.59,5.501,622857.66,-21014.66,-3.49,2024,9,2024-09
1016,6,113,12,50103.0,2023-03-09,815.5,5.1353,50254.05,-151.05,-0.3,2023,3,2023-03
1027,7,74,15,1298378.0,2024-07-24,17160.36,5.6346,1450376.47,-151998.47,-11.71,2024,7,2024-07
1045,3,136,10,19735.0,2023-01-23,533.84,5.1922,27718.04,-7983.04,-40.45,2023,1,2023-01
1051,31,148,13,62212.0,2023-06-11,919.03,4.8922,58449.02,3762.98,6.05,2023,6,2023-06
1056,14,45,6,59422.0,2023-08-08,1881.33,4.9217,55556.05,3865.95,6.51,2023,8,2023-08
1070,38,9,3,119116.0,2023-12-02,7933.96,4.9191,117083.83,2032.17,1.71,2023,12,2023-12
1071,11,6,7,82741.0,2024-01-30,2104.66,4.9638,73129.78,9611.22,11.62,2024,1,2024-01
1078,48,145,14,60898.0,2024-09-06,875.03,5.5702,68237.29,-7339.29,-12.05,2024,9,2024-09
1085,21,90,5,375712.65,2023-08-04,14083.78,4.8609,342299.23,33413.42,8.89,2023,8,2023-08
1103,38,12,9,24536.0,2024-09-20,481.53,5.4775,23738.23,797.77,3.25,2024,9,2024-09
1124,19,9,12,476466.0,2024-04-04,7933.96,5.0237,478294.02,-1828.02,-0.38,2024,4,2024-04
1138,35,134,11,49299.3,2024-04-23,948.15,5.1626,53844.11,-4544.81,-9.22,2024,4,2024-04
1162,12,115,11,9136.0,2024-10-26,167.9,5.6969,10521.6,-1385.6,-15.17,2024,10,2024-10
1177,32,10,6,182588.1,2024-11-21,5864.71,5.8173,204700.66,-22112.56,-12.11,2024,11,2024-11
1216,35,8,7,34889.0,2024-02-19,1006.07,4.9585,34920.19,-31.19,-0.09,2024,2,2024-02
1224,2,125,1,3231.9,2023-10-11,646.27,5.0496,3263.4,-31.5,-0.97,2023,10,2023-10
1227,43,12,1,2726.0,2024-04-28,527.97,5.1184,2702.36,23.64,0.87,2024,4,2024-04
1233,46,108,11,36801.0,2024-03-23,688.83,4.9897,37807.61,-1006.61,-2.74,2024,3,2024-03
1243,48,141,7,33473.0,2024-12-21,972.86,6.078,41391.3,-7918.3,-23.66,2024,12,2024-12
1271,24,38,1,25137.95,2023-03-11,5097.21,5.1822,26414.76,-1276.81,-5.08,2023,3,2023-03
1274,46,143,7,31055.0,2023-06-09,896.83,4.8922,30712.3,342.7,1.1,2023,6,2023-06
1291,36,45,13,128748.0,2024-05-24,1881.33,5.1508,125974.61,2773.39,2.15,2024,5,2024-05
1296,9,78,8,974092.0,2023-12-22,25349.04,4.8619,985955.98,-11863.98,-1.22,2023,12,2023-12
1306,39,73,2,286320.0,2023-01-27,27541.35,5.0767,279638.34,6681.66,2.33,2023,1,2023-01
1323,22,98,5,376965.7,2023-09-18,15262.93,4.8535,370393.15,6572.55,1.74,2023,9,2023-09
1369,46,89,1,74744.1,2024-10-31,14122.53,5.7779,81598.57,-6854.47,-9.17,2024,10,2024-10
1409,26,100,15,1490553.8,2024-07-22,19807.28,5.5598,1651867.73,-161313.93,-10.82,2024,7,2024-07
1413,43,143,7,31055.0,2024-09-03,896.83,5.6224,35296.36,-4241.36,-13.66,2024,9,2024-09
1415,41,121,4,14777.0,2023-04-02,718.35,5.0804,14598.02,178.98,1.21,2023,4,2023-04
1461,10,87,3,200580.0,2024-05-05,13597.7,5.0668,206690.48,-6110.48,-3.05,2024,5,2024-05
1514,24,8,5,23674.95,2023-09-01,1006.07,4.9318,24808.68,-1133.73,-4.79,2023,9,2023-09
1519,17,31,4,31475.4,2024-01-25,1686.13,4.9232,33204.62,-1729.22,-5.49,2024,1,2024-01
1523,45,68,3,200691.0,2023-12-14,13998.43,4.8912,205407.36,-4716.36,-2.35,2023,12,2023-12
1544,44,27,10,165114.0,2024-03-13,3051.23,4.9803,151960.41,13153.59,7.97,2024,3,2024-03
1558,3,4,11,35340.95,2024-04-29,679.13,5.1155,38214.98,-2874.03,-8.13,2024,4,2024-04
1583,25,100,8,836802.0,2023-10-19,19807.28,5.054,800847.94,35954.06,4.3,2023,10,2023-10
1587,29,46,4,19935.0,2023-11-02,1000.64,5.0194,20090.45,-155.45,-0.78,2023,11,2023-11
1589,30,131,6,5782.0,2024-06-09,196.2,5.2802,6215.85,-433.85,-7.5,2024,6,2024-06
1596,45,77,13,581161.0,2023-01-18,8617.27,5.0909,570305.58,10855.42,1.87,2023,1,2023-01
1621,20,70,2,65275.45,2024-05-26,6655.06,5.1508,68557.77,-3282.32,-5.03,2024,5,2024-05
1638,13,45,11,108941.0,2023-07-24,1881.33,4.7457,98210.51,10730.49,9.85,2023,7,2023-07
1667,41,56,11,449232.2,2024-05-28,8087.59,5.1538,458500.03,-9267.83,-2.06,2024,5,2024-05
1696,25,90,8,601140.05,2023-03-03,14083.78,5.2037,586302.13,14837.92,2.47,2023,3,2023-03
1723,39,63,14,1861436.65,2023-04-07,27618.14,5.0683,1959678.27,-98241.62,-5.28,2023,4,2023-04
1739,6,1,14,463715.0,2024-11-09,5774.5,5.7648,466043.73,-2328.73,-0.5,2024,11,2024-11
1770,36,34,6,29505.0,2023-09-05,1022.84,4.9705,30504.16,-999.16,-3.39,2023,9,2023-09
1774,37,101,14,6163.6,2023-12-26,96.64,4.8368,6544.0,-380.4,-6.17,2023,12,2023-12
1793,42,149,3,3491.0,2023-04-07,225.94,5.0683,3435.4,55.6,1.59,2023,4,2023-04
1801,6,26,4,65676.35,2023-07-27,3412.88,4.7202,64437.9,1238.45,1.89,2023,7,2023-07
1808,39,21,5,43673.0,2024-06-10,1689.08,5.3666,45323.08,-1650.08,-3.78,2024,6,2024-06
1815,49,67,12,1029469.0,2023-09-16,16720.73,4.8689,976938.75,52530.25,5.1,2023,9,2023-09
1822,10,61,6,168112.0,2023-07-06,5396.92,4.8977,158594.97,9517.03,5.66,2023,7,2023-07
1845,39,38,5,125690.7,2023-02-12,5097.21,5.2526,133868.03,-8177.33,-6.51,2023,2,2023-02
1867,49,52,12,156226.55,2023-07-01,2634.69,4.8192,152365.18,3861.37,2.47,2023,7,2023-07
1890,41,91,13,1753518.0,2024-02-14,27671.77,4.9723,1788700.45,-35182.45,-2.01,2024,2,2024-02
1898,48,125,1,3402.0,2023-03-25,646.27,5.2921,3420.13,-18.13,-0.53,2023,3,2023-03
1947,39,140,11,32756.0,2024-09-12,612.49,5.6554,38102.64,-5346.64,-16.32,2024,9,2024-09
1951,32,29,2,69369.95,2024-01-14,7689.63,4.8543,74655.54,-5285.59,-7.62,2024,1,2024-01
1953,38,142,5,3925.4,2023-05-12,160.09,4.9234,3940.94,-15.54,-0.4,2023,5,2023-05
1960,33,87,7,468019.0,2024-10-14,13597.7,5.6045,533458.17,-65439.17,-13.98,2024,10,2024-10
1972,36,21,4,33191.1,2024-04-17,1674.22,5.2469,35137.86,-1946.76,-5.87,2024,4,2024-04
1984,11,138,5,20915.0,2023-03-12,826.61,5.1822,21418.29,-503.29,-2.41,2023,3,2023-03
2002,16,137,2,6771.0,2024-04-22,673.98,5.2043,7015.19,-244.19,-3.61,2024,4,2024-04
2013,19,40,14,188648.15,2024-10-14,2867.26,5.6045,224973.82,-36325.67,-19.26,2024,10,2024-10
2018,34,13,7,51518.5,2023-05-29,1356.5,4.9954,47433.82,4084.68,7.93,2023,5,2023-05
2024,31,33,7,47010.0,2023-07-13,1268.8,4.8038,42665.43,4344.57,9.24,2023,7,2023-07
2044,26,21,7,58084.9,2024-06-28,1689.08,5.5589,65725.99,-7641.09,-13.16,2024,6,2024-06
2062,20,75,3,93389.75,2023-06-29,6193.58,4.8584,90272.67,3117.08,3.34,2023,6,2023-06
2069,11,130,4,16576.0,2024-03-10,859.48,4.9751,17104.0,-528.0,-3.19,2024,3,2024-03
2071,49,11,4,137681.6,2024-05-22,7246.24,5.1502,149278.34,-11596.74,-8.42,2024,5,2024-05
2082,47,127,12,18592.0,2023-04-21,296.24,5.0497,17951.08,640.92,3.45,2023,4,2023-04
2088,4,62,1,102222.0,2024-10-25,20000.78,5.6969,113942.44,-11720.44,-11.47,2024,10,2024-10
2108,24,21,4,34938.0,2024-04-21,1674.22,5.2269,35003.92,-65.92,-0.19,2024,4,2024-04
2198,31,24,8,185857.0,2024-04-23,4129.65,5.1626,170557.85,15299.15,8.23,2024,4,2024-04
2201,26,17,6,80021.35,2024-06-20,2833.14,5.4254,92225.51,-12204.16,-15.25,2024,6,2024-06
2275,33,137,4,12864.9,2023-12-15,619.79,4.9397,12246.31,618.59,4.81,2023,12,2023-12
2299,40,42,3,17080.05,2024-05-31,1263.57,5.2416,19869.39,-2789.34,-16.33,2024,5,2024-05
2301,13,142,9,7066.1,2023-06-14,160.09,4.8462,6982.45,83.65,1.18,2023,6,2023-06
2302,15,56,3,128966.0,2023-10-12,8087.59,5.0496,122517.28,6448.72,5.0,2023,10,2023-10
2310,34,114,3,2398.0,2023-05-17,152.46,4.9513,2264.63,133.37,5.56,2023,5,2023-05
2324,43,18,15,378657.65,2024-01-22,5536.62,4.949,411010.99,-32353.34,-8.54,2024,1,2024-01
2355,4,150,5,7816.6,2023-12-17,326.88,4.9397,8073.45,-256.85,-3.29,2023,12,2023-12
2367,19,149,9,9949.35,2023-12-24,225.94,4.8619,9886.48,62.87,0.63,2023,12,2023-12
2376,41,112,9,18647.55,2023-07-11,398.23,4.8949,17543.66,1103.89,5.92,2023,7,2023-07
2380,5,47,10,61230.0,2024-05-23,1496.29,5.1443,76973.65,-15743.65,-25.71,2024,5,2024-05
2401,37,148,9,43070.0,2023-09-05,919.03,4.9705,41112.35,1957.65,4.55,2023,9,2023-09
2441,20,16,1,28505.7,2023-09-25,5615.94,4.9606,27858.43,647.27,2.27,2023,9,2023-09
2457,33,27,3,47057.3,2024-06-02,3051.23,5.2416,47979.98,-922.68,-1.96,2024,6,2024-06
2487,48,11,2,72464.0,2024-01-18,7246.24,4.9403,71597.2,866.8,1.2,2024,1,2024-01
2512,36,131,1,915.8,2024-04-26,196.2,5.1184,1004.23,-88.43,-9.66,2024,4,2024-04
2517,10,10,3,96099.0,2023-11-02,6445.41,5.0194,97056.27,-957.27,-1.0,2023,11,2023-11
2519,45,135,11,17185.5,2023-07-08,328.1,4.8799,17612.05,-426.55,-2.48,2023,7,2023-07
2524,1,89,5,393390.0,2023-07-09,14832.32,4.8799,361901.19,31488.81,8.0,2023,7,2023-07
2553,24,150,1,1646.0,2024-06-10,332.26,5.3666,1783.11,-137.11,-8.33,2024,6,2024-06
2555,17,58,9,979421.0,2023-07-06,20157.55,4.8977,888530.69,90890.31,9.28,2023,7,2023-07
2591,26,74,8,657844.6,2023-03-05,22250.99,5.2037,926299.81,-268455.21,-40.81,2023,3,2023-03
2595,45,69,5,215008.75,2024-05-15,8620.92,5.1423,221656.78,-6648.03,-3.09,2024,5,2024-05
2629,42,146,4,1884.8,2024-05-15,99.02,5.1423,2036.76,-151.96,-8.06,2024,5,2024-05
2645,25,89,1,78678.0,2024-10-10,14122.53,5.5819,78830.55,-152.55,-0.19,2024,10,2024-10
2649,9,26,7,114932.9,2024-07-19,3378.85,5.5543,131370.03,-16437.13,-14.3,2024,7,2024-07
2681,38,36,9,193242.35,2024-09-25,4476.41,5.4736,220518.7,-27276.35,-14.12,2024,9,2024-09
2706,18,150,7,10944.0,2023-11-07,326.88,4.867,11136.47,-192.47,-1.76,2023,11,2023-11
2708,4,25,7,84885.0,2023-12-05,2478.48,4.9522,85917.5,-1032.5,-1.22,2023,12,2023-12
2736,21,35,4,44022.0,2024-01-17,2106.85,4.9346,41585.85,2436.15,5.53,2024,1,2024-01
2807,25,67,15,1222494.2,2024-01-18,16720.73,4.9403,1239081.34,-16587.14,-1.36,2024,1,2024-01
2808,2,97,5,642841.25,2024-07-09,25607.88,5.4387,696367.88,-53526.63,-8.33,2024,7,2024-07
2819,3,12,4,10905.0,2024-08-13,481.53,5.4875,10569.58,335.42,3.08,2024,8,2024-08
2828,8,30,2,64496.0,2023-08-16,5636.75,4.9772,56110.46,8385.54,13.0,2023,8,2023-08
2830,7,89,2,149488.2,2023-09-07,14832.32,4.9762,147617.18,1871.02,1.25,2023,9,2023-09
2842,41,135,14,23023.0,2024-01-20,328.1,4.9223,22610.09,412.91,1.79,2024,1,2024-01
2848,16,138,10,39738.5,2024-04-29,836.88,5.1155,42810.6,-3072.1,-7.73,2024,4,2024-04
2850,37,103,4,7157.0,2023-01-20,341.7,5.1986,7105.45,51.55,0.72,2023,1,2023-01
2894,3,127,1,1549.0,2024-01-15,296.24,4.8765,1444.61,104.39,6.74,2024,1,2024-01
2905,6,84,5,217119.0,2024-04-05,8951.16,5.052,226106.3,-8987.3,-4.14,2024,4,2024-04
2965,10,36,13,293818.0,2024-10-16,4476.41,5.6749,330241.33,-36423.33,-12.4,2024,10,2024-10
3011,12,58,3,310150.3,2023-04-04,20157.55,5.0762,306971.27,3179.03,1.02,2023,4,2023-04
3015,17,68,11,735868.0,2024-07-10,13317.89,5.3967,790599.23,-54731.23,-7.44,2024,7,2024-07
3034,35,104,10,35273.5,2024-04-11,742.54,5.0765,37695.04,-2421.54,-6.87,2024,4,2024-04
3064,41,49,5,63004.95,2024-02-14,2627.0,4.9723,65311.16,-2306.21,-3.66,2024,2,2024-02
3065,33,52,5,68520.0,2023-03-22,2634.69,5.2648,69355.58,-835.58,-1.22,2023,3,2023-03
3086,29,18,3,79717.0,2023-05-07,4834.43,4.9696,72075.55,7641.45,9.59,2023,5,2023-05
3130,18,140,13,40750.0,2023-09-20,586.81,4.8487,36988.45,3761.55,9.23,2023,9,2023-09
3137,23,90,5,375712.65,2024-12-15,14571.29,6.04,440052.96,-64340.31,-17.12,2024,12,2024-12
3182,42,123,9,23744.3,2023-03-27,535.37,5.2306,25202.76,-1458.46,-6.14,2023,3,2023-03
3193,10,33,11,73873.0,2023-09-13,1268.8,4.9171,68626.98,5246.02,7.1,2023,9,2023-09
3197,34,30,15,459532.1,2024-04-25,6558.44,5.1679,508400.43,-48868.33,-10.63,2024,4,2024-04
3232,26,51,13,792363.65,2024-10-18,11769.05,5.6672,867068.28,-74704.63,-9.43,2024,10,2024-10
3245,42,93,11,1049984.65,2024-06-10,19072.72,5.3666,1125912.25,-75927.6,-7.23,2024,6,2024-06
3253,18,94,13,503272.95,2024-09-03,8022.13,5.6224,586347.11,-83074.16,-16.51,2024,9,2024-09
3268,38,60,10,1033135.45,2023-11-17,22190.02,4.8849,1083960.29,-50824.84,-4.92,2023,11,2023-11
3274,31,16,13,370574.1,2024-08-21,5491.48,5.4707,390549.12,-19975.02,-5.39,2024,8,2024-08
3279,24,80,1,129224.0,2023-11-16,24177.04,4.8575,117439.97,11784.03,9.12,2023,11,2023-11
3284,30,69,15,678975.0,2024-11-20,8046.11,5.7743,696909.79,-17934.79,-2.64,2024,11,2024-11
3290,40,8,4,18940.15,2024-08-28,947.05,5.5315,20954.43,-2014.28,-10.63,2024,8,2024-08
3308,35,96,10,706208.0,2024-07-12,14776.4,5.4529,805742.32,-99534.32,-14.09,2024,7,2024-07
3311,10,30,13,398260.9,2023-08-15,5636.75,4.9812,365011.13,33249.77,8.35,2023,8,2023-08
3335,2,77,12,536456.0,2023-12-01,8959.75,4.9191,528886.87,7569.13,1.41,2023,12,2023-12
3350,8,120,11,34369.0,2023-08-01,586.85,4.7752,30825.59,3543.41,10.31,2023,8,2023-08
3365,15,35,13,143072.0,2024-11-19,2106.85,5.7743,158152.59,-15080.59,-10.54,2024,11,2024-11
3405,18,46,13,64789.0,2024-01-25,1000.64,4.9232,64042.56,746.44,1.15,2024,1,2024-01
3406,28,19,4,65729.0,2024-10-28,3358.13,5.6988,76549.24,-10820.24,-16.46,2024,10,2024-10
3456,45,138,10,39738.5,2023-07-04,836.88,4.8056,40217.11,-478.61,-1.2,2023,7,2023-07
3463,41,79,5,314197.3,2023-02-24,11724.63,5.1791,303615.16,10582.14,3.37,2023,2,2023-02
3485,32,139,5,6767.8,2023-04-30,246.89,5.0007,6173.11,594.69,8.79,2023,4,2023-04
3491,24,6,3,33687.95,2023-01-17,2104.66,5.1203,32329.47,1358.48,4.03,2023,1,2023-01
3539,36,77,13,552102.95,2024-02-23,8959.75,4.9851,580648.25,-28545.3,-5.17,2024,2,2024-02
3571,33,17,9,120031.55,2023-05-11,2706.74,4.9696,121062.74,-1031.19,-0.86,2023,5,2023-05
3575,14,150,2,3126.45,2024-06-04,332.26,5.2687,3501.16,-374.71,-11.99,2024,6,2024-06
3598,38,82,8,413072.0,2023-11-11,9770.29,4.9219,384707.12,28364.88,6.87,2023,11,2023-11
3599,49,96,1,70621.0,2023-11-12,14776.4,4.9219,72727.96,-2106.96,-2.98,2023,11,2023-11
3646,23,145,6,26099.0,2024-08-01,875.03,5.6681,29758.55,-3659.55,-14.02,2024,8,2024-08
3662,37,89,8,629424.0,2024-01-29,14832.32,4.9225,584096.76,45327.24,7.2,2024,1,2024-01
3668,38,116,15,38633.0,2024-02-14,502.24,4.9723,37459.32,1173.68,3.04,2024,2,2024-02
3689,6,135,8,12498.2,2023-02-18,318.15,5.2012,13238.09,-739.89,-5.92,2023,2,2023-02
3703,4,58,4,435298.0,2024-01-30,20157.55,4.9638,400232.19,35065.81,8.06,2024,1,2024-01
3705,2,98,5,396806.0,2024-11-03,15850.04,5.8073,460229.69,-63423.69,-15.98,2024,11,2024-11
3728,19,114,8,6074.3,2023-03-24,152.46,5.2921,6454.67,-380.37,-6.26,2023,3,2023-03
3739,4,47,2,12246.0,2024-05-23,1496.29,5.1443,15394.73,-3148.73,-25.71,2024,5,2024-05
3742,7,149,11,12800.0,2023-02-08,217.62,5.2036,12456.48,343.52,2.68,2023,2,2023-02
3765,26,70,7,228463.6,2023-04-18,6655.06,4.9678,231427.05,-2963.45,-1.3,2023,4,2023-04
3777,5,146,14,6944.0,2024-01-24,99.02,4.9192,6819.39,124.61,1.79,2024,1,2024-01
3797,2,52,13,169245.35,2024-11-13,2426.66,5.7713,182064.78,-12819.43,-7.57,2024,11,2024-11
3801,30,122,9,11306.9,2024-08-21,271.3,5.4707,13357.81,-2050.91,-18.14,2024,8,2024-08
3812,34,64,6,635581.35,2023-08-03,21352.22,4.8797,625154.57,10426.78,1.64,2023,8,2023-08
3825,22,17,7,93357.45,2024-04-28,2833.14,5.1184,101508.01,-8150.56,-8.73,2024,4,2024-04
3836,18,98,12,952334.0,2023-01-13,15262.93,5.1146,936765.38,15568.62,1.63,2023,1,2023-01
3875,10,11,15,516305.05,2024-09-17,7246.24,5.501,597923.49,-81618.44,-15.81,2024,9,2024-09
3885,31,106,8,33325.05,2023-02-03,837.06,5.103,34172.14,-847.09,-2.54,2023,2,2023-02
3889,31,69,1,45265.0,2023-08-20,9219.51,4.9724,45843.09,-578.09,-1.28,2023,8,2023-08
3898,42,133,8,15142.0,2023-01-27,348.47,5.0767,14152.62,989.38,6.53,2023,1,2023-01
3900,13,35,4,44022.0,2023-12-23,2106.85,4.8619,40973.18,3048.82,6.93,2023,12,2023-12
3917,43,84,9,371274.25,2024-10-02,8456.45,5.4305,413304.77,-42030.52,-11.32,2024,10,2024-10
3942,7,17,13,173378.8,2023-06-07,2833.14,4.9119,180909.3,-7530.5,-4.34,2023,6,2023-06
3959,32,102,14,11065.6,2023-09-02,199.93,4.9318,13804.21,-2738.61,-24.75,2023,9,2023-09
3966,4,97,6,771409.5,2023-11-30,25607.88,4.9355,758326.15,13083.35,1.7,2023,11,2023-11
3972,15,95,10,698080.0,2023-06-03,12945.63,4.9558,641559.53,56520.47,8.1,2023,6,2023-06
3977,36,78,14,1619428.9,2023-12-30,25349.04,4.8413,1718112.3,-98683.4,-6.09,2023,12,2023-12
4012,46,123,5,13885.0,2023-01-19,535.37,5.2144,13958.17,-73.17,-0.53,2023,1,2023-01
4026,42,62,3,291332.7,2024-08-25,20000.78,5.5263,331590.93,-40258.23,-13.82,2024,8,2024-08
4028,25,111,1,4070.75,2024-03-10,821.82,4.9751,4088.64,-17.89,-0.44,2024,3,2024-03
4029,47,15,2,55800.0,2024-01-29,5267.98,4.9225,51863.26,3936.74,7.06,2024,1,2024-01
4043,32,68,7,444866.0,2023-04-18,13467.77,4.9678,468336.31,-23470.31,-5.28,2023,4,2023-04
4054,13,33,2,13432.0,2023-03-22,1268.8,5.2648,13359.96,72.04,0.54,2023,3,2023-03
4055,47,130,15,62161.0,2023-09-20,859.48,4.8487,62510.41,-349.41,-0.56,2023,9,2023-09
4065,21,54,11,1336883.0,2024-03-17,23191.9,4.9937,1273947.3,62935.7,4.71,2024,3,2024-03
4066,42,52,6,82225.0,2024-07-04,2634.69,5.4839,86690.26,-4465.26,-5.43,2024,7,2024-07
4083,45,35,9,94097.5,2024-04-02,2106.85,5.0476,95710.82,-1613.32,-1.71,2024,4,2024-04
4085,45,106,13,57003.0,2024-02-20,918.37,4.9408,58987.27,-1984.27,-3.48,2024,2,2024-02
4104,45,45,1,9904.0,2023-10-14,1881.33,5.0625,9524.23,379.77,3.83,2023,10,2023-10
4147,43,136,3,5624.0,2024-05-16,390.62,5.127,6008.13,-384.13,-6.83,2024,5,2024-05
4150,3,33,1,6716.0,2023-02-01,1268.8,5.0721,6435.48,280.52,4.18,2023,2,2023-02
4155,12,80,5,646119.0,2024-03-08,24177.04,4.9751,601415.96,44703.04,6.92,2024,3,2024-03
4159,31,87,15,952753.1,2023-06-04,11794.37,4.9558,876758.08,75995.02,7.98,2023,6,2023-06
4160,34,139,1,1425.0,2023-06-26,246.89,4.7698,1177.62,247.38,17.36,2023,6,2023-06
4195,24,137,12,40626.0,2024-10-12,673.98,5.6263,45504.16,-4878.16,-12.01,2024,10,2024-10
4206,16,88,3,137758.55,2024-03-08,9896.1,4.9751,147702.26,-9943.71,-7.22,2024,3,2024-03
4258,36,11,10,344203.05,2023-08-10,7246.24,4.8518,351573.07,-7370.02,-2.14,2023,8,2023-08
4286,33,18,7,176706.65,2023-01-02,4834.43,5.3436,180832.82,-4126.17,-2.34,2023,1,2023-01
4299,4,72,7,662769.4,2023-08-26,30675.48,4.8772,1047273.16,-384503.76,-58.01,2023,8,2023-08
4300,16,45,8,75268.5,2023-12-08,1881.33,4.9158,73985.94,1282.56,1.7,2023,12,2023-12
4304,15,138,14,55634.85,2023-07-12,836.88,4.8058,56306.29,-671.44,-1.21,2023,7,2023-07
4352,39,111,6,25711.0,2023-09-11,821.82,4.9366,24341.98,1369.02,5.32,2023,9,2023-09
4359,7,58,2,206766.55,2023-07-12,20157.55,4.8058,193746.31,13020.24,6.3,2023,7,2023-07
4398,40,108,4,13382.0,2024-10-20,688.83,5.6672,15614.95,-2232.95,-16.69,2024,10,2024-10
4412,33,36,3,64413.8,2023-04-19,4221.25,5.0467,63910.15,503.65,0.78,2023,4,2023-04
4456,21,142,9,7066.1,2024-04-12,169.88,5.1364,7853.14,-787.04,-11.14,2024,4,2024-04
4482,1,81,9,1099336.0,2023-02-18,23345.09,5.2012,1092802.34,6533.66,0.59,2023,2,2023-02
4494,26,108,15,50183.0,2023-02-17,653.47,5.2012,50982.42,-799.42,-1.59,2023,2,2023-02
4496,1,117,11,45133.0,2023-06-23,823.4,4.7799,43293.47,1839.53,4.08,2023,6,2023-06
4531,4,118,6,25891.0,2024-09-19,893.4,5.4189,29047.47,-3156.47,-12.19,2024,9,2024-09
4532,43,67,1,81499.55,2023-04-06,16720.73,5.0683,84745.68,-3246.13,-3.98,2023,4,2023-04
4548,23,125,14,47629.0,2023-11-28,646.27,4.8867,44213.79,3415.21,7.17,2023,11,2023-11
4555,38,87,12,762203.05,2023-06-20,11794.37,4.793,678364.98,83838.07,11.0,2023,6,2023-06
4601,36,52,11,150745.0,2023-04-24,2634.69,5.0595,146632.35,4112.65,2.73,2023,4,2023-04
4610,25,46,10,49838.0,2024-07-23,1000.64,5.5807,55842.72,-6004.72,-12.05,2024,7,2024-07
4616,33,96,6,402538.75,2024-05-18,14776.4,5.1157,453549.78,-51011.03,-12.67,2024,5,2024-05
4621,32,49,6,79586.0,2023-02-14,2627.0,5.1507,81185.33,-1599.33,-2.01,2023,2,2023-02
4634,41,120,9,26714.0,2023-10-21,635.45,5.0528,28897.22,-2183.22,-8.17,2023,10,2023-10
4652,15,122,3,3768.65,2023-07-15,270.21,4.7957,3887.54,-118.89,-3.15,2023,7,2023-07
4657,9,25,14,161281.5,2023-10-01,2389.36,5.0076,167509.43,-6227.93,-3.86,2023,10,2023-10
4665,48,69,14,633710.0,2023-04-06,8542.02,5.0683,606109.28,27600.72,4.36,2023,4,2023-04
4668,42,67,10,814995.5,2024-12-26,16720.73,6.1656,1030933.33,-215937.83,-26.5,2024,12,2024-12
4678,18,39,14,414860.0,2023-06-28,5270.87,4.8563,358356.96,56503.04,13.62,2023,6,2023-06
4730,13,35,8,83641.8,2023-01-07,2199.13,5.2855,92988.01,-9346.21,-11.17,2023,1,2023-01
4755,1,145,7,30449.0,2024-01-20,820.56,4.9223,28273.3,2175.7,7.15,2024,1,2024-01
4771,4,10,1,32033.0,2023-10-18,6445.41,5.0568,32593.15,-560.15,-1.75,2023,10,2023-10
4827,34,98,1,79361.0,2024-06-17,15850.04,5.413,85796.27,-6435.27,-8.11,2024,6,2024-06
4832,38,28,10,142586.0,2023-08-11,2723.39,4.8918,133222.79,9363.21,6.57,2023,8,2023-08
4839,10,86,7,621928.9,2023-10-08,17824.79,5.1918,647799.21,-25870.31,-4.16,2023,10,2023-10
4845,29,47,6,36738.0,2024-11-26,1116.66,5.799,38853.07,-2115.07,-5.76,2024,11,2024-11
4853,38,28,7,99810.0,2023-10-06,2723.39,5.1918,98975.07,834.93,0.84,2023,10,2023-10
4883,17,133,15,28391.0,2024-03-10,381.67,4.9751,28482.7,-91.7,-0.32,2024,3,2024-03
4899,33,24,8,185857.0,2023-05-24,4129.65,4.9474,163448.24,22408.76,12.06,2023,5,2023-05
4915,1,4,5,16909.0,2024-12-02,679.13,6.0634,20589.18,-3680.18,-21.76,2024,12,2024-12
4936,16,133,1,1893.0,2024-08-16,381.67,5.4632,2085.14,-192.14,-10.15,2024,8,2024-08
4949,3,94,2,77426.9,2023-12-29,8022.13,4.8413,77675.08,-248.18,-0.32,2023,12,2023-12
5018,32,33,1,6380.2,2024-05-28,1325.97,5.1538,6833.78,-453.58,-7.11,2024,5,2024-05
5021,16,107,13,18690.3,2024-06-05,311.59,5.2841,21404.15,-2713.85,-14.52,2024,6,2024-06
5025,12,65,4,97119.45,2024-07-21,4996.52,5.5543,111008.68,-13889.23,-14.3,2024,7,2024-07
5080,16,124,2,7163.0,2024-04-22,725.63,5.2043,7552.79,-389.79,-5.44,2024,4,2024-04
5082,1,144,6,12620.75,2023-01-09,422.52,5.2967,13427.77,-807.02,-6.39,2023,1,2023-01
5096,43,123,7,18467.05,2023-03-04,535.37,5.2037,19501.33,-1034.28,-5.6,2023,3,2023-03
5142,6,51,2,128318.0,2024-09-26,12243.38,5.4412,133237.36,-4919.36,-3.83,2024,9,2024-09
5144,11,146,7,3472.0,2023-02-21,99.02,5.2012,3605.16,-133.16,-3.84,2023,2,2023-02
5150,11,66,3,37715.0,2024-11-12,2297.7,5.7694,39769.05,-2054.05,-5.45,2024,11,2024-11
5161,12,50,10,112760.0,2023-12-29,2378.45,4.8413,115147.9,-2387.9,-2.12,2023,12,2023-12
5185,47,13,1,7747.0,2023-07-15,1356.5,4.7957,6505.37,1241.63,16.03,2023,7,2023-07
5191,25,112,10,21810.0,2024-01-27,435.58,4.9125,21397.87,412.13,1.89,2024,1,2024-01
5199,17,131,10,9154.2,2023-12-03,196.2,4.9191,9651.27,-497.07,-5.43,2023,12,2023-12
5211,32,72,7,697652.0,2023-09-07,30675.48,4.9762,1068531.27,-370879.27,-53.16,2023,9,2023-09
5228,27,106,11,45822.3,2023-01-21,837.06,5.1986,47866.94,-2044.64,-4.46,2023,1,2023-01
5231,28,72,4,378726.05,2023-07-20,30675.48,4.7888,587594.95,-208868.9,-55.15,2023,7,2023-07
5238,29,97,15,2030026.0,2024-10-27,25607.88,5.6969,2188282.97,-158256.97,-7.8,2024,10,2024-10
5256,19,78,12,1461139.0,2023-01-01,23053.04,5.3436,1478234.69,-17095.69,-1.17,2023,1,2023-01
5263,7,103,10,16997.4,2023-08-23,341.7,4.8977,16735.44,261.96,1.54,2023,8,2023-08
5264,6,131,11,10599.0,2023-08-25,196.2,4.8772,10525.97,73.03,0.69,2023,8,2023-08
5283,39,118,7,28695.7,2024-03-24,893.4,4.9897,31204.59,-2508.89,-8.74,2024,3,2024-03
5285,47,21,2,16595.55,2023-05-10,1674.22,4.9547,16590.52,5.03,0.03,2023,5,2023-05
5327,28,76,12,1778379.0,2024-09-27,26819.81,5.4431,1751794.89,26584.11,1.49,2024,9,2024-09
5365,1,135,5,8223.0,2024-06-08,328.1,5.2802,8662.17,-439.17,-5.34,2024,6,2024-06
5379,35,53,1,53675.0,2024-10-07,9496.3,5.4626,51874.49,1800.51,3.35,2024,10,2024-10
5397,10,132,2,3126.0,2024-12-26,314.46,6.1656,3877.67,-751.67,-24.05,2024,12,2024-12
5431,24,149,13,15127.0,2023-02-17,225.94,5.2012,15277.07,-150.07,-0.99,2023,2,2023-02
5436,21,133,1,1798.35,2023-04-10,348.47,5.0834,1771.41,26.94,1.5,2023,4,2023-04
5450,26,85,5,183249.3,2024-02-11,7885.27,4.9717,196015.98,-12766.68,-6.97,2024,2,2024-02
5457,13,74,3,246692.2,2024-03-23,17160.36,4.9897,256875.14,-10182.94,-4.13,2024,3,2024-03
5461,14,36,4,85885.7,2024-10-10,4476.41,5.5819,99947.49,-14061.79,-16.37,2024,10,2024-10
5472,22,146,3,1413.6,2024-09-30,87.83,5.4481,1435.52,-21.92,-1.55,2024,9,2024-09
5485,2,76,3,422365.25,2024-06-03,28642.87,5.2373,450033.91,-27668.66,-6.55,2024,6,2024-06
5545,4,23,7,74337.5,2024-01-07,2108.74,4.8899,72180.69,2156.81,2.9,2024,1,2024-01
5568,8,147,6,18180.0,2024-04-25,592.19,5.1679,18362.27,-182.27,-1.0,2024,4,2024-04
5592,2,10,1,32033.0,2024-03-16,6547.91,4.9937,32698.3,-665.3,-2.08,2024,3,2024-03
5621,6,31,13,107680.0,2023-06-07,2418.07,4.9119,154405.13,-46725.13,-43.39,2023,6,2023-06
5639,18,85,10,385787.0,2023-09-14,7499.89,4.8751,365627.14,20159.86,5.23,2023,9,2023-09
5660,4,28,4,54182.3,2023-09-28,2723.39,5.0475,54985.24,-802.94,-1.48,2023,9,2023-09
5692,9,47,13,79598.0,2023-03-28,1496.29,5.1733,100629.84,-21031.84,-26.42,2023,3,2023-03
5693,49,69,5,215008.75,2024-10-28,8046.11,5.6988,229265.86,-14257.11,-6.63,2024,10,2024-10
5709,30,135,5,7811.85,2024-08-11,328.1,5.5115,9041.62,-1229.77,-15.74,2024,8,2024-08
5716,43,5,7,157398.85,2024-08-10,4752.24,5.5115,183343.8,-25944.95,-16.48,2024,8,2024-08
5729,34,135,2,3124.55,2023-07-16,328.1,4.7957,3146.94,-22.39,-0.72,2023,7,2023-07
5738,13,148,1,4786.0,2024-08-20,885.1,5.4547,4827.95,-41.95,-0.88,2024,8,2024-08
5746,13,131,1,915.8,2023-01-22,185.47,5.1986,964.18,-48.38,-5.28,2023,1,2023-01
5749,34,40,3,40424.4,2024-08-25,2867.26,5.5263,47536.02,-7111.62,-17.59,2024,8,2024-08
5760,33,84,3,123758.4,2024-07-27,8456.45,5.6465,143248.03,-19489.63,-15.75,2024,7,2024-07
5780,33,148,6,28713.0,2023-05-19,919.03,4.9858,27492.6,1220.4,4.25,2023,5,2023-05
5782,31,109,13,7690.25,2023-02-26,169.23,5.1791,11393.97,-3703.72,-48.16,2023,2,2023-02
5799,4,11,6,217391.0,2024-03-12,7246.24,4.9813,216574.17,816.83,0.38,2024,3,2024-03
5806,27,58,8,870597.0,2024-05-23,20157.55,5.1443,829571.88,41025.12,4.71,2024,5,2024-05
5821,1,107,12,18161.0,2024-10-05,311.59,5.4686,20447.53,-2286.53,-12.59,2024,10,2024-10
5822,9,59,9,745270.25,2024-10-11,15467.88,5.6263,783242.4,-37972.15,-5.1,2024,10,2024-10
5830,18,131,10,9636.0,2023-04-25,185.47,5.0613,9387.19,248.81,2.58,2023,4,2023-04
5832,7,2,15,199473.4,2024-04-28,2829.74,5.1184,217256.12,-17782.72,-8.91,2024,4,2024-04
5858,9,17,2,26674.1,2024-04-22,2833.14,5.2043,29489.02,-2814.92,-10.55,2024,4,2024-04
5861,45,131,14,12815.5,2023-02-21,185.47,5.2012,13505.33,-689.83,-5.38,2023,2,2023-02
5866,23,31,8,62951.75,2024-09-22,1482.91,5.4775,64981.12,-2029.37,-3.22,2024,9,2024-09
5867,4,76,1,148198.0,2024-11-04,26819.81,5.7898,155281.34,-7083.34,-4.78,2024,11,2024-11
5874,19,49,5,63004.95,2023-12-17,2627.0,4.9397,64882.96,-1878.01,-2.98,2023,12,2023-12
5893,15,113,7,30765.0,2024-10-27,777.57,5.6969,31008.17,-243.17,-0.79,2024,10,2024-10
5894,17,91,14,1793983.8,2024-08-29,27671.77,5.6358,2183335.86,-389352.06,-21.7,2024,8,2024-08
5911,35,138,12,47687.15,2024-01-16,836.88,4.9038,49246.71,-1559.56,-3.27,2024,1,2024-01
5935,15,59,11,910886.6,2023-01-17,16694.98,5.1203,940316.37,-29429.77,-3.23,2023,1,2023-01
5949,37,85,5,183249.3,2023-10-25,7499.89,4.9981,187426.0,-4176.7,-2.28,2023,10,2023-10
5958,31,27,5,78429.15,2023-06-20,3051.23,4.793,73122.73,5306.42,6.77,2023,6,2023-06
5963,49,7,7,136631.0,2024-09-19,3678.62,5.4189,139538.52,-2907.52,-2.13,2024,9,2024-09
5966,32,74,13,1125261.0,2023-05-18,17160.36,4.9647,1107548.51,17712.49,1.57,2023,5,2023-05
5970,16,90,13,976851.75,2023-06-30,14083.78,4.8192,882343.18,94508.57,9.67,2023,6,2023-06
5977,27,108,15,47673.85,2024-06-05,688.83,5.2841,54597.7,-6923.85,-14.52,2024,6,2024-06
6026,7,77,13,552102.95,2024-08-12,8959.75,5.4911,639585.48,-87482.53,-15.85,2024,8,2024-08
6042,30,113,13,57134.0,2023-04-03,815.5,5.0637,53682.82,3451.18,6.04,2023,4,2023-04
6052,25,31,11,91114.0,2023-01-13,2418.07,5.1146,136042.07,-44928.07,-49.31,2023,1,2023-01
6059,30,82,7,343366.1,2023-02-24,9770.29,5.1791,354209.16,-10843.06,-3.16,2023,2,2023-02
6068,5,62,4,388443.6,2023-11-25,20000.78,4.8927,391431.27,-2987.67,-0.77,2023,11,2023-11
6072,45,87,11,698686.05,2023-10-05,13597.7,5.1713,773495.65,-74809.6,-10.71,2023,10,2023-10
6074,42,114,9,6834.3,2023-06-21,152.46,4.7795,6558.14,276.16,4.04,2023,6,2023-06
6093,6,64,10,1115056.0,2023-02-01,21352.22,5.0721,1083005.95,32050.05,2.87,2023,2,2023-02
6110,20,125,6,20412.0,2024-01-18,646.27,4.9403,19156.61,1255.39,6.15,2024,1,2024-01
6133,14,101,13,6024.0,2024-12-15,82.96,6.04,6514.02,-490.02,-8.13,2024,12,2024-12
6142,44,13,10,73597.45,2023-11-01,1356.5,5.0194,68088.16,5509.29,7.49,2023,11,2023-11
6153,25,98,11,829323.4,2023-11-10,15850.04,4.9219,858135.43,-28812.03,-3.47,2023,11,2023-11
6195,1,44,9,92398.9,2024-12-17,2159.34,6.1685,119879.0,-27480.1,-29.74,2024,12,2024-12
6212,47,51,14,853314.7,2023-08-01,12243.38,4.7752,818504.23,34810.47,4.08,2023,8,2023-08
6218,41,33,12,80589.0,2024-05-07,1325.97,5.061,80528.81,60.19,0.07,2024,5,2024-05
6268,48,95,12,837696.0,2023-12-06,12945.63,4.9031,761684.62,76011.38,9.07,2023,12,2023-12
6276,43,2,9,119683.85,2024-07-27,2829.74,5.6465,143803.14,-24119.29,-20.15,2024,7,2024-07
6279,35,66,13,155259.45,2023-07-13,2360.29,4.8038,147398.69,7860.76,5.06,2023,7,2023-07
6299,30,111,3,12856.0,2024-10-03,860.37,5.485,14157.39,-1301.39,-10.12,2024,10,2024-10
6303,6,116,8,19573.8,2023-10-10,502.24,5.0862,20435.94,-862.14,-4.4,2023,10,2023-10
6306,13,128,11,51158.0,2024-08-15,853.09,5.4651,51284.44,-126.44,-0.25,2024,8,2024-08
6310,10,112,9,19629.0,2024-10-12,406.44,5.6263,20580.78,-951.78,-4.85,2024,10,2024-10
6330,44,85,7,256548.45,2024-02-06,7885.27,4.9687,274256.79,-17708.34,-6.9,2024,2,2024-02
6332,29,121,3,11083.0,2024-07-05,747.93,5.497,12334.11,-1251.11,-11.29,2024,7,2024-07
6342,27,66,2,25143.0,2023-07-31,2360.29,4.7415,22382.63,2760.37,10.98,2023,7,2023-07
6346,39,127,14,21691.0,2023-04-22,296.24,5.0497,20942.92,748.08,3.45,2023,4,2023-04
6354,19,22,10,374802.55,2024-06-11,7630.67,5.3524,408423.98,-33621.43,-8.97,2024,6,2024-06
6363,17,147,9,27271.0,2024-09-23,592.19,5.5446,29551.11,-2280.11,-8.36,2024,9,2024-09
6438,14,48,4,58945.0,2024-08-14,2940.57,5.4502,64106.78,-5161.78,-8.76,2024,8,2024-08
6450,11,21,8,66382.2,2023-05-29,1674.22,4.9954,66907.19,-524.99,-0.79,2023,5,2023-05
6461,25,52,5,68520.0,2024-03-27,2634.69,4.9856,65677.55,2842.45,4.15,2024,3,2024-03
6467,21,11,6,206521.45,2023-09-13,7246.24,4.9171,213782.92,-7261.47,-3.52,2023,9,2023-09
6483,12,113,5,20876.25,2024-10-23,777.57,5.7149,22218.67,-1342.42,-6.43,2024,10,2024-10
6487,5,81,2,244297.0,2023-12-13,23345.09,4.958,231489.91,12807.09,5.24,2023,12,2023-12
6503,7,145,6,26099.0,2023-01-23,820.56,5.1922,25563.07,535.93,2.05,2023,1,2023-01
6543,38,13,7,54230.0,2024-07-16,1356.5,5.4274,51535.88,2694.12,4.97,2024,7,2024-07
6558,1,15,3,83699.0,2023-12-19,5267.98,4.8663,76906.71,6792.29,8.12,2023,12,2023-12
6582,8,127,13,19134.9,2023-01-26,293.17,5.0951,19418.5,-283.6,-1.48,2023,1,2023-01
6609,29,124,9,32232.55,2024-10-01,665.23,5.4521,32642.1,-409.55,-1.27,2024,10,2024-10
6631,28,47,11,63985.35,2023-07-20,1496.29,4.7888,78819.77,-14834.42,-23.18,2023,7,2023-07
6640,7,104,1,3713.0,2024-05-15,742.54,5.1423,3818.36,-105.36,-2.84,2024,5,2024-05
6663,24,109,3,1868.0,2024-10-21,123.24,5.7068,2109.92,-241.92,-12.95,2024,10,2024-10
6667,30,133,5,8990.8,2023-03-07,348.47,5.1901,9042.97,-52.17,-0.58,2023,3,2023-03
6692,27,99,7,713323.65,2024-08-09,18977.86,5.5115,732175.33,-18851.68,-2.64,2024,8,2024-08
6706,21,34,11,54093.0,2023-01-27,960.12,5.0767,53616.65,476.35,0.88,2023,1,2023-01
6708,13,106,2,8770.0,2024-08-01,918.37,5.6681,10410.83,-1640.83,-18.71,2024,8,2024-08
6712,8,114,8,6074.3,2024-02-09,152.46,4.9717,6063.88,10.42,0.17,2024,2,2024-02
6723,28,131,8,7709.0,2023-03-28,185.47,5.1733,7675.94,33.06,0.43,2023,3,2023-03
6727,47,127,1,1471.55,2024-04-17,296.24,5.2469,1554.34,-82.79,-5.63,2024,4,2024-04
6749,33,146,11,5456.0,2023-03-02,99.02,5.208,5672.66,-216.66,-3.97,2023,3,2023-03
6756,28,134,5,23588.0,2024-10-20,948.15,5.6672,26866.78,-3278.78,-13.9,2024,10,2024-10
6763,32,46,10,47346.1,2024-09-26,1000.64,5.4412,54446.82,-7100.72,-15.0,2024,9,2024-09
6783,36,63,10,1399577.0,2023-04-03,27618.14,5.0637,1398499.76,1077.24,0.08,2023,4,2023-04
6789,20,119,6,19535.0,2023-01-26,625.1,5.0951,19109.68,425.32,2.18,2023,1,2023-01
6817,31,102,1,790.4,2023-12-20,199.93,4.8766,974.98,-184.58,-23.35,2023,12,2023-12
6830,25,39,4,118531.0,2023-04-17,5270.87,4.9421,104196.67,14334.33,12.09,2023,4,2023-04
6835,41,135,7,11512.0,2024-09-03,328.1,5.6224,12912.97,-1400.97,-12.17,2024,9,2024-09
6855,28,57,7,789957.3,2023-10-13,22497.79,5.0625,797265.43,-7308.13,-0.93,2023,10,2023-10
6862,42,133,13,23374.75,2023-11-19,348.47,4.8849,22129.13,1245.62,5.33,2023,11,2023-11
6885,16,124,10,37699.0,2023-10-27,725.63,4.948,35904.17,1794.83,4.76,2023,10,2023-10
6915,2,82,4,196209.2,2023-09-26,9770.29,4.9717,194299.8,1909.4,0.97,2023,9,2023-09
6940,32,149,8,8843.55,2023-07-18,225.94,4.804,8683.33,160.22,1.81,2023,7,2023-07
6956,44,32,7,87517.0,2024-03-07,2562.61,4.9364,88550.48,-1033.48,-1.18,2024,3,2024-03
6958,34,41,7,74200.0,2024-10-18,1944.42,5.6672,77135.92,-2935.92,-3.96,2024,10,2024-10
6980,36,77,11,467163.45,2024-10-20,8959.75,5.6672,558543.65,-91380.2,-19.56,2024,10,2024-10
6998,2,35,14,146373.15,2023-04-07,2106.85,5.0683,149494.07,-3120.92,-2.13,2023,4,2023-04
7001,31,145,4,16529.05,2024-04-25,875.03,5.1679,18088.27,-1559.22,-9.43,2024,4,2024-04
7010,1,57,13,1467063.15,2024-04-26,23810.02,5.1184,1584299.68,-117236.53,-7.99,2024,4,2024-04
7021,8,127,13,20142.0,2023-05-15,296.24,4.9103,18910.15,1231.85,6.12,2023,5,2023-05
7033,26,146,15,7068.0,2023-03-18,99.02,5.2679,7824.41,-756.41,-10.7,2023,3,2023-03
7044,14,79,4,264587.0,2023-02-11,11724.63,5.2526,246339.17,18247.83,6.9,2023,2,2023-02
7061,49,25,5,60632.0,2024-02-07,2478.48,4.9608,61476.22,-844.22,-1.39,2024,2,2024-02
7069,48,110,3,7487.0,2024-04-18,476.03,5.2512,7499.19,-12.19,-0.16,2024,4,2024-04
7102,31,67,1,85789.0,2024-07-26,16720.73,5.6465,94413.6,-8624.6,-10.05,2024,7,2024-07
7124,33,8,15,74762.0,2023-06-06,1006.07,4.9292,74386.8,375.2,0.5,2023,6,2023-06
7137,8,139,4,5415.0,2024-12-21,246.89,6.078,6002.39,-587.39,-10.85,2024,12,2024-12
7139,47,43,14,466788.2,2024-03-29,6219.32,4.9962,435021.53,31766.67,6.81,2024,3,2024-03
7147,33,132,2,2969.7,2024-03-18,314.46,5.0124,3152.4,-182.7,-6.15,2024,3,2024-03
7178,22,123,10,26382.45,2024-04-26,535.37,5.1184,27402.38,-1019.93,-3.87,2024,4,2024-04
7186,38,10,13,416430.0,2023-09-29,6445.41,5.0076,419588.46,-3158.46,-0.76,2023,9,2023-09
7194,20,13,2,14719.3,2023-02-15,1356.5,5.2243,14173.53,545.77,3.71,2023,2,2023-02
7210,43,3,15,128594.85,2024-10-05,1753.77,5.4686,143860.0,-15265.15,-11.87,2024,10,2024-10
7211,10,144,3,6309.9,2024-06-21,444.87,5.4416,7262.41,-952.51,-15.1,2024,6,2024-06
7236,43,28,13,185361.0,2023-06-04,2723.39,4.9558,175455.49,9905.51,5.34,2023,6,2023-06
7244,17,119,9,29302.0,2024-10-14,669.88,5.6045,33789.08,-4487.08,-15.31,2024,10,2024-10
7283,9,84,7,288768.65,2024-02-04,8951.16,4.9471,309975.99,-21207.34,-7.34,2024,2,2024-02
7313,25,112,15,31078.3,2023-08-28,398.23,4.8938,29232.87,1845.43,5.94,2023,8,2023-08
7323,26,85,8,293198.5,2024-12-13,7885.27,6.04,381016.25,-87817.75,-29.95,2024,12,2024-12
7367,16,17,1,14039.0,2023-10-01,2833.14,5.0076,14187.23,-148.23,-1.06,2023,10,2023-10
7375,7,57,1,112851.45,2023-08-25,22497.79,4.8772,109726.22,3125.23,2.77,2023,8,2023-08
7399,47,110,9,21337.0,2024-04-09,476.03,5.008,21455.62,-118.62,-0.56,2024,4,2024-04
7405,47,68,12,802765.0,2024-08-25,13317.89,5.5263,883183.87,-80418.87,-10.02,2024,8,2024-08
7410,43,81,2,232082.15,2023-12-31,23345.09,4.8413,226041.17,6040.98,2.6,2023,12,2023-12
7414,3,71,15,1854980.45,2024-09-16,23100.17,5.5207,1912936.63,-57956.18,-3.12,2024,9,2024-09
7438,7,14,14,476287.25,2023-05-04,6767.66,5.0106,474740.52,1546.73,0.32,2023,5,2023-05
7464,14,100,10,1046002.0,2023-10-26,19807.28,5.0055,991453.4,54548.6,5.21,2023,10,2023-10
7466,44,114,8,6394.0,2024-08-10,152.46,5.5115,6722.27,-328.27,-5.13,2024,8,2024-08
7470,42,1,12,377596.5,2024-08-01,6633.66,5.6681,451202.98,-73606.48,-19.49,2024,8,2024-08
7476,1,41,9,90630.0,2024-01-23,2005.71,4.9715,89742.49,887.51,0.98,2024,1,2024-01
7492,34,112,8,16575.6,2024-05-28,430.01,5.1538,17729.48,-1153.88,-6.96,2024,5,2024-05
7494,27,105,5,1548.0,2023-03-11,59.15,5.1822,1532.64,15.36,0.99,2023,3,2023-03
7500,19,128,14,65110.0,2023-06-11,853.09,4.8922,58428.82,6681.18,10.26,2023,6,2023-06
7501,9,142,2,1570.35,2023-01-07,160.09,5.2855,1692.31,-121.96,-7.77,2023,1,2023-01
7507,33,86,6,561139.0,2024-04-20,17824.79,5.2269,559010.37,2128.63,0.38,2024,4,2024-04
7519,18,27,5,82557.0,2023-03-31,3051.23,5.0804,77507.34,5049.66,6.12,2023,3,2023-03
7540,36,62,6,613332.0,2023-10-10,20000.78,5.0862,610367.8,2964.2,0.48,2023,10,2023-10
7551,49,3,10,90242.0,2023-08-09,1753.77,4.9015,85961.04,4280.96,4.74,2023,8,2023-08
7556,11,9,5,198528.0,2024-07-14,7544.56,5.4529,205698.66,-7170.66,-3.61,2024,7,2024-07
7566,21,51,15,962385.0,2023-11-03,12243.38,4.891,898235.57,64149.43,6.67,2023,11,2023-11
7579,6,22,14,524723.0,2023-12-24,7630.67,4.8619,519393.76,5329.24,1.02,2023,12,2023-12
7589,25,124,13,46558.55,2024-04-11,725.63,5.0765,47887.59,-1329.04,-2.85,2024,4,2024-04
7591,3,114,15,11389.55,2024-12-15,152.46,6.04,13812.88,-2423.33,-21.28,2024,12,2024-12
7623,28,136,12,23682.0,2023-08-09,533.84,4.9015,31399.4,-7717.4,-32.59,2023,8,2023-08
7633,48,122,1,1322.0,2023-03-13,255.46,5.24,1338.61,-16.61,-1.26,2023,3,2023-03
7648,6,81,2,232082.15,2024-08-18,23685.5,5.4632,258797.25,-26715.1,-11.51,2024,8,2024-08
7664,49,95,10,663176.0,2023-11-18,12945.63,4.8849,632381.08,30794.92,4.64,2023,11,2023-11
7670,18,38,3,75413.85,2024-09-27,4851.61,5.4431,79223.4,-3809.55,-5.05,2024,9,2024-09
7711,38,149,15,17454.0,2024-07-06,225.94,5.497,18629.88,-1175.88,-6.74,2024,7,2024-07
7731,47,141,11,52600.0,2024-12-08,972.86,6.0293,64522.31,-11922.31,-22.67,2024,12,2024-12
7748,29,73,8,1088015.05,2023-05-30,27541.35,5.0593,1114719.62,-26704.57,-2.45,2023,5,2023-05
7753,14,23,1,10620.05,2024-10-26,2244.66,5.6969,12787.6,-2167.55,-20.41,2024,10,2024-10
7760,11,8,15,71023.9,2023-10-09,1006.07,5.1666,77969.42,-6945.52,-9.78,2023,10,2023-10
7767,32,59,9,745270.25,2023-12-03,17882.07,4.9191,791673.21,-46402.96,-6.23,2023,12,2023-12
7799,39,110,7,17469.0,2023-04-25,476.03,5.0613,16865.31,603.69,3.46,2023,4,2023-04
7851,43,77,11,491751.0,2024-03-16,8959.75,4.9937,492165.34,-414.34,-0.08,2024,3,2024-03
7853,41,51,15,962385.0,2024-07-03,12243.38,5.5863,1025927.91,-63542.91,-6.6,2024,7,2024-07
7868,29,104,3,11139.0,2024-01-14,742.54,4.8543,10813.54,325.46,2.92,2024,1,2024-01
7874,15,92,8,710833.0,2023-07-17,16745.97,4.8302,647091.07,63741.93,8.97,2023,7,2023-07
7878,19,53,14,713877.5,2023-01-22,10045.86,5.1986,731141.71,-17264.21,-2.42,2023,1,2023-01
7922,19,115,5,3945.35,2024-10-18,167.9,5.6672,4757.61,-812.26,-20.59,2024,10,2024-10
7951,29,19,6,98594.0,2023-01-19,3163.35,5.2144,98969.83,-375.83,-0.38,2023,1,2023-01
7989,21,36,13,293818.0,2023-06-24,4733.87,4.7799,294156.53,-338.53,-0.12,2023,6,2023-06
7999,43,43,8,266736.25,2024-10-04,6219.32,5.4686,272087.79,-5351.54,-2.01,2024,10,2024-10
8000,41,12,12,32714.0,2024-12-31,481.53,6.1923,35781.34,-3067.34,-9.38,2024,12,2024-12
8019,13,56,12,490071.75,2024-08-16,8087.59,5.4632,530209.46,-40137.71,-8.19,2024,8,2024-08
8022,6,27,4,66046.0,2024-12-15,3051.23,6.04,73717.72,-7671.72,-11.62,2024,12,2024-12
8024,26,71,10,1236653.95,2024-03-01,27484.92,4.9596,1363142.09,-126488.14,-10.23,2024,3,2024-03
8032,28,81,12,1465782.0,2024-12-21,23685.5,6.078,1727525.63,-261743.63,-17.86,2024,12,2024-12
8038,11,85,15,578680.0,2024-07-06,7885.27,5.497,650179.94,-71499.94,-12.36,2024,7,2024-07
8039,45,48,9,132627.0,2023-09-01,3020.3,4.9318,134059.64,-1432.64,-1.08,2023,9,2023-09
8047,22,139,8,11399.0,2023-10-12,246.89,5.0496,9973.57,1425.43,12.5,2023,10,2023-10
8056,17,28,7,99810.0,2024-10-02,2776.74,5.4305,105553.61,-5743.61,-5.75,2024,10,2024-10
8058,32,77,9,402342.0,2023-05-15,8959.75,4.9103,395955.54,6386.46,1.59,2023,5,2023-05
8068,11,13,5,38736.0,2023-10-06,1356.5,5.1918,35213.38,3522.62,9.09,2023,10,2023-10
8080,32,105,2,619.0,2023-09-09,62.64,4.9835,624.33,-5.33,-0.86,2023,9,2023-09
8083,49,27,15,247672.0,2024-02-02,3051.23,4.9471,226421.1,21250.9,8.58,2024,2,2024-02
8090,13,80,5,646119.0,2023-11-27,24177.04,4.8951,591745.14,54373.86,8.42,2023,11,2023-11
8092,34,55,8,879898.0,2023-01-02,23326.09,5.3436,997162.36,-117264.36,-13.33,2023,1,2023-01
8098,1,56,5,204196.8,2024-05-26,8087.59,5.1508,208287.79,-4090.99,-2.0,2024,5,2024-05
8125,44,111,6,24425.45,2023-06-27,821.82,4.7903,23620.59,804.86,3.3,2023,6,2023-06
8140,10,46,3,14951.0,2023-11-11,1000.64,4.9219,14775.15,175.85,1.18,2023,11,2023-11
8145,41,27,12,198137.0,2023-04-03,3051.23,5.0637,185406.16,12730.84,6.43,2023,4,2023-04
8146,40,146,1,471.2,2024-03-17,99.02,4.9937,494.48,-23.28,-4.94,2024,3,2024-03
8151,22,28,9,128327.0,2023-07-21,2723.39,4.7732,116993.57,11333.43,8.83,2023,7,2023-07
8168,36,99,11,1179933.0,2024-04-05,21330.89,5.052,1185400.22,-5467.22,-0.46,2024,4,2024-04
8170,37,130,10,41441.0,2024-06-09,826.87,5.2802,43660.39,-2219.39,-5.36,2024,6,2024-06
8188,4,130,2,8288.0,2024-08-03,752.23,5.7366,8630.49,-342.49,-4.13,2024,8,2024-08
8194,40,144,15,33212.0,2024-07-08,444.87,5.472,36514.93,-3302.93,-9.94,2024,7,2024-07
8197,31,35,15,156828.85,2023-11-03,2106.85,4.891,154569.05,2259.8,1.44,2023,11,2023-11
8201,33,140,15,47019.0,2023-08-16,586.81,4.9772,43810.06,3208.94,6.82,2023,8,2023-08
8218,44,100,15,1490553.8,2024-06-27,19807.28,5.5229,1640904.4,-150350.6,-10.09,2024,6,2024-06
8231,6,138,6,23843.1,2023-11-08,836.88,4.8855,24531.46,-688.36,-2.89,2023,11,2023-11
8238,49,125,3,10206.0,2023-10-03,646.27,5.11,9907.32,298.68,2.93,2023,10,2023-10
8253,5,149,10,11636.0,2024-05-21,225.94,5.1037,11531.3,104.7,0.9,2024,5,2024-05
8264,18,22,1,37480.35,2023-08-12,7630.67,4.8918,37327.71,152.64,0.41,2023,8,2023-08
8289,8,99,9,917130.0,2023-07-15,21330.89,4.7957,920668.94,-3538.94,-0.39,2023,7,2023-07
8297,21,110,7,17469.0,2024-01-29,476.03,4.9225,16402.8,1066.2,6.1,2024,1,2024-01
8301,44,98,8,603144.55,2023-04-17,15262.93,4.9421,603447.41,-302.86,-0.05,2023,4,2023-04
8307,3,60,4,435004.0,2023-06-02,19341.09,4.9558,383402.3,51601.7,11.86,2023,6,2023-06
8309,46,72,10,996646.0,2024-07-01,30675.48,5.5893,1714544.6,-717898.6,-72.03,2024,7,2024-07
8316,4,72,7,662769.4,2024-07-06,30675.48,5.497,1180361.79,-517592.39,-78.1,2024,7,2024-07
8326,40,113,11,48345.0,2024-10-08,777.57,5.5197,47211.48,1133.52,2.34,2024,10,2024-10
8343,14,20,8,234334.6,2023-01-04,5689.04,5.4459,247855.54,-13520.94,-5.77,2023,1,2023-01
8401,35,45,1,9408.8,2023-05-18,1881.33,4.9647,9340.24,68.56,0.73,2023,5,2023-05
8408,6,150,10,15634.15,2023-01-29,321.31,5.0767,16311.94,-677.79,-4.34,2023,1,2023-01
8420,26,53,11,590425.0,2024-11-02,9496.3,5.8073,606626.49,-16201.49,-2.74,2024,11,2024-11
8432,32,72,2,189362.55,2023-01-10,30675.48,5.2395,321448.35,-132085.8,-69.75,2023,1,2023-01
8433,46,42,10,56931.6,2023-06-03,1263.57,4.9558,62620.0,-5688.4,-9.99,2023,6,2023-06
8441,22,105,12,3528.3,2024-11-06,57.36,5.7648,3968.03,-439.73,-12.46,2024,11,2024-11
8459,27,85,3,115736.0,2024-11-03,7885.27,5.8073,137376.39,-21640.39,-18.7,2024,11,2024-11
8484,29,17,7,93357.45,2023-09-30,2833.14,5.0076,99310.62,-5953.17,-6.38,2023,9,2023-09
8504,29,118,3,12297.75,2024-10-07,787.87,5.4626,12911.46,-613.71,-4.99,2024,10,2024-10
8520,49,1,15,496838.0,2023-06-10,6360.91,4.8922,466782.66,30055.34,6.05,2023,6,2023-06
8556,3,82,15,735785.45,2024-03-30,9770.29,4.9962,732214.84,3570.61,0.49,2024,3,2024-03
8562,25,135,14,21871.85,2023-05-04,328.1,5.0106,23015.69,-1143.84,-5.23,2023,5,2023-05
8596,41,130,8,31495.35,2023-02-13,749.89,5.1834,31095.84,399.51,1.27,2023,2,2023-02
8622,9,5,6,134913.3,2024-12-28,4327.37,6.1991,160954.8,-26041.5,-19.3,2024,12,2024-12
8642,15,28,15,213878.0,2023-03-17,2723.39,5.2679,215198.19,-1320.19,-0.62,2023,3,2023-03
8667,42,146,9,4240.8,2023-12-09,99.02,4.9158,4380.86,-140.06,-3.3,2023,12,2023-12
8741,32,73,6,816012.0,2024-03-11,27541.35,4.9777,822555.47,-6543.47,-0.8,2024,3,2024-03
8761,35,112,11,22790.5,2023-10-22,435.58,5.0528,24209.88,-1419.38,-6.23,2023,10,2023-10
8762,48,33,13,87305.0,2024-12-31,1325.97,6.1923,106740.45,-19435.45,-22.26,2024,12,2024-12
8769,3,103,3,5099.6,2024-06-10,341.7,5.3666,5501.3,-401.7,-7.88,2024,6,2024-06
8788,46,81,6,696246.45,2024-10-13,23685.5,5.6263,799570.37,-103323.92,-14.84,2024,10,2024-10
8824,48,32,14,166282.3,2024-11-13,2288.99,5.7713,184946.27,-18663.97,-11.22,2024,11,2024-11
8834,39,10,3,96099.0,2024-02-23,6547.91,4.9851,97925.96,-1826.96,-1.9,2024,2,2024-02
8845,21,97,14,1799956.45,2024-06-11,25607.88,5.3524,1918890.64,-118934.19,-6.61,2024,6,2024-06
8934,6,61,6,168112.0,2023-06-27,5396.92,4.7903,155117.2,12994.8,7.73,2023,6,2023-06
8954,48,54,7,808206.8,2024-02-23,23191.9,4.9851,809297.58,-1090.78,-0.13,2024,2,2024-02
8966,31,73,4,572640.0,2023-06-28,27541.35,4.8563,534996.23,37643.77,6.57,2023,6,2023-06
8969,11,9,2,75440.45,2023-07-27,7933.96,4.7202,74899.76,540.69,0.72,2023,7,2023-07
8979,44,108,11,34960.95,2023-07-16,653.47,4.7957,34472.31,488.64,1.4,2023,7,2023-07
8987,34,63,8,1063677.95,2024-02-05,27618.14,5.0053,1105896.61,-42218.66,-3.97,2024,2,2024-02
8995,11,134,8,37741.0,2023-12-08,948.15,4.9158,37287.33,453.67,1.2,2023,12,2023-12
9018,43,110,12,29946.0,2023-08-09,476.03,4.9015,27999.13,1946.87,6.5,2023,8,2023-08
9026,2,9,11,414922.0,2023-10-30,7933.96,5.0074,437013.62,-22091.62,-5.32,2023,10,2023-10
9067,47,126,15,38148.2,2023-09-28,467.05,5.0475,35361.52,2786.68,7.3,2023,9,2023-09
9081,21,116,10,25755.0,2024-09-04,502.24,5.6359,28305.74,-2550.74,-9.9,2024,9,2024-09
9131,38,73,13,1861079.0,2023-12-12,27541.35,4.9476,1771426.58,89652.42,4.82,2023,12,2023-12
9151,49,41,5,53000.0,2023-01-04,1886.32,5.4459,51363.55,1636.45,3.09,2023,1,2023-01
9155,35,8,10,49842.0,2023-06-12,1006.07,4.8832,49128.41,713.59,1.43,2023,6,2023-06
9157,9,80,3,368288.4,2023-02-27,24177.04,5.196,376871.7,-8583.3,-2.33,2023,2,2023-02
9200,19,114,4,3037.15,2023-07-03,152.46,4.7876,2919.67,117.48,3.87,2023,7,2023-07
9254,11,131,14,12815.5,2024-04-03,196.2,5.0724,13932.87,-1117.37,-8.72,2024,4,2024-04
9258,14,97,4,514273.0,2024-01-15,25607.88,4.8765,499507.31,14765.69,2.87,2024,1,2024-01
9296,28,85,6,219898.4,2023-03-24,7499.89,5.2921,238141.01,-18242.61,-8.3,2023,3,2023-03
9334,42,57,7,789957.3,2024-03-03,22497.79,4.9596,781060.27,8897.03,1.13,2024,3,2024-03
9341,1,51,5,320795.0,2024-05-21,12243.38,5.1037,312432.69,8362.31,2.61,2024,5,2024-05
9370,11,20,3,87875.0,2023-05-12,5689.04,4.9234,84028.26,3846.74,4.38,2023,5,2023-05
9423,21,75,15,491526.0,2024-10-23,5924.6,5.7149,507877.45,-16351.45,-3.33,2024,10,2024-10
9432,10,39,14,414860.0,2023-08-24,5270.87,4.8748,359722.12,55137.88,13.29,2023,8,2023-08
9433,46,6,2,23640.0,2024-07-24,2172.43,5.6346,24481.55,-841.55,-3.56,2024,7,2024-07
9447,47,80,11,1350388.9,2023-09-13,24177.04,4.9171,1307690.16,42698.74,3.16,2023,9,2023-09
9449,36,118,5,21576.0,2023-07-07,797.41,4.8799,19456.41,2119.59,9.82,2023,7,2023-07
9455,21,141,5,23909.0,2023-04-21,942.08,5.0497,23786.11,122.89,0.51,2023,4,2023-04
9470,36,44,4,41065.65,2024-08-27,2159.34,5.4969,47478.7,-6413.05,-15.62,2024,8,2024-08
9476,29,38,9,238150.0,2023-08-03,5606.65,4.8797,246228.93,-8078.93,-3.39,2023,8,2023-08
9493,16,102,3,2371.2,2023-08-08,199.93,4.9217,2951.99,-580.79,-24.49,2023,8,2023-08
9499,13,40,2,26949.6,2023-10-04,2970.73,5.1526,30613.97,-3664.37,-13.6,2023,10,2023-10
9511,49,132,13,20319.0,2023-03-13,276.61,5.24,18842.67,1476.33,7.27,2023,3,2023-03
9515,10,29,5,182552.0,2023-06-24,7689.63,4.7799,183778.31,-1226.31,-0.67,2023,6,2023-06
9516,26,143,11,46360.95,2023-07-26,896.83,4.7368,46729.15,-368.2,-0.79,2023,7,2023-07
9526,37,54,15,1731870.9,2023-02-27,23191.9,5.196,1807576.69,-75705.79,-4.37,2023,2,2023-02
9573,23,63,3,398879.35,2023-05-25,27618.14,4.999,414189.25,-15309.9,-3.84,2023,5,2023-05
9587,2,58,5,544123.0,2023-03-06,20157.55,5.197,523793.94,20329.06,3.74,2023,3,2023-03
9618,2,115,14,11046.6,2023-08-30,160.69,4.8653,10945.27,101.33,0.92,2023,8,2023-08
9627,8,132,13,20319.0,2024-11-02,314.46,5.8073,23740.13,-3421.13,-16.84,2024,11,2024-11
9651,15,143,5,21072.9,2024-07-30,896.83,5.6532,25349.8,-4276.9,-20.3,2024,7,2024-07
9701,16,26,13,213446.95,2024-03-30,3412.88,4.9962,221668.6,-8221.65,-3.85,2024,3,2024-03
9708,43,52,1,13018.8,2023-04-25,2634.69,5.0613,13334.96,-316.16,-2.43,2023,4,2023-04
9729,41,66,5,59715.1,2023-05-08,2360.29,4.9696,58648.49,1066.61,1.79,2023,5,2023-05
9733,9,88,7,338355.0,2023-11-14,9954.59,4.8682,339226.55,-871.55,-0.26,2023,11,2023-11
9779,41,130,6,23621.75,2024-02-25,859.48,4.9851,25707.56,-2085.81,-8.83,2024,2,2024-02
9806,32,98,5,376965.7,2024-10-16,15850.04,5.6749,449736.96,-72771.26,-19.3,2024,10,2024-10
9832,43,129,10,31028.9,2024-08-03,661.98,5.7366,37975.14,-6946.24,-22.39,2024,8,2024-08
9841,41,52,3,41112.0,2024-06-02,2634.69,5.2416,41429.97,-317.97,-0.77,2024,6,2024-06
9858,31,74,12,1038703.0,2023-05-20,17160.36,4.9858,1026697.47,12005.53,1.16,2023,5,2023-05
9867,16,46,1,4984.0,2024-11-26,1000.64,5.799,5802.71,-818.71,-16.43,2024,11,2024-11
9901,39,144,9,18930.65,2024-09-21,402.54,5.4775,19844.22,-913.57,-4.83,2024,9,2024-09
9925,36,116,12,29360.7,2023-02-26,502.24,5.1791,31213.81,-1853.11,-6.31,2023,2,2023-02
9952,46,120,15,46867.0,2023-01-14,586.85,5.1146,45022.55,1844.45,3.94,2023,1,2023-01
9956,25,62,9,919998.0,2023-09-15,20000.78,4.8689,876436.18,43561.82,4.73,2023,9,2023-09
9977,46,76,5,703941.45,2024-12-15,26819.81,6.04,809958.26,-106016.81,-15.06,2024,12,2024-12
9987,37,93,6,602862.0,2023-03-31,19409.47,5.0804,591647.23,11214.77,1.86,2023,3,2023-03
9992,49,81,15,1832227.0,2023-12-25,23345.09,4.8619,1702522.4,129704.6,7.08,2023,12,2023-12
